Customer_ID,Customer_Name,Gender,Age,County,Town,Customer_Segment,Registration_Date
CUST00001,Aisha Kiptoo,Female,30,Kiambu,Ruiru,Retail,2022-11-07
CUST00002,David Kiptoo,Male,27,Nakuru,Nakuru,Retail,2023-08-24
CUST00003,Dennis Wafula,Male,31,Nyeri,Nyeri,Retail,2024-10-16
CUST00004,Joy Mbugua,Female,53,Mombasa,Nyali,Retail,2022-06-20
CUST00005,Mercy Mbugua,Female,18,Nairobi,Westlands,Wholesale,2022-05-03
CUST00006,Esther Akinyi,Female,24,Kisumu,Kisumu,Retail,2023-11-10
CUST00007,Joy Kiptoo,Female,59,Kajiado,Kitengela,Wholesale,2026-06-07
CUST00008,Savannah Solutions,Company,,Nairobi,Kasarani,SME,2022-06-29
CUST00009,Caroline Kiptoo,Male,36,Uasin Gishu,Eldoret,Retail,2022-06-08
CUST00010,Hassan Jepkoech,Female,24,Kajiado,Kitengela,Retail,2023-06-02
CUST00011,Aisha Ochieng,Female,51,Kakamega,Kakamega,Retail,2024-06-22
CUST00012,Dennis Muthoni,Male,32,Nairobi,Kasarani,Retail,2024-11-05
CUST00013,Victor Jepkoech,Female,49,Mombasa,Nyali,Retail,2025-07-20
CUST00014,James Otieno,Female,30,Kiambu,Thika,Wholesale,2025-10-14
CUST00015,Twiga Traders,Company,,Kiambu,Kiambu,SME,2023-03-11
CUST00016,Kevin Karanja,Female,26,Nyeri,Nyeri,Retail,2025-04-10
CUST00017,Caroline Njeri,Female,63,Nairobi,Kasarani,Retail,2025-07-26
CUST00018,Joy Hassan,Male,43,Nairobi,Embakasi,Retail,2023-12-24
CUST00019,Victor Ochieng,Female,29,Kiambu,Kiambu,Retail,2024-07-21
CUST00020,Ali Karanja,Female,63,Mombasa,Nyali,Retail,2023-08-20
CUST00021,Savannah Solutions,Company,,Nairobi,Kasarani,Corporate,2022-12-16
CUST00022,Victor Wambua,Male,52,Nairobi,Lang'ata,Retail,2025-03-17
CUST00023,Samuel Mwangi,Female,40,Mombasa,Likoni,Loyal,2024-06-10
CUST00024,Grace Odhiambo,Male,52,Nairobi,Westlands,Loyal,2022-07-17
CUST00025,Ufanisi Traders,Company,,Machakos,Machakos,SME,2022-04-14
CUST00026,James Njuguna,Male,32,Machakos,Machakos,Retail,2022-11-22
CUST00027,Beatrice Wafula,Female,43,Kakamega,Kakamega,Retail,2022-12-06
CUST00028,Ali Jepkoech,Male,56,Kisumu,Kisumu,Retail,2022-11-27
CUST00029,Samuel Barasa,Male,18,Machakos,Machakos,Retail,2022-02-13
CUST00030,Ali Mutua,Female,58,Kiambu,Thika,Loyal,2024-12-07
CUST00031,Beatrice Hassan,Female,37,Machakos,Machakos,Retail,2022-07-31
CUST00032,Ali Jepkoech,Male,32,Uasin Gishu,Eldoret,Retail,2022-05-10
CUST00033,Sharon Otieno,Male,35,Nairobi,Lang'ata,Retail,2026-05-22
CUST00034,Diana Wambua,Male,44,Kisumu,Kisumu,Retail,2025-01-14
CUST00035,James Kiptoo,Male,48,Mombasa,Nyali,Retail,2023-08-12
CUST00036,Hassan Wekesa,Male,20,Machakos,Machakos,Retail,2022-04-06
CUST00037,Sharon Atieno,Female,60,Meru,Meru,Retail,2022-08-29
CUST00038,Dennis Wekesa,Female,64,Nairobi,Lang'ata,Retail,2026-03-21
CUST00039,Mercy Wekesa,Female,48,Mombasa,Nyali,Loyal,2025-02-05
CUST00040,Aisha Atieno,Male,19,Nairobi,Lang'ata,Loyal,2022-08-06
CUST00041,Ufanisi Enterprises,Company,,Nairobi,Westlands,SME,2026-07-08
CUST00042,Esther Hassan,Female,66,Nakuru,Nakuru,Retail,2023-09-07
CUST00043,Peter Wafula,Male,64,Uasin Gishu,Eldoret,Retail,2022-07-23
CUST00044,Ann Mutua,Male,56,Nairobi,Westlands,Loyal,2023-12-29
CUST00045,Beatrice Odhiambo,Female,30,Nairobi,Lang'ata,Retail,2024-02-03
CUST00046,Caroline Kiptoo,Female,55,Mombasa,Nyali,Retail,2025-06-12
CUST00047,Martin Ochieng,Male,62,Kiambu,Ruiru,Retail,2023-12-07
CUST00048,David Njuguna,Male,36,Nakuru,Nakuru,Loyal,2024-09-03
CUST00049,Mary Wambua,Female,47,Meru,Meru,Retail,2024-09-07
CUST00050,Kevin Kiptoo,Male,30,Machakos,Machakos,Retail,2025-06-25
CUST00051,Lucy Otieno,Female,52,Meru,Meru,Loyal,2023-10-12
CUST00052,Jane Muthoni,Male,37,Nyeri,Nyeri,Retail,2023-12-16
CUST00053,Brian Wafula,Male,28,Kakamega,Kakamega,Retail,2025-07-27
CUST00054,Joy Mwangi,Female,45,Nairobi,Kasarani,Retail,2022-10-09
CUST00055,Joseph Kiptoo,Male,43,Kiambu,Kiambu,Retail,2022-06-06
CUST00056,Brian Kamau,Female,41,Kiambu,Ruiru,Retail,2025-09-08
CUST00057,Ali Kariuki,Male,38,Kiambu,Kiambu,Loyal,2024-07-23
CUST00058,Jane Chebet,Female,45,Kisumu,Kisumu,Retail,2023-03-17
CUST00059,Mwangaza Enterprises,Company,,Mombasa,Likoni,Corporate,2022-07-13
CUST00060,Cynthia Jepkoech,Female,59,Meru,Meru,Retail,2024-12-04
CUST00061,Diana Kamau,Male,32,Nairobi,Westlands,Retail,2025-04-01
CUST00062,Kevin Otieno,Male,24,Kiambu,Kiambu,Retail,2023-02-22
CUST00063,James Karanja,Female,40,Mombasa,Likoni,Retail,2022-11-19
CUST00064,Peter Karanja,Male,48,Mombasa,Nyali,Retail,2025-11-01
CUST00065,Irene Wambua,Female,22,Nairobi,Lang'ata,Loyal,2023-04-16
CUST00066,Irene Wanjiku,Female,56,Nyeri,Nyeri,Retail,2024-09-25
CUST00067,Hassan Kariuki,Male,47,Kiambu,Ruiru,Retail,2025-05-01
CUST00068,Jambo Enterprises,Company,,Kisumu,Kisumu,Corporate,2022-01-26
CUST00069,Mary Barasa,Female,40,Kiambu,Kiambu,Retail,2026-05-20
CUST00070,Kevin Kiprotich,Female,44,Machakos,Machakos,Retail,2026-06-13
CUST00071,Jane Njuguna,Female,26,Nairobi,Kasarani,Retail,2023-05-17
CUST00072,Esther Kiptoo,Male,37,Kiambu,Ruiru,Retail,2024-12-09
CUST00073,Dennis Hassan,Male,57,Machakos,Machakos,Retail,2026-02-03
CUST00074,Hassan Wanjiku,Female,33,Nairobi,Kasarani,Retail,2022-07-29
CUST00075,Jane Otieno,Male,54,Nairobi,Lang'ata,Retail,2023-08-07
CUST00076,Ann Wanjiku,Female,23,Kiambu,Ruiru,Retail,2025-12-12
CUST00077,Beatrice Wanjiku,Female,59,Kajiado,Kitengela,Retail,2024-01-30
CUST00078,Joseph Wafula,Female,23,Kajiado,Kitengela,Retail,2024-04-30
CUST00079,David Mutua,Female,35,Uasin Gishu,Eldoret,Retail,2025-01-06
CUST00080,Joseph Wafula,Male,33,Uasin Gishu,Eldoret,Loyal,2022-02-13
CUST00081,Caroline Wekesa,Female,25,Nakuru,Nakuru,Retail,2023-01-25
CUST00082,John Otieno,Female,28,Mombasa,Likoni,Retail,2025-06-18
CUST00083,Esther Mutua,Male,45,Kajiado,Kitengela,Retail,2024-06-12
CUST00084,Hassan Kariuki,Male,53,Nairobi,Kasarani,Loyal,2026-07-13
CUST00085,Diana Wafula,Female,24,Nyeri,Nyeri,Retail,2026-04-22
CUST00086,Aisha Odhiambo,Female,55,Kiambu,Thika,Retail,2025-09-18
CUST00087,Kevin Muthoni,Female,59,Kajiado,Kitengela,Loyal,2023-08-17
CUST00088,Mercy Ochieng,Male,45,Kajiado,Kitengela,Retail,2023-07-08
CUST00089,Faith Akinyi,Female,60,Nairobi,Kasarani,Retail,2025-01-03
CUST00090,Ann Karanja,Female,32,Nairobi,Embakasi,Retail,2024-01-06
CUST00091,Caroline Barasa,Male,43,Mombasa,Likoni,Retail,2023-03-13
CUST00092,James Ochieng,Male,20,Nairobi,Kasarani,Retail,2023-07-17
CUST00093,Grace Mutua,Female,32,Nakuru,Nakuru,Retail,2024-05-15
CUST00094,Esther Maina,Female,67,Nairobi,Embakasi,Retail,2022-03-12
CUST00095,Jane Kariuki,Female,56,Mombasa,Nyali,Retail,2025-06-21
CUST00096,David Mwangi,Female,58,Mombasa,Nyali,Loyal,2023-01-01
CUST00097,Jane Hassan,Male,46,Kajiado,Kitengela,Retail,2022-01-31
CUST00098,George Akinyi,Male,45,Nakuru,Nakuru,Wholesale,2023-11-06
CUST00099,Kevin Barasa,Female,32,Nyeri,Nyeri,Retail,2025-05-13
CUST00100,Esther Wekesa,Male,48,Nyeri,Nyeri,Retail,2026-06-22
CUST00101,Joseph Njuguna,Female,33,Nairobi,Kasarani,Retail,2022-07-02
CUST00102,Mary Muthoni,Female,60,Nakuru,Nakuru,Retail,2022-09-13
CUST00103,Beatrice Mutua,Female,18,Uasin Gishu,Eldoret,Retail,2024-01-26
CUST00104,Peter Ochieng,Male,67,Kiambu,Thika,Retail,2022-02-03
CUST00105,Irene Maina,Male,31,Nairobi,Lang'ata,Retail,2022-07-21
CUST00106,David Otieno,Male,51,Nyeri,Nyeri,Retail,2022-11-28
CUST00107,Martin Mutua,Female,52,Nairobi,Westlands,Loyal,2025-04-04
CUST00108,Brian Ochieng,Female,54,Nairobi,Kasarani,Loyal,2025-07-22
CUST00109,Joy Kariuki,Male,33,Nairobi,Embakasi,Wholesale,2024-11-12
CUST00110,Hassan Odhiambo,Female,58,Machakos,Machakos,Retail,2024-03-05
CUST00111,Fatma Wekesa,Female,64,Nairobi,Lang'ata,Wholesale,2024-06-13
CUST00112,Esther Maina,Male,60,Mombasa,Likoni,Retail,2024-06-12
CUST00113,Aisha Wambua,Female,42,Meru,Meru,Retail,2022-10-07
CUST00114,George Mutua,Female,65,Kiambu,Kiambu,Retail,2023-11-22
CUST00115,Mary Chebet,Female,32,Kiambu,Thika,Retail,2024-07-04
CUST00116,Aisha Ochieng,Male,34,Machakos,Machakos,Retail,2022-02-25
CUST00117,Ali Wekesa,Female,41,Nairobi,Kasarani,Retail,2025-12-02
CUST00118,Dennis Kiptoo,Male,40,Meru,Meru,Retail,2023-03-10
CUST00119,Peter Wekesa,Male,42,Kisumu,Kisumu,Retail,2025-07-27
CUST00120,Ann Karanja,Female,27,Kisumu,Kisumu,Retail,2024-06-24
CUST00121,Aisha Hassan,Male,43,Nairobi,Kasarani,Retail,2025-12-13
CUST00122,Ali Wambua,Female,22,Meru,Meru,Loyal,2023-09-13
CUST00123,Dennis Mutua,Male,51,Kajiado,Kitengela,Loyal,2023-03-20
CUST00124,Mary Wambua,Female,55,Kajiado,Kitengela,Retail,2025-12-17
CUST00125,Hassan Ochieng,Female,54,Kiambu,Thika,Retail,2025-06-03
CUST00126,Cynthia Atieno,Female,50,Nairobi,Westlands,Loyal,2024-12-07
CUST00127,Diana Kiptoo,Male,62,Nyeri,Nyeri,Retail,2025-01-11
CUST00128,Beatrice Jepkoech,Female,20,Machakos,Machakos,Retail,2026-04-01
CUST00129,John Karanja,Male,34,Kisumu,Kisumu,Wholesale,2026-03-13
CUST00130,Jane Muthoni,Male,35,Uasin Gishu,Eldoret,Loyal,2025-06-08
CUST00131,Mary Otieno,Male,19,Nairobi,Westlands,Retail,2026-03-22
CUST00132,Faith Mbugua,Male,55,Kajiado,Kitengela,Loyal,2022-08-23
CUST00133,Jambo Enterprises,Company,,Meru,Meru,Corporate,2025-01-06
CUST00134,Grace Mwangi,Male,20,Nairobi,Kasarani,Retail,2026-06-06
CUST00135,Joseph Barasa,Female,18,Nairobi,Westlands,Retail,2023-07-27
CUST00136,Caroline Ochieng,Male,37,Kiambu,Kiambu,Retail,2024-08-01
CUST00137,Fatma Maina,Male,58,Nairobi,Westlands,Retail,2023-06-21
CUST00138,Cynthia Njeri,Female,37,Kajiado,Kitengela,Retail,2025-05-31
CUST00139,Cynthia Wekesa,Male,46,Nairobi,Embakasi,Retail,2024-08-05
CUST00140,Ann Wambua,Female,25,Kajiado,Kitengela,Loyal,2025-03-28
CUST00141,Caroline Ochieng,Female,64,Kakamega,Kakamega,Retail,2023-10-06
CUST00142,Beatrice Mwangi,Female,20,Mombasa,Likoni,Loyal,2023-11-15
CUST00143,Joy Wekesa,Male,19,Kiambu,Thika,Retail,2026-05-22
CUST00144,Jane Ochieng,Female,23,Kiambu,Kiambu,Retail,2023-09-11
CUST00145,David Njuguna,Female,62,Nairobi,Embakasi,Retail,2025-09-28
CUST00146,Dennis Karanja,Female,62,Kiambu,Kiambu,Loyal,2023-11-07
CUST00147,David Kiptoo,Male,18,Nakuru,Nakuru,Loyal,2023-08-18
CUST00148,Ann Mbugua,Male,62,Meru,Meru,Retail,2026-06-19
CUST00149,Sharon Karanja,Male,53,Uasin Gishu,Eldoret,Retail,2023-12-12
CUST00150,John Wafula,Female,47,Nakuru,Nakuru,Loyal,2024-09-11
CUST00151,Caroline Akinyi,Female,24,Machakos,Machakos,Loyal,2022-03-30
CUST00152,Sharon Barasa,Male,48,Kiambu,Ruiru,Retail,2023-12-09
CUST00153,Ali Musyoka,Female,37,Machakos,Machakos,Retail,2024-05-06
CUST00154,Faith Otieno,Male,26,Kisumu,Kisumu,Loyal,2024-11-17
CUST00155,Lucy Kiptoo,Male,43,Nakuru,Nakuru,Wholesale,2025-06-22
CUST00156,Imara Solutions,Company,,Nairobi,Kasarani,Corporate,2026-01-19
CUST00157,Mercy Kiptoo,Male,58,Mombasa,Nyali,Loyal,2026-05-28
CUST00158,Ali Musyoka,Male,65,Machakos,Machakos,Retail,2024-03-13
CUST00159,David Barasa,Female,19,Nyeri,Nyeri,Retail,2025-02-02
CUST00160,Hassan Muthoni,Female,58,Nairobi,Kasarani,Retail,2026-03-29
CUST00161,Mwangaza Stores,Company,,Mombasa,Nyali,Corporate,2024-02-12
CUST00162,Peter Karanja,Female,63,Mombasa,Likoni,Retail,2023-03-27
CUST00163,Ann Hassan,Male,67,Kisumu,Kisumu,Loyal,2024-01-24
CUST00164,John Kariuki,Female,22,Kiambu,Thika,Retail,2026-02-13
CUST00165,John Wafula,Female,58,Nyeri,Nyeri,Retail,2023-10-31
CUST00166,Irene Njeri,Female,51,Nakuru,Nakuru,Retail,2026-01-10
CUST00167,Mercy Kamau,Female,54,Uasin Gishu,Eldoret,Wholesale,2025-06-06
CUST00168,Aisha Wafula,Female,64,Mombasa,Likoni,Retail,2024-09-10
CUST00169,David Maina,Male,19,Mombasa,Likoni,Retail,2024-09-29
CUST00170,Ali Kiptoo,Female,62,Kiambu,Thika,Retail,2025-07-26
CUST00171,Lucy Kiptoo,Male,58,Meru,Meru,Retail,2022-11-21
CUST00172,Jambo Traders,Company,,Meru,Meru,SME,2023-02-22
CUST00173,Sharon Kiprotich,Male,52,Mombasa,Likoni,Loyal,2022-09-04
CUST00174,Diana Kiprotich,Male,39,Mombasa,Nyali,Retail,2023-07-11
CUST00175,David Kiptoo,Female,30,Meru,Meru,Retail,2025-08-01
CUST00176,Martin Akinyi,Male,68,Nairobi,Embakasi,Loyal,2022-12-27
CUST00177,Mary Musyoka,Male,56,Nairobi,Embakasi,Retail,2023-07-13
CUST00178,Victor Kiprotich,Female,29,Nairobi,Embakasi,Retail,2022-03-27
CUST00179,Caroline Wekesa,Female,50,Kajiado,Kitengela,Retail,2025-11-23
CUST00180,Victor Njuguna,Female,43,Nairobi,Embakasi,Wholesale,2022-12-19
CUST00181,Fatma Njeri,Female,25,Kakamega,Kakamega,Loyal,2024-03-30
CUST00182,Twiga Enterprises,Company,,Machakos,Machakos,SME,2022-03-02
CUST00183,Esther Wanjiku,Female,59,Kiambu,Kiambu,Wholesale,2023-02-19
CUST00184,Twiga Supplies,Company,,Nairobi,Lang'ata,SME,2023-10-17
CUST00185,Victor Kamau,Female,43,Nairobi,Kasarani,Retail,2023-08-02
CUST00186,Samuel Kariuki,Female,27,Nairobi,Lang'ata,Retail,2024-06-05
CUST00187,Diana Odhiambo,Male,38,Nakuru,Nakuru,Retail,2024-07-27
CUST00188,Fatma Musyoka,Female,30,Mombasa,Nyali,Loyal,2023-11-30
CUST00189,Cynthia Odhiambo,Male,45,Nakuru,Nakuru,Retail,2025-12-24
CUST00190,Kevin Muthoni,Female,53,Nairobi,Lang'ata,Retail,2026-05-02
CUST00191,George Jepkoech,Male,55,Nyeri,Nyeri,Retail,2023-05-14
CUST00192,Martin Hassan,Female,23,Nairobi,Lang'ata,Retail,2025-02-12
CUST00193,George Jepkoech,Female,47,Mombasa,Nyali,Retail,2026-07-20
CUST00194,Mwangaza Supplies,Company,,Nairobi,Westlands,SME,2025-02-04
CUST00195,Sharon Barasa,Female,23,Kajiado,Kitengela,Retail,2022-09-12
CUST00196,Esther Kariuki,Male,55,Nairobi,Kasarani,Retail,2025-11-28
CUST00197,Hassan Muthoni,Female,44,Kiambu,Kiambu,Retail,2022-08-10
CUST00198,Caroline Mbugua,Female,30,Nairobi,Lang'ata,Retail,2024-04-15
CUST00199,Aisha Wafula,Female,40,Machakos,Machakos,Retail,2022-03-02
CUST00200,Brian Kamau,Female,63,Mombasa,Likoni,Retail,2025-12-18
CUST00201,Kevin Mwangi,Female,30,Mombasa,Nyali,Retail,2023-02-27
CUST00202,David Odhiambo,Male,18,Mombasa,Nyali,Loyal,2022-08-24
CUST00203,Peter Hassan,Male,52,Nairobi,Westlands,Wholesale,2022-04-27
CUST00204,Irene Kamau,Male,45,Uasin Gishu,Eldoret,Retail,2022-06-13
CUST00205,James Maina,Female,43,Kisumu,Kisumu,Wholesale,2025-05-26
CUST00206,Caroline Kiptoo,Male,45,Mombasa,Likoni,Retail,2025-12-15
CUST00207,Aisha Wanjiku,Female,41,Nairobi,Lang'ata,Retail,2023-12-27
CUST00208,Ufanisi Ltd,Company,,Kisumu,Kisumu,SME,2022-02-18
CUST00209,Victor Atieno,Female,31,Nairobi,Lang'ata,Retail,2023-12-03
CUST00210,Mary Karanja,Male,47,Uasin Gishu,Eldoret,Retail,2024-07-26
CUST00211,Faith Jepkoech,Male,45,Mombasa,Nyali,Retail,2022-09-10
CUST00212,Samuel Maina,Female,29,Mombasa,Likoni,Wholesale,2024-09-18
CUST00213,Joseph Kariuki,Female,46,Kiambu,Thika,Retail,2022-01-06
CUST00214,Beatrice Jepkoech,Male,18,Kakamega,Kakamega,Retail,2025-04-26
CUST00215,Ali Njeri,Female,44,Uasin Gishu,Eldoret,Retail,2023-11-20
CUST00216,Grace Kamau,Female,42,Kajiado,Kitengela,Loyal,2025-06-23
CUST00217,George Kiptoo,Female,40,Kiambu,Thika,Retail,2026-01-19
CUST00218,James Wekesa,Female,55,Mombasa,Likoni,Retail,2022-12-20
CUST00219,Irene Odhiambo,Male,19,Kiambu,Ruiru,Retail,2023-09-14
CUST00220,Jane Mwangi,Female,24,Nairobi,Embakasi,Retail,2023-05-07
CUST00221,Mercy Wanjiku,Male,43,Nairobi,Westlands,Loyal,2025-10-08
CUST00222,Dennis Kiprotich,Male,25,Nairobi,Kasarani,Retail,2022-03-25
CUST00223,Irene Hassan,Male,68,Kiambu,Kiambu,Retail,2022-07-11
CUST00224,Beatrice Odhiambo,Female,43,Mombasa,Likoni,Wholesale,2024-08-10
CUST00225,Victor Kiprotich,Male,66,Nairobi,Westlands,Loyal,2026-07-02
CUST00226,Joy Kiptoo,Male,23,Nakuru,Nakuru,Retail,2022-01-07
CUST00227,Mercy Muthoni,Female,57,Kiambu,Thika,Retail,2023-10-01
CUST00228,Samuel Ochieng,Male,20,Mombasa,Likoni,Retail,2026-04-19
CUST00229,Peter Jepkoech,Male,62,Meru,Meru,Retail,2022-07-09
CUST00230,Cynthia Atieno,Female,40,Uasin Gishu,Eldoret,Retail,2022-10-17
CUST00231,Fatma Otieno,Male,26,Meru,Meru,Wholesale,2023-02-19
CUST00232,Cynthia Chebet,Female,34,Nakuru,Nakuru,Retail,2023-12-13
CUST00233,Hassan Ochieng,Female,46,Kiambu,Thika,Retail,2023-06-09
CUST00234,Joy Wanjiku,Male,64,Mombasa,Likoni,Retail,2025-12-07
CUST00235,James Wafula,Male,45,Nairobi,Lang'ata,Retail,2023-12-06
CUST00236,Fatma Hassan,Female,23,Mombasa,Nyali,Retail,2025-04-10
CUST00237,Jambo Ltd,Company,,Nairobi,Embakasi,SME,2025-07-19
CUST00238,Faith Njuguna,Female,52,Nairobi,Westlands,Retail,2025-10-23
CUST00239,Ali Kariuki,Female,28,Kiambu,Kiambu,Loyal,2023-10-31
CUST00240,Jane Njeri,Female,50,Meru,Meru,Loyal,2025-09-19
CUST00241,Rafiki Ltd,Company,,Kiambu,Ruiru,SME,2024-01-26
CUST00242,Ann Wafula,Female,52,Kiambu,Kiambu,Retail,2023-01-18
CUST00243,Brian Barasa,Female,18,Nyeri,Nyeri,Loyal,2022-11-01
CUST00244,David Kiprotich,Female,44,Meru,Meru,Retail,2022-01-15
CUST00245,Grace Hassan,Male,47,Nakuru,Nakuru,Retail,2022-10-08
CUST00246,Joy Wambua,Male,21,Nairobi,Lang'ata,Retail,2025-12-01
CUST00247,Esther Njuguna,Female,19,Mombasa,Likoni,Loyal,2024-02-09
CUST00248,Lucy Njeri,Female,46,Nairobi,Lang'ata,Loyal,2026-07-26
CUST00249,Kevin Wafula,Female,19,Nairobi,Westlands,Retail,2024-03-24
CUST00250,Joseph Musyoka,Male,59,Mombasa,Nyali,Retail,2026-01-06
CUST00251,John Mwangi,Female,38,Kiambu,Kiambu,Loyal,2024-07-19
CUST00252,Brian Kiptoo,Male,66,Meru,Meru,Retail,2025-01-27
CUST00253,Peter Wambua,Female,38,Uasin Gishu,Eldoret,Retail,2023-11-20
CUST00254,Irene Atieno,Female,21,Mombasa,Likoni,Wholesale,2025-10-13
CUST00255,Samuel Atieno,Female,19,Mombasa,Likoni,Retail,2025-01-19
CUST00256,Cynthia Wanjiku,Female,25,Uasin Gishu,Eldoret,Loyal,2022-09-08
CUST00257,Ali Mwangi,Male,55,Mombasa,Likoni,Retail,2025-07-20
CUST00258,Irene Karanja,Female,23,Kisumu,Kisumu,Retail,2024-12-21
CUST00259,Joseph Mbugua,Female,32,Nakuru,Nakuru,Retail,2026-06-06
CUST00260,Esther Wanjiku,Male,64,Kiambu,Kiambu,Retail,2023-12-28
CUST00261,Peter Akinyi,Male,56,Nakuru,Nakuru,Retail,2025-05-09
CUST00262,James Mbugua,Female,18,Nakuru,Nakuru,Wholesale,2022-10-05
CUST00263,Joseph Odhiambo,Female,27,Mombasa,Nyali,Retail,2024-07-08
CUST00264,Victor Karanja,Female,48,Kisumu,Kisumu,Loyal,2022-03-19
CUST00265,Mary Kariuki,Female,25,Mombasa,Likoni,Loyal,2025-01-27
CUST00266,Diana Wanjiku,Female,53,Nyeri,Nyeri,Retail,2023-05-23
CUST00267,Aisha Wafula,Male,64,Nairobi,Embakasi,Retail,2022-04-14
CUST00268,Irene Njuguna,Female,37,Kakamega,Kakamega,Loyal,2024-01-08
CUST00269,Lucy Mbugua,Male,35,Machakos,Machakos,Retail,2024-04-26
CUST00270,George Chebet,Female,35,Nairobi,Kasarani,Loyal,2024-07-21
CUST00271,Ali Njeri,Female,40,Kisumu,Kisumu,Retail,2025-06-08
CUST00272,Lucy Kiptoo,Female,67,Nyeri,Nyeri,Retail,2022-09-18
CUST00273,Joseph Njuguna,Male,25,Nairobi,Kasarani,Retail,2025-01-08
CUST00274,Aisha Njuguna,Male,37,Kiambu,Thika,Retail,2024-04-30
CUST00275,Joy Barasa,Male,58,Nyeri,Nyeri,Retail,2024-07-09
CUST00276,Ali Njuguna,Male,51,Kiambu,Kiambu,Retail,2026-02-09
CUST00277,Aisha Maina,Male,39,Kiambu,Thika,Retail,2023-11-03
CUST00278,Faith Kiptoo,Male,56,Kisumu,Kisumu,Retail,2023-09-21
CUST00279,Fatma Ochieng,Male,59,Nairobi,Embakasi,Loyal,2025-09-28
CUST00280,Ann Wekesa,Female,45,Mombasa,Nyali,Retail,2025-02-05
CUST00281,Rafiki Enterprises,Company,,Mombasa,Likoni,Corporate,2026-03-24
CUST00282,Kevin Wambua,Male,61,Machakos,Machakos,Retail,2022-04-12
CUST00283,Ali Wekesa,Male,43,Mombasa,Likoni,Retail,2024-10-19
CUST00284,Peter Otieno,Female,29,Mombasa,Nyali,Loyal,2022-11-21
CUST00285,Kevin Wambua,Female,61,Meru,Meru,Retail,2024-03-18
CUST00286,James Chebet,Male,45,Mombasa,Nyali,Retail,2024-09-03
CUST00287,Joseph Kamau,Female,19,Uasin Gishu,Eldoret,Retail,2023-12-12
CUST00288,John Wambua,Male,31,Mombasa,Likoni,Loyal,2022-06-15
CUST00289,Mary Atieno,Male,22,Nairobi,Lang'ata,Retail,2025-10-14
CUST00290,Jane Wafula,Male,33,Kajiado,Kitengela,Retail,2026-01-21
CUST00291,Beatrice Karanja,Female,64,Nairobi,Kasarani,Retail,2026-04-04
CUST00292,Faith Muthoni,Male,62,Kisumu,Kisumu,Retail,2022-04-13
CUST00293,Dennis Njeri,Female,52,Nakuru,Nakuru,Retail,2022-06-11
CUST00294,Ali Mwangi,Male,40,Nakuru,Nakuru,Retail,2026-07-15
CUST00295,Victor Otieno,Female,37,Nairobi,Kasarani,Wholesale,2025-07-13
CUST00296,George Kiprotich,Male,19,Nyeri,Nyeri,Retail,2026-06-15
CUST00297,Mercy Wambua,Female,44,Nairobi,Westlands,Retail,2024-03-31
CUST00298,Joseph Ochieng,Male,26,Nyeri,Nyeri,Retail,2025-07-22
CUST00299,Mary Jepkoech,Male,58,Kiambu,Thika,Wholesale,2022-08-22
CUST00300,Fatma Barasa,Female,47,Mombasa,Nyali,Retail,2022-01-30
CUST00301,Ann Mbugua,Male,59,Mombasa,Nyali,Retail,2024-05-15
CUST00302,Kevin Kamau,Female,53,Kajiado,Kitengela,Retail,2026-03-02
CUST00303,Mercy Musyoka,Female,37,Nakuru,Nakuru,Retail,2025-10-15
CUST00304,Esther Musyoka,Male,23,Mombasa,Nyali,Retail,2024-12-20
CUST00305,Martin Wekesa,Female,38,Mombasa,Likoni,Retail,2023-05-16
CUST00306,Ufanisi Ltd,Company,,Kiambu,Kiambu,Corporate,2022-01-24
CUST00307,Jane Barasa,Female,43,Meru,Meru,Retail,2022-06-21
CUST00308,Beatrice Muthoni,Female,38,Kakamega,Kakamega,Retail,2022-03-02
CUST00309,Faith Wambua,Female,32,Meru,Meru,Retail,2024-07-17
CUST00310,John Musyoka,Male,21,Machakos,Machakos,Retail,2024-09-09
CUST00311,Lucy Otieno,Female,59,Machakos,Machakos,Retail,2024-08-02
CUST00312,Irene Kariuki,Female,20,Kiambu,Ruiru,Loyal,2026-03-24
CUST00313,Beatrice Kiptoo,Male,42,Kakamega,Kakamega,Retail,2025-09-22
CUST00314,Grace Njuguna,Male,46,Mombasa,Nyali,Retail,2025-01-02
CUST00315,Samuel Hassan,Female,27,Kiambu,Kiambu,Retail,2024-06-03
CUST00316,Dennis Muthoni,Male,49,Nairobi,Lang'ata,Retail,2022-01-14
CUST00317,Mary Musyoka,Male,47,Meru,Meru,Retail,2026-07-19
CUST00318,Caroline Wanjiku,Female,52,Kiambu,Kiambu,Loyal,2023-03-26
CUST00319,Jambo Solutions,Company,,Nairobi,Kasarani,SME,2024-12-11
CUST00320,Savannah Enterprises,Company,,Kiambu,Thika,SME,2023-07-25
CUST00321,Fatma Njeri,Female,48,Kiambu,Thika,Retail,2024-06-19
CUST00322,Jambo Stores,Company,,Machakos,Machakos,SME,2024-07-16
CUST00323,Lucy Njeri,Female,44,Kajiado,Kitengela,Retail,2025-05-06
CUST00324,Irene Mutua,Female,63,Nakuru,Nakuru,Wholesale,2025-11-13
CUST00325,Diana Wambua,Male,50,Uasin Gishu,Eldoret,Retail,2025-12-06
CUST00326,Beatrice Mbugua,Male,47,Machakos,Machakos,Loyal,2025-11-27
CUST00327,Mercy Akinyi,Female,41,Kakamega,Kakamega,Retail,2022-04-13
CUST00328,Irene Njeri,Male,55,Mombasa,Nyali,Retail,2023-02-27
CUST00329,Hassan Wafula,Female,35,Meru,Meru,Retail,2025-04-21
CUST00330,Cynthia Barasa,Female,60,Meru,Meru,Retail,2025-05-01
CUST00331,Martin Njeri,Male,32,Mombasa,Likoni,Retail,2024-01-16
CUST00332,Savannah Enterprises,Company,,Mombasa,Likoni,SME,2023-06-20
CUST00333,Joseph Barasa,Male,23,Mombasa,Likoni,Retail,2024-10-18
CUST00334,Hassan Kiptoo,Female,62,Nairobi,Lang'ata,Loyal,2023-11-03
CUST00335,David Maina,Female,37,Nairobi,Embakasi,Retail,2023-02-22
CUST00336,Grace Kariuki,Female,57,Nairobi,Westlands,Retail,2022-02-04
CUST00337,Ann Njeri,Female,41,Meru,Meru,Retail,2024-07-14
CUST00338,Samuel Musyoka,Male,23,Nairobi,Kasarani,Retail,2024-03-30
CUST00339,Mercy Hassan,Female,49,Machakos,Machakos,Retail,2022-11-25
CUST00340,George Jepkoech,Male,46,Kiambu,Thika,Wholesale,2025-05-08
CUST00341,Aisha Wekesa,Female,48,Nakuru,Nakuru,Retail,2024-03-10
CUST00342,Brian Atieno,Male,48,Kakamega,Kakamega,Retail,2025-06-15
CUST00343,Peter Ochieng,Female,41,Kiambu,Ruiru,Retail,2025-10-10
CUST00344,Mary Chebet,Male,20,Machakos,Machakos,Retail,2023-09-16
CUST00345,Ali Muthoni,Male,44,Kiambu,Ruiru,Retail,2024-08-28
CUST00346,John Kamau,Male,33,Nairobi,Lang'ata,Loyal,2023-06-16
CUST00347,Joseph Barasa,Male,45,Kisumu,Kisumu,Retail,2022-12-02
CUST00348,John Kiptoo,Female,24,Kiambu,Ruiru,Retail,2025-05-11
CUST00349,Esther Karanja,Female,60,Machakos,Machakos,Wholesale,2024-09-15
CUST00350,Fatma Karanja,Male,41,Kajiado,Kitengela,Retail,2022-05-08
CUST00351,Aisha Jepkoech,Male,62,Kiambu,Thika,Wholesale,2022-07-27
CUST00352,Esther Wekesa,Male,20,Meru,Meru,Retail,2023-01-23
CUST00353,Diana Atieno,Male,57,Uasin Gishu,Eldoret,Loyal,2023-10-03
CUST00354,Irene Mbugua,Male,58,Uasin Gishu,Eldoret,Retail,2022-10-30
CUST00355,Samuel Kamau,Female,52,Meru,Meru,Wholesale,2025-03-25
CUST00356,Brian Akinyi,Female,31,Nyeri,Nyeri,Loyal,2024-01-03
CUST00357,Ann Ochieng,Female,60,Kiambu,Thika,Loyal,2026-07-08
CUST00358,Ann Mbugua,Male,58,Nakuru,Nakuru,Retail,2026-05-01
CUST00359,Irene Mutua,Female,52,Kisumu,Kisumu,Wholesale,2022-11-03
CUST00360,Beatrice Kariuki,Female,35,Nakuru,Nakuru,Loyal,2022-02-05
CUST00361,Caroline Kiptoo,Male,40,Nairobi,Embakasi,Retail,2022-05-13
CUST00362,Lucy Wafula,Female,18,Nyeri,Nyeri,Retail,2022-09-28
CUST00363,Martin Atieno,Male,42,Mombasa,Likoni,Loyal,2025-05-22
CUST00364,Mary Wafula,Male,24,Kiambu,Thika,Retail,2025-12-29
CUST00365,Diana Mwangi,Male,60,Uasin Gishu,Eldoret,Retail,2025-07-12
CUST00366,Samuel Otieno,Female,62,Kiambu,Ruiru,Retail,2023-05-20
CUST00367,Ann Hassan,Male,65,Uasin Gishu,Eldoret,Retail,2025-05-29
CUST00368,Ufanisi Traders,Company,,Nairobi,Embakasi,Corporate,2024-07-18
CUST00369,Kevin Kamau,Female,36,Nairobi,Embakasi,Wholesale,2023-12-01
CUST00370,Sharon Atieno,Female,58,Nairobi,Kasarani,Retail,2026-06-18
CUST00371,George Barasa,Female,42,Kiambu,Ruiru,Retail,2022-05-02
CUST00372,Fatma Kiprotich,Female,45,Mombasa,Likoni,Loyal,2022-07-29
CUST00373,Jane Maina,Male,43,Kajiado,Kitengela,Retail,2022-02-06
CUST00374,Hassan Wanjiku,Female,50,Mombasa,Nyali,Retail,2022-05-20
CUST00375,John Kiprotich,Male,20,Nairobi,Kasarani,Loyal,2024-09-26
CUST00376,Joseph Ochieng,Female,21,Mombasa,Nyali,Retail,2026-03-03
CUST00377,John Njuguna,Male,68,Kiambu,Ruiru,Loyal,2024-04-19
CUST00378,Samuel Chebet,Female,56,Meru,Meru,Retail,2023-02-04
CUST00379,Kevin Wafula,Male,27,Kajiado,Kitengela,Retail,2023-10-26
CUST00380,Brian Mwangi,Female,50,Meru,Meru,Retail,2023-04-04
CUST00381,Faith Wafula,Male,51,Nairobi,Kasarani,Retail,2024-05-02
CUST00382,Cynthia Wanjiku,Male,43,Nairobi,Kasarani,Retail,2024-07-14
CUST00383,John Jepkoech,Female,46,Nakuru,Nakuru,Retail,2022-11-24
CUST00384,Grace Kiprotich,Male,52,Kisumu,Kisumu,Retail,2025-09-16
CUST00385,Twiga Stores,Company,,Nairobi,Embakasi,SME,2023-12-09
CUST00386,George Karanja,Female,57,Machakos,Machakos,Wholesale,2023-12-10
CUST00387,Imara Traders,Company,,Kiambu,Kiambu,SME,2022-04-02
CUST00388,Ali Kamau,Female,67,Nairobi,Westlands,Retail,2022-02-05
CUST00389,Dennis Atieno,Male,60,Kajiado,Kitengela,Retail,2024-04-16
CUST00390,Diana Musyoka,Male,21,Kiambu,Thika,Loyal,2023-03-20
CUST00391,Mwangaza Traders,Company,,Meru,Meru,SME,2024-03-22
CUST00392,Esther Muthoni,Female,30,Nairobi,Lang'ata,Retail,2026-05-08
CUST00393,Faith Njeri,Female,42,Nairobi,Lang'ata,Retail,2022-01-02
CUST00394,Fatma Atieno,Female,66,Kiambu,Kiambu,Loyal,2022-07-05
CUST00395,Aisha Barasa,Male,32,Machakos,Machakos,Loyal,2022-02-21
CUST00396,Diana Otieno,Female,19,Nairobi,Kasarani,Retail,2022-08-26
CUST00397,Peter Wambua,Male,54,Nairobi,Embakasi,Retail,2024-09-18
CUST00398,Joseph Karanja,Male,67,Nairobi,Lang'ata,Retail,2022-08-24
CUST00399,Mercy Njeri,Male,59,Kiambu,Kiambu,Loyal,2023-07-14
CUST00400,Samuel Njeri,Male,26,Meru,Meru,Loyal,2022-10-26
CUST00401,Mary Hassan,Female,20,Kiambu,Thika,Retail,2026-02-07
CUST00402,Irene Chebet,Female,65,Nairobi,Westlands,Retail,2025-12-06
CUST00403,James Njeri,Male,39,Kiambu,Thika,Loyal,2022-10-22
CUST00404,Aisha Atieno,Female,25,Nairobi,Westlands,Wholesale,2024-05-02
CUST00405,Pamoja Traders,Company,,Kiambu,Kiambu,SME,2026-04-13
CUST00406,Lucy Hassan,Male,35,Kiambu,Kiambu,Retail,2024-10-04
CUST00407,Cynthia Atieno,Male,32,Nairobi,Lang'ata,Loyal,2025-12-21
CUST00408,Brian Akinyi,Female,67,Nairobi,Westlands,Loyal,2026-06-29
CUST00409,Peter Musyoka,Male,29,Kisumu,Kisumu,Retail,2022-11-26
CUST00410,Lucy Ochieng,Female,33,Kakamega,Kakamega,Loyal,2023-11-21
CUST00411,Martin Mutua,Male,43,Uasin Gishu,Eldoret,Retail,2023-04-21
CUST00412,Dennis Barasa,Male,40,Machakos,Machakos,Retail,2023-11-01
CUST00413,Kevin Chebet,Male,68,Kisumu,Kisumu,Retail,2022-12-14
CUST00414,Samuel Atieno,Male,53,Kiambu,Ruiru,Retail,2024-08-11
CUST00415,Kevin Otieno,Female,33,Nairobi,Westlands,Retail,2022-02-03
CUST00416,Jane Maina,Female,48,Machakos,Machakos,Wholesale,2023-06-19
CUST00417,Caroline Wanjiku,Female,19,Kiambu,Kiambu,Wholesale,2025-06-11
CUST00418,Rafiki Supplies,Company,,Nairobi,Lang'ata,SME,2024-10-01
CUST00419,Brian Jepkoech,Female,31,Nairobi,Westlands,Retail,2023-06-12
CUST00420,Aisha Muthoni,Male,59,Kajiado,Kitengela,Wholesale,2023-04-15
CUST00421,Ali Jepkoech,Female,42,Kiambu,Kiambu,Wholesale,2025-05-12
CUST00422,Grace Kiptoo,Female,50,Nairobi,Westlands,Wholesale,2025-09-07
CUST00423,Sharon Barasa,Female,20,Mombasa,Nyali,Retail,2023-05-16
CUST00424,Brian Atieno,Male,27,Mombasa,Nyali,Retail,2022-11-05
CUST00425,George Muthoni,Female,64,Nairobi,Lang'ata,Retail,2022-08-06
CUST00426,Aisha Atieno,Male,49,Uasin Gishu,Eldoret,Retail,2023-01-24
CUST00427,Martin Mwangi,Female,42,Nairobi,Westlands,Loyal,2023-04-30
CUST00428,Brian Kiprotich,Female,60,Nairobi,Kasarani,Loyal,2022-01-31
CUST00429,Esther Otieno,Male,59,Uasin Gishu,Eldoret,Retail,2024-07-13
CUST00430,Peter Wafula,Female,53,Machakos,Machakos,Retail,2025-03-30
CUST00431,Samuel Mbugua,Male,29,Kiambu,Kiambu,Wholesale,2023-08-27
CUST00432,Victor Kariuki,Female,50,Mombasa,Nyali,Retail,2026-03-11
CUST00433,James Karanja,Female,22,Mombasa,Nyali,Loyal,2023-07-29
CUST00434,Twiga Stores,Company,,Meru,Meru,Corporate,2025-03-25
CUST00435,Mary Kamau,Female,60,Nairobi,Embakasi,Retail,2023-02-20
CUST00436,Aisha Akinyi,Female,21,Mombasa,Nyali,Wholesale,2026-06-23
CUST00437,Peter Odhiambo,Female,56,Uasin Gishu,Eldoret,Retail,2025-02-21
CUST00438,Peter Karanja,Female,55,Kiambu,Kiambu,Retail,2024-08-06
CUST00439,Kevin Barasa,Male,28,Kajiado,Kitengela,Loyal,2022-09-12
CUST00440,Pamoja Ltd,Company,,Nakuru,Nakuru,Corporate,2022-08-31
CUST00441,Grace Ochieng,Male,31,Uasin Gishu,Eldoret,Retail,2024-12-18
CUST00442,John Wekesa,Female,29,Kiambu,Thika,Loyal,2022-05-14
CUST00443,Aisha Mbugua,Female,53,Kajiado,Kitengela,Retail,2022-07-17
CUST00444,Rafiki Traders,Company,,Uasin Gishu,Eldoret,SME,2024-02-05
CUST00445,Sharon Barasa,Male,22,Meru,Meru,Wholesale,2023-04-09
CUST00446,Victor Karanja,Female,43,Kiambu,Thika,Retail,2026-01-26
CUST00447,Lucy Mwangi,Female,29,Mombasa,Likoni,Retail,2025-06-29
CUST00448,Mwangaza Enterprises,Company,,Kiambu,Kiambu,SME,2022-10-01
CUST00449,Caroline Hassan,Male,20,Nairobi,Lang'ata,Retail,2023-08-20
CUST00450,Jane Mbugua,Female,68,Machakos,Machakos,Retail,2024-09-12
CUST00451,Aisha Maina,Male,58,Nakuru,Nakuru,Wholesale,2023-08-11
CUST00452,Brian Karanja,Female,58,Kisumu,Kisumu,Retail,2024-12-23
CUST00453,Ann Mwangi,Female,41,Kisumu,Kisumu,Retail,2022-04-06
CUST00454,Savannah Ltd,Company,,Nairobi,Embakasi,Corporate,2022-09-23
CUST00455,Mwangaza Traders,Company,,Kakamega,Kakamega,Corporate,2024-10-10
CUST00456,Victor Njuguna,Male,46,Meru,Meru,Retail,2022-11-16
CUST00457,Brian Kiprotich,Male,54,Machakos,Machakos,Retail,2026-04-03
CUST00458,Peter Wambua,Male,59,Nakuru,Nakuru,Retail,2025-01-09
CUST00459,Peter Akinyi,Male,40,Nyeri,Nyeri,Retail,2025-06-18
CUST00460,Sharon Wekesa,Female,22,Meru,Meru,Retail,2022-01-13
CUST00461,Cynthia Otieno,Male,43,Mombasa,Likoni,Retail,2022-05-06
CUST00462,Aisha Musyoka,Female,24,Uasin Gishu,Eldoret,Loyal,2022-07-05
CUST00463,Beatrice Akinyi,Male,40,Nakuru,Nakuru,Loyal,2023-08-14
CUST00464,Diana Kamau,Female,27,Uasin Gishu,Eldoret,Loyal,2023-02-05
CUST00465,Hassan Njeri,Female,33,Kiambu,Thika,Wholesale,2024-02-19
CUST00466,Joy Atieno,Male,30,Kiambu,Kiambu,Retail,2026-05-09
CUST00467,John Njeri,Female,26,Meru,Meru,Retail,2023-08-08
CUST00468,Mary Kamau,Female,55,Kakamega,Kakamega,Loyal,2025-03-23
CUST00469,Caroline Hassan,Female,59,Uasin Gishu,Eldoret,Retail,2023-12-04
CUST00470,George Jepkoech,Male,27,Nairobi,Embakasi,Retail,2026-03-19
CUST00471,Grace Wafula,Female,19,Kiambu,Kiambu,Retail,2023-12-22
CUST00472,Esther Wanjiku,Female,55,Kiambu,Thika,Wholesale,2024-06-21
CUST00473,Caroline Ochieng,Female,62,Kiambu,Ruiru,Loyal,2022-04-21
CUST00474,Dennis Mutua,Male,45,Machakos,Machakos,Retail,2024-10-28
CUST00475,Grace Karanja,Female,40,Mombasa,Likoni,Retail,2024-10-14
CUST00476,George Njuguna,Male,33,Nairobi,Westlands,Retail,2024-02-29
CUST00477,Peter Atieno,Male,22,Nairobi,Embakasi,Retail,2024-01-18
CUST00478,Cynthia Mbugua,Female,43,Machakos,Machakos,Loyal,2023-11-13
CUST00479,Ann Kiptoo,Female,31,Kakamega,Kakamega,Retail,2023-09-11
CUST00480,Grace Kiptoo,Female,25,Kisumu,Kisumu,Retail,2023-04-11
CUST00481,Ufanisi Traders,Company,,Nairobi,Embakasi,SME,2022-07-16
CUST00482,Hassan Musyoka,Female,19,Kiambu,Thika,Retail,2023-03-08
CUST00483,Brian Kariuki,Female,57,Kajiado,Kitengela,Retail,2026-05-12
CUST00484,Ann Muthoni,Male,27,Kiambu,Kiambu,Retail,2025-11-14
CUST00485,Joy Hassan,Male,53,Kiambu,Kiambu,Retail,2026-01-02
CUST00486,Samuel Kiprotich,Male,56,Nyeri,Nyeri,Retail,2024-08-12
CUST00487,Ali Kamau,Male,65,Mombasa,Likoni,Retail,2023-12-05
CUST00488,Esther Wekesa,Male,19,Kajiado,Kitengela,Loyal,2025-05-29
CUST00489,Ali Maina,Female,54,Kiambu,Ruiru,Loyal,2022-10-27
CUST00490,Dennis Hassan,Female,53,Kakamega,Kakamega,Retail,2025-05-16
CUST00491,Mercy Mwangi,Male,63,Mombasa,Nyali,Retail,2023-02-15
CUST00492,Esther Atieno,Male,28,Nairobi,Lang'ata,Loyal,2024-03-25
CUST00493,Irene Mutua,Female,64,Nairobi,Embakasi,Retail,2022-11-08
CUST00494,Fatma Ochieng,Female,60,Kiambu,Thika,Retail,2024-10-06
CUST00495,Esther Wambua,Male,22,Kiambu,Ruiru,Wholesale,2025-05-03
CUST00496,James Muthoni,Female,31,Meru,Meru,Retail,2024-06-26
CUST00497,Irene Barasa,Female,35,Kiambu,Thika,Retail,2026-07-09
CUST00498,Caroline Atieno,Female,46,Nyeri,Nyeri,Retail,2023-11-19
CUST00499,Peter Kariuki,Female,47,Nairobi,Westlands,Retail,2025-08-04
CUST00500,George Mutua,Female,60,Uasin Gishu,Eldoret,Retail,2023-03-08
CUST00501,Aisha Karanja,Female,52,Kiambu,Thika,Loyal,2023-08-26
CUST00502,Mary Wafula,Female,48,Mombasa,Likoni,Loyal,2023-03-03
CUST00503,Samuel Mbugua,Female,31,Kisumu,Kisumu,Loyal,2023-06-13
CUST00504,Ufanisi Solutions,Company,,Uasin Gishu,Eldoret,SME,2025-10-19
CUST00505,Caroline Otieno,Male,51,Kajiado,Kitengela,Loyal,2022-01-01
CUST00506,Aisha Mbugua,Male,38,Kisumu,Kisumu,Retail,2022-07-28
CUST00507,Ali Maina,Male,52,Mombasa,Nyali,Loyal,2025-12-19
CUST00508,Joseph Wanjiku,Female,66,Machakos,Machakos,Retail,2024-04-14
CUST00509,Victor Ochieng,Male,68,Kajiado,Kitengela,Retail,2025-10-31
CUST00510,Victor Jepkoech,Female,32,Meru,Meru,Retail,2025-06-18
CUST00511,Irene Njuguna,Male,59,Nairobi,Kasarani,Retail,2026-03-24
CUST00512,Jane Kiprotich,Female,51,Meru,Meru,Retail,2022-07-04
CUST00513,Fatma Kariuki,Male,25,Nairobi,Embakasi,Retail,2022-06-06
CUST00514,Hassan Jepkoech,Female,29,Nyeri,Nyeri,Retail,2024-01-23
CUST00515,Aisha Mbugua,Male,30,Nairobi,Embakasi,Retail,2022-08-02
CUST00516,Lucy Maina,Female,32,Mombasa,Nyali,Retail,2023-08-28
CUST00517,David Jepkoech,Female,56,Nakuru,Nakuru,Retail,2023-05-10
CUST00518,Brian Wafula,Female,35,Nyeri,Nyeri,Loyal,2024-08-08
CUST00519,Aisha Kiptoo,Female,28,Machakos,Machakos,Retail,2023-07-03
CUST00520,Irene Njuguna,Female,48,Nakuru,Nakuru,Retail,2022-12-01
CUST00521,James Hassan,Female,38,Meru,Meru,Retail,2022-02-28
CUST00522,Ann Kiptoo,Female,21,Kiambu,Ruiru,Retail,2026-07-23
CUST00523,Aisha Otieno,Female,42,Kiambu,Kiambu,Retail,2022-09-16
CUST00524,James Njuguna,Male,59,Nairobi,Westlands,Retail,2025-11-29
CUST00525,Aisha Chebet,Male,64,Kiambu,Kiambu,Loyal,2023-05-26
CUST00526,Samuel Wambua,Male,34,Nairobi,Embakasi,Retail,2024-09-29
CUST00527,Jane Ochieng,Male,57,Kajiado,Kitengela,Loyal,2026-05-31
CUST00528,Cynthia Wafula,Male,48,Kiambu,Kiambu,Retail,2022-06-10
CUST00529,Victor Odhiambo,Male,32,Mombasa,Nyali,Retail,2025-06-14
CUST00530,Joseph Muthoni,Female,26,Machakos,Machakos,Loyal,2024-08-13
CUST00531,Mercy Mutua,Female,53,Nairobi,Westlands,Retail,2023-05-16
CUST00532,Aisha Kiptoo,Female,50,Kakamega,Kakamega,Retail,2022-07-20
CUST00533,Aisha Karanja,Male,29,Nairobi,Embakasi,Retail,2023-12-18
CUST00534,Dennis Kiptoo,Male,53,Nairobi,Lang'ata,Retail,2023-04-12
CUST00535,Cynthia Atieno,Female,18,Nairobi,Lang'ata,Retail,2025-08-15
CUST00536,Mary Njeri,Male,60,Nairobi,Westlands,Retail,2024-09-29
CUST00537,Beatrice Atieno,Female,23,Machakos,Machakos,Retail,2023-05-20
CUST00538,Fatma Musyoka,Female,53,Nairobi,Kasarani,Retail,2025-04-18
CUST00539,Kevin Otieno,Male,64,Nyeri,Nyeri,Retail,2025-12-16
CUST00540,Kevin Ochieng,Female,19,Mombasa,Likoni,Retail,2024-07-02
CUST00541,Diana Jepkoech,Male,24,Kakamega,Kakamega,Wholesale,2024-03-03
CUST00542,Kevin Mwangi,Male,50,Uasin Gishu,Eldoret,Loyal,2022-09-29
CUST00543,Diana Wafula,Male,26,Mombasa,Nyali,Retail,2022-09-02
CUST00544,Faith Ochieng,Female,46,Kakamega,Kakamega,Loyal,2024-05-21
CUST00545,Victor Kiprotich,Male,66,Nyeri,Nyeri,Retail,2024-02-18
CUST00546,Brian Kiptoo,Female,37,Kiambu,Kiambu,Retail,2023-09-13
CUST00547,Grace Maina,Male,51,Machakos,Machakos,Loyal,2025-12-12
CUST00548,Victor Otieno,Female,61,Nyeri,Nyeri,Retail,2025-11-23
CUST00549,David Odhiambo,Female,63,Machakos,Machakos,Retail,2024-08-16
CUST00550,Samuel Atieno,Male,44,Nakuru,Nakuru,Retail,2026-01-28
CUST00551,George Hassan,Female,24,Machakos,Machakos,Retail,2026-03-10
CUST00552,Dennis Kiprotich,Female,26,Nairobi,Embakasi,Wholesale,2022-04-16
CUST00553,Aisha Wekesa,Female,29,Nyeri,Nyeri,Wholesale,2024-06-13
CUST00554,Grace Wambua,Female,43,Nairobi,Kasarani,Loyal,2024-08-29
CUST00555,Sharon Odhiambo,Male,31,Kiambu,Kiambu,Loyal,2024-06-26
CUST00556,Ann Ochieng,Female,31,Nairobi,Kasarani,Retail,2025-01-04
CUST00557,Beatrice Muthoni,Female,62,Kiambu,Kiambu,Retail,2025-03-11
CUST00558,Lucy Jepkoech,Female,55,Kiambu,Thika,Retail,2026-07-18
CUST00559,Mercy Akinyi,Female,67,Nairobi,Kasarani,Retail,2026-03-21
CUST00560,Lucy Njeri,Male,41,Nairobi,Embakasi,Loyal,2023-05-21
CUST00561,Mary Wambua,Female,36,Mombasa,Nyali,Wholesale,2025-12-25
CUST00562,Irene Karanja,Male,56,Kakamega,Kakamega,Retail,2025-08-29
CUST00563,Dennis Kamau,Female,41,Kiambu,Ruiru,Retail,2023-03-31
CUST00564,George Njeri,Male,60,Nakuru,Nakuru,Retail,2023-03-03
CUST00565,Caroline Jepkoech,Male,44,Kiambu,Thika,Retail,2022-04-22
CUST00566,Samuel Mbugua,Female,38,Kajiado,Kitengela,Retail,2026-05-03
CUST00567,Ann Mutua,Male,39,Kiambu,Ruiru,Loyal,2023-06-03
CUST00568,John Mutua,Male,41,Nairobi,Westlands,Retail,2023-08-27
CUST00569,Brian Otieno,Male,25,Uasin Gishu,Eldoret,Wholesale,2025-09-23
CUST00570,Samuel Karanja,Male,58,Kakamega,Kakamega,Retail,2022-06-26
CUST00571,Hassan Njeri,Male,37,Nairobi,Embakasi,Loyal,2022-04-15
CUST00572,Brian Maina,Male,25,Nakuru,Nakuru,Retail,2023-10-29
CUST00573,Sharon Ochieng,Female,67,Nakuru,Nakuru,Retail,2022-07-30
CUST00574,Jane Wanjiku,Female,31,Kisumu,Kisumu,Retail,2025-08-01
CUST00575,Joseph Wekesa,Female,41,Kiambu,Ruiru,Retail,2025-02-09
CUST00576,Aisha Musyoka,Female,40,Machakos,Machakos,Retail,2026-04-07
CUST00577,Grace Hassan,Female,29,Machakos,Machakos,Retail,2023-03-11
CUST00578,Irene Akinyi,Male,43,Meru,Meru,Retail,2022-02-26
CUST00579,Savannah Enterprises,Company,,Kisumu,Kisumu,SME,2024-05-19
CUST00580,Diana Odhiambo,Male,66,Kakamega,Kakamega,Retail,2025-09-20
CUST00581,Victor Kamau,Female,24,Kiambu,Kiambu,Retail,2024-01-01
CUST00582,George Kamau,Male,45,Nyeri,Nyeri,Retail,2024-11-06
CUST00583,Mary Maina,Female,23,Meru,Meru,Retail,2025-06-03
CUST00584,Grace Njeri,Female,65,Kiambu,Ruiru,Retail,2023-12-14
CUST00585,Martin Barasa,Male,42,Nairobi,Lang'ata,Retail,2022-01-03
CUST00586,Irene Kamau,Female,54,Kiambu,Kiambu,Retail,2023-07-04
CUST00587,Joseph Njeri,Male,42,Kisumu,Kisumu,Retail,2024-03-07
CUST00588,Irene Wekesa,Female,57,Kajiado,Kitengela,Retail,2023-04-25
CUST00589,Irene Wafula,Male,35,Machakos,Machakos,Retail,2023-09-13
CUST00590,Beatrice Wambua,Female,35,Kajiado,Kitengela,Retail,2023-01-12
CUST00591,Ali Njeri,Male,26,Nairobi,Lang'ata,Retail,2025-02-03
CUST00592,Jane Muthoni,Male,19,Nakuru,Nakuru,Retail,2025-07-25
CUST00593,James Kariuki,Male,21,Machakos,Machakos,Wholesale,2024-01-27
CUST00594,Ann Kiptoo,Female,21,Nairobi,Lang'ata,Retail,2025-07-05
CUST00595,Ufanisi Supplies,Company,,Nakuru,Nakuru,SME,2023-06-23
CUST00596,Joseph Kiptoo,Female,67,Uasin Gishu,Eldoret,Retail,2022-08-01
CUST00597,George Mwangi,Female,40,Nairobi,Embakasi,Loyal,2023-08-27
CUST00598,Cynthia Mbugua,Female,30,Meru,Meru,Retail,2024-04-27
CUST00599,Caroline Njeri,Male,39,Machakos,Machakos,Retail,2024-10-29
CUST00600,Fatma Ochieng,Female,44,Kiambu,Thika,Retail,2025-08-18
CUST00601,Samuel Atieno,Male,48,Kakamega,Kakamega,Retail,2022-10-05
CUST00602,Diana Njuguna,Male,40,Kiambu,Ruiru,Retail,2025-12-15
CUST00603,Brian Wambua,Female,57,Machakos,Machakos,Wholesale,2025-12-18
CUST00604,Mercy Mbugua,Female,54,Uasin Gishu,Eldoret,Retail,2023-03-27
CUST00605,George Wafula,Male,41,Nairobi,Kasarani,Retail,2024-07-06
CUST00606,John Atieno,Female,26,Kiambu,Thika,Loyal,2024-06-16
CUST00607,Savannah Enterprises,Company,,Nyeri,Nyeri,Corporate,2023-06-29
CUST00608,Rafiki Supplies,Company,,Machakos,Machakos,Corporate,2024-08-10
CUST00609,Irene Jepkoech,Female,37,Kajiado,Kitengela,Retail,2026-07-26
CUST00610,Ann Chebet,Female,27,Nakuru,Nakuru,Retail,2023-09-05
CUST00611,Caroline Mwangi,Male,55,Nakuru,Nakuru,Loyal,2023-05-17
CUST00612,Beatrice Hassan,Female,57,Mombasa,Likoni,Retail,2022-10-19
CUST00613,Dennis Mbugua,Male,35,Nairobi,Lang'ata,Retail,2025-05-10
CUST00614,Kevin Muthoni,Female,58,Nairobi,Kasarani,Loyal,2023-10-26
CUST00615,David Chebet,Female,34,Meru,Meru,Loyal,2023-11-08
CUST00616,Samuel Otieno,Male,62,Machakos,Machakos,Retail,2026-06-12
CUST00617,Brian Mbugua,Female,23,Nairobi,Lang'ata,Wholesale,2026-04-14
CUST00618,Dennis Chebet,Male,43,Meru,Meru,Retail,2022-01-15
CUST00619,Victor Kiptoo,Male,50,Kiambu,Ruiru,Retail,2023-07-09
CUST00620,Samuel Wafula,Female,64,Nairobi,Kasarani,Retail,2026-02-19
CUST00621,Samuel Mbugua,Female,24,Mombasa,Likoni,Loyal,2022-10-03
CUST00622,Hassan Wambua,Male,65,Nairobi,Lang'ata,Retail,2023-11-15
CUST00623,Victor Atieno,Male,58,Nairobi,Lang'ata,Retail,2025-07-30
CUST00624,Mary Njeri,Female,68,Nairobi,Westlands,Retail,2023-12-21
CUST00625,Grace Kiptoo,Female,24,Nairobi,Kasarani,Retail,2024-07-19
CUST00626,Grace Wekesa,Female,43,Nairobi,Embakasi,Loyal,2023-06-05
CUST00627,Rafiki Stores,Company,,Nairobi,Lang'ata,Corporate,2022-06-06
CUST00628,Jane Kariuki,Male,54,Kiambu,Kiambu,Retail,2026-02-19
CUST00629,Ann Mwangi,Female,62,Meru,Meru,Loyal,2026-02-04
CUST00630,Caroline Njuguna,Female,23,Machakos,Machakos,Retail,2023-04-06
CUST00631,James Odhiambo,Male,35,Kisumu,Kisumu,Retail,2022-02-21
CUST00632,Brian Wafula,Male,38,Nairobi,Lang'ata,Retail,2024-05-14
CUST00633,James Njuguna,Female,45,Machakos,Machakos,Wholesale,2025-01-23
CUST00634,Samuel Ochieng,Female,45,Nakuru,Nakuru,Retail,2023-08-20
CUST00635,Joy Otieno,Female,62,Kiambu,Kiambu,Retail,2026-03-13
CUST00636,Martin Wambua,Male,35,Kiambu,Kiambu,Retail,2025-07-08
CUST00637,Ufanisi Stores,Company,,Nairobi,Lang'ata,SME,2025-05-17
CUST00638,Mwangaza Stores,Company,,Meru,Meru,SME,2023-10-11
CUST00639,Lucy Kamau,Male,41,Nairobi,Kasarani,Retail,2023-10-06
CUST00640,Victor Atieno,Male,32,Nairobi,Lang'ata,Loyal,2022-10-18
CUST00641,Kevin Otieno,Female,28,Kiambu,Ruiru,Retail,2022-01-14
CUST00642,Joseph Odhiambo,Female,50,Mombasa,Nyali,Wholesale,2023-02-01
CUST00643,Twiga Enterprises,Company,,Kajiado,Kitengela,SME,2026-07-16
CUST00644,Samuel Wekesa,Female,59,Kakamega,Kakamega,Retail,2026-02-26
CUST00645,James Njeri,Male,31,Nairobi,Westlands,Wholesale,2022-02-04
CUST00646,Martin Akinyi,Female,26,Mombasa,Nyali,Retail,2025-10-26
CUST00647,George Njuguna,Male,36,Kiambu,Kiambu,Retail,2024-06-14
CUST00648,Rafiki Ltd,Company,,Kajiado,Kitengela,SME,2025-01-06
CUST00649,Faith Kiptoo,Female,39,Nakuru,Nakuru,Wholesale,2024-08-11
CUST00650,Fatma Odhiambo,Female,35,Kiambu,Kiambu,Loyal,2024-01-06
CUST00651,Lucy Chebet,Male,21,Kisumu,Kisumu,Retail,2024-02-21
CUST00652,Grace Wekesa,Female,62,Kisumu,Kisumu,Retail,2023-07-06
CUST00653,Grace Akinyi,Male,51,Nairobi,Lang'ata,Retail,2022-10-08
CUST00654,Victor Mbugua,Male,36,Meru,Meru,Retail,2025-04-12
CUST00655,Victor Muthoni,Male,19,Nakuru,Nakuru,Retail,2022-08-08
CUST00656,Diana Wafula,Male,49,Machakos,Machakos,Loyal,2023-05-17
CUST00657,Aisha Wanjiku,Female,63,Meru,Meru,Retail,2022-03-26
CUST00658,Beatrice Njeri,Female,51,Mombasa,Nyali,Retail,2026-06-01
CUST00659,Joseph Kariuki,Male,68,Meru,Meru,Retail,2022-08-29
CUST00660,Joy Kamau,Female,20,Uasin Gishu,Eldoret,Retail,2023-03-13
CUST00661,Esther Muthoni,Female,68,Nairobi,Westlands,Retail,2022-07-29
CUST00662,Fatma Musyoka,Female,64,Mombasa,Likoni,Loyal,2022-12-16
CUST00663,Mary Wanjiku,Male,66,Uasin Gishu,Eldoret,Retail,2023-06-22
CUST00664,Aisha Kariuki,Female,21,Nakuru,Nakuru,Retail,2023-11-14
CUST00665,Dennis Mutua,Male,53,Nairobi,Embakasi,Retail,2025-07-15
CUST00666,Samuel Kiprotich,Male,55,Kakamega,Kakamega,Retail,2025-05-30
CUST00667,Jane Maina,Male,66,Machakos,Machakos,Retail,2023-03-21
CUST00668,Jane Wambua,Female,23,Nyeri,Nyeri,Retail,2022-03-20
CUST00669,Joy Musyoka,Male,50,Nairobi,Lang'ata,Retail,2024-08-29
CUST00670,Joy Musyoka,Female,45,Meru,Meru,Wholesale,2024-04-02
CUST00671,Diana Wanjiku,Female,48,Mombasa,Nyali,Loyal,2025-04-01
CUST00672,Joy Njeri,Female,38,Nairobi,Lang'ata,Wholesale,2022-06-29
CUST00673,Diana Kamau,Female,54,Meru,Meru,Retail,2022-05-01
CUST00674,Grace Kariuki,Female,52,Nyeri,Nyeri,Loyal,2022-11-29
CUST00675,Brian Atieno,Male,41,Nyeri,Nyeri,Retail,2025-10-04
CUST00676,David Kariuki,Female,49,Kisumu,Kisumu,Loyal,2026-03-18
CUST00677,Mary Mutua,Female,61,Nairobi,Embakasi,Retail,2024-09-13
CUST00678,Fatma Barasa,Male,48,Machakos,Machakos,Wholesale,2022-10-07
CUST00679,Cynthia Hassan,Male,51,Nairobi,Embakasi,Retail,2026-04-14
CUST00680,James Otieno,Female,21,Nakuru,Nakuru,Retail,2022-12-04
CUST00681,Victor Jepkoech,Female,47,Nyeri,Nyeri,Retail,2023-10-25
CUST00682,Esther Muthoni,Male,26,Kiambu,Ruiru,Loyal,2023-07-05
CUST00683,Samuel Maina,Male,48,Nairobi,Embakasi,Retail,2024-03-07
CUST00684,Joy Jepkoech,Male,20,Kiambu,Kiambu,Retail,2023-02-18
CUST00685,Ali Kiprotich,Male,44,Meru,Meru,Retail,2023-11-13
CUST00686,Brian Hassan,Male,47,Uasin Gishu,Eldoret,Retail,2023-12-24
CUST00687,Grace Njuguna,Female,23,Mombasa,Nyali,Loyal,2023-07-23
CUST00688,Fatma Wafula,Female,51,Nairobi,Lang'ata,Retail,2026-02-24
CUST00689,Mercy Mbugua,Male,22,Kakamega,Kakamega,Retail,2022-04-19
CUST00690,Victor Wambua,Female,58,Nairobi,Kasarani,Retail,2024-09-19
CUST00691,Samuel Akinyi,Female,24,Nairobi,Embakasi,Wholesale,2026-03-23
CUST00692,Martin Maina,Male,28,Mombasa,Nyali,Wholesale,2023-09-03
CUST00693,John Njuguna,Female,56,Kiambu,Ruiru,Retail,2022-04-28
CUST00694,Pamoja Supplies,Company,,Nakuru,Nakuru,SME,2025-01-15
CUST00695,Sharon Hassan,Male,41,Meru,Meru,Wholesale,2024-08-29
CUST00696,Ann Kiptoo,Female,37,Meru,Meru,Retail,2022-03-20
CUST00697,Beatrice Njeri,Female,65,Kiambu,Ruiru,Retail,2024-04-15
CUST00698,James Mbugua,Male,67,Nairobi,Westlands,Retail,2024-09-18
CUST00699,Ufanisi Enterprises,Company,,Kisumu,Kisumu,SME,2026-03-07
CUST00700,Irene Kariuki,Male,66,Uasin Gishu,Eldoret,Loyal,2023-03-09
CUST00701,Faith Odhiambo,Male,46,Kiambu,Ruiru,Retail,2023-03-24
CUST00702,Ann Kamau,Female,34,Kisumu,Kisumu,Retail,2022-10-29
CUST00703,Esther Akinyi,Female,49,Kiambu,Thika,Retail,2022-08-27
CUST00704,Ann Kiptoo,Male,39,Mombasa,Likoni,Retail,2023-10-22
CUST00705,Aisha Njeri,Male,30,Kiambu,Kiambu,Retail,2025-11-12
CUST00706,Samuel Karanja,Female,24,Uasin Gishu,Eldoret,Retail,2024-06-06
CUST00707,Grace Akinyi,Female,33,Kisumu,Kisumu,Retail,2025-09-16
CUST00708,George Chebet,Female,31,Kisumu,Kisumu,Loyal,2026-07-11
CUST00709,Sharon Odhiambo,Female,18,Nyeri,Nyeri,Retail,2025-08-18
CUST00710,Ali Mbugua,Male,52,Kiambu,Kiambu,Wholesale,2025-10-20
CUST00711,Martin Akinyi,Male,59,Nairobi,Westlands,Retail,2022-01-08
CUST00712,Hassan Wekesa,Male,65,Kiambu,Ruiru,Loyal,2024-08-24
CUST00713,Peter Maina,Male,26,Nairobi,Embakasi,Retail,2026-06-11
CUST00714,Cynthia Kiptoo,Female,44,Kiambu,Thika,Retail,2024-02-04
CUST00715,George Kiptoo,Male,29,Nairobi,Kasarani,Retail,2025-01-11
CUST00716,Peter Otieno,Male,20,Kiambu,Ruiru,Retail,2022-05-24
CUST00717,Sharon Kiprotich,Female,27,Nairobi,Lang'ata,Retail,2022-02-09
CUST00718,Sharon Wekesa,Female,30,Kiambu,Ruiru,Retail,2025-02-09
CUST00719,Jane Karanja,Male,59,Nyeri,Nyeri,Retail,2023-06-12
CUST00720,Fatma Odhiambo,Male,46,Nyeri,Nyeri,Retail,2025-03-05
CUST00721,Imara Traders,Company,,Kiambu,Kiambu,Corporate,2023-03-23
CUST00722,Brian Maina,Female,22,Kisumu,Kisumu,Retail,2026-04-09
CUST00723,Cynthia Karanja,Male,41,Nakuru,Nakuru,Retail,2022-07-05
CUST00724,Fatma Karanja,Female,20,Kisumu,Kisumu,Retail,2022-03-25
CUST00725,Joy Kariuki,Female,60,Meru,Meru,Retail,2024-05-13
CUST00726,Faith Jepkoech,Male,31,Nairobi,Embakasi,Retail,2023-03-14
CUST00727,Mary Hassan,Male,33,Nyeri,Nyeri,Retail,2024-06-18
CUST00728,Cynthia Kiprotich,Male,56,Kisumu,Kisumu,Retail,2022-07-25
CUST00729,Samuel Muthoni,Male,61,Mombasa,Likoni,Retail,2022-01-23
CUST00730,Cynthia Otieno,Male,41,Mombasa,Likoni,Retail,2022-10-25
CUST00731,Joy Njeri,Male,63,Kiambu,Thika,Retail,2026-06-22
CUST00732,Mercy Wanjiku,Female,29,Nyeri,Nyeri,Retail,2022-05-02
CUST00733,Jane Chebet,Male,18,Mombasa,Likoni,Retail,2024-11-17
CUST00734,Aisha Hassan,Male,58,Meru,Meru,Wholesale,2024-10-12
CUST00735,Samuel Mutua,Male,19,Meru,Meru,Loyal,2024-12-13
CUST00736,Martin Barasa,Female,35,Nyeri,Nyeri,Loyal,2026-04-16
CUST00737,Ann Wekesa,Female,25,Kiambu,Ruiru,Loyal,2025-12-23
CUST00738,Caroline Chebet,Male,31,Kajiado,Kitengela,Retail,2024-10-30
CUST00739,Beatrice Wambua,Male,42,Uasin Gishu,Eldoret,Retail,2025-01-04
CUST00740,Victor Wekesa,Female,39,Machakos,Machakos,Retail,2025-12-11
CUST00741,Martin Ochieng,Female,18,Nyeri,Nyeri,Retail,2023-03-14
CUST00742,Jane Njuguna,Male,55,Mombasa,Nyali,Retail,2023-06-05
CUST00743,Caroline Jepkoech,Female,61,Kisumu,Kisumu,Retail,2022-07-18
CUST00744,James Wafula,Female,26,Kajiado,Kitengela,Retail,2025-08-15
CUST00745,Brian Odhiambo,Male,50,Nairobi,Lang'ata,Retail,2024-06-04
CUST00746,Aisha Hassan,Female,57,Nairobi,Westlands,Loyal,2025-03-19
CUST00747,Joy Mbugua,Female,22,Nairobi,Lang'ata,Wholesale,2022-10-14
CUST00748,Jane Mbugua,Female,54,Nyeri,Nyeri,Retail,2023-11-26
CUST00749,Twiga Ltd,Company,,Nairobi,Kasarani,Corporate,2025-11-28
CUST00750,Diana Ochieng,Female,54,Kiambu,Ruiru,Retail,2022-06-03
CUST00751,Lucy Kiprotich,Female,55,Kiambu,Kiambu,Retail,2023-04-23
CUST00752,Lucy Muthoni,Female,68,Kisumu,Kisumu,Wholesale,2025-10-30
CUST00753,Peter Kamau,Female,28,Mombasa,Likoni,Retail,2025-03-01
CUST00754,George Jepkoech,Female,35,Machakos,Machakos,Loyal,2025-11-20
CUST00755,Victor Wambua,Female,23,Kiambu,Thika,Retail,2022-10-04
CUST00756,Faith Kamau,Female,49,Kisumu,Kisumu,Loyal,2025-06-08
CUST00757,James Ochieng,Female,22,Kajiado,Kitengela,Retail,2024-01-13
CUST00758,Martin Odhiambo,Female,54,Nairobi,Lang'ata,Retail,2023-06-13
CUST00759,Lucy Njeri,Female,68,Machakos,Machakos,Loyal,2025-10-16
CUST00760,Faith Wekesa,Male,40,Nairobi,Westlands,Retail,2023-03-20
CUST00761,Victor Wafula,Female,35,Nairobi,Kasarani,Retail,2022-07-04
CUST00762,Dennis Atieno,Male,28,Uasin Gishu,Eldoret,Retail,2024-09-22
CUST00763,George Mutua,Female,30,Kajiado,Kitengela,Retail,2025-02-09
CUST00764,Aisha Kamau,Female,26,Nairobi,Kasarani,Retail,2023-10-23
CUST00765,Victor Chebet,Female,38,Kiambu,Thika,Retail,2023-01-07
CUST00766,Savannah Solutions,Company,,Nairobi,Westlands,SME,2023-08-09
CUST00767,Martin Mbugua,Male,26,Kajiado,Kitengela,Retail,2025-03-21
CUST00768,Grace Atieno,Female,29,Nyeri,Nyeri,Retail,2023-08-09
CUST00769,Lucy Wambua,Male,65,Mombasa,Nyali,Retail,2025-03-31
CUST00770,Grace Kariuki,Female,35,Kisumu,Kisumu,Loyal,2024-03-02
CUST00771,Peter Kariuki,Male,25,Nairobi,Lang'ata,Retail,2022-08-22
CUST00772,Samuel Wekesa,Male,59,Nairobi,Lang'ata,Retail,2024-01-13
CUST00773,Ann Kiptoo,Male,24,Uasin Gishu,Eldoret,Retail,2023-11-30
CUST00774,Fatma Ochieng,Male,63,Mombasa,Nyali,Retail,2022-03-21
CUST00775,Samuel Ochieng,Female,50,Kisumu,Kisumu,Retail,2023-11-21
CUST00776,Peter Wanjiku,Male,60,Mombasa,Nyali,Loyal,2022-08-04
CUST00777,Fatma Otieno,Male,24,Kiambu,Kiambu,Wholesale,2023-05-07
CUST00778,George Wekesa,Male,48,Mombasa,Likoni,Retail,2022-08-01
CUST00779,George Kamau,Male,52,Kajiado,Kitengela,Retail,2026-07-21
CUST00780,Faith Kariuki,Male,67,Machakos,Machakos,Loyal,2025-01-16
CUST00781,Peter Kariuki,Male,61,Nyeri,Nyeri,Retail,2024-07-14
CUST00782,Mary Wambua,Female,43,Nakuru,Nakuru,Retail,2022-04-04
CUST00783,Imara Stores,Company,,Mombasa,Likoni,Corporate,2025-04-29
CUST00784,Dennis Atieno,Male,55,Nyeri,Nyeri,Retail,2024-06-16
CUST00785,James Wanjiku,Male,44,Kiambu,Thika,Retail,2023-03-15
CUST00786,John Odhiambo,Female,33,Uasin Gishu,Eldoret,Retail,2023-11-30
CUST00787,Irene Kamau,Female,65,Kiambu,Thika,Retail,2023-02-16
CUST00788,Martin Mbugua,Female,63,Meru,Meru,Loyal,2024-07-08
CUST00789,Samuel Otieno,Female,18,Mombasa,Nyali,Retail,2024-06-23
CUST00790,Aisha Odhiambo,Female,66,Nairobi,Lang'ata,Retail,2026-02-02
CUST00791,Aisha Jepkoech,Female,30,Mombasa,Nyali,Retail,2022-04-29
CUST00792,Kevin Mutua,Male,31,Mombasa,Likoni,Retail,2022-09-06
CUST00793,Aisha Kariuki,Female,48,Nairobi,Westlands,Retail,2023-05-01
CUST00794,Jane Njeri,Female,58,Mombasa,Nyali,Retail,2025-07-12
CUST00795,Martin Mutua,Female,55,Nairobi,Kasarani,Loyal,2025-01-17
CUST00796,Beatrice Hassan,Female,28,Machakos,Machakos,Loyal,2023-12-13
CUST00797,Jane Mbugua,Female,59,Mombasa,Likoni,Loyal,2022-04-23
CUST00798,Caroline Atieno,Female,51,Nakuru,Nakuru,Wholesale,2023-01-17
CUST00799,John Chebet,Female,31,Nairobi,Embakasi,Retail,2025-04-07
CUST00800,Jambo Stores,Company,,Nairobi,Embakasi,SME,2023-05-17
CUST00801,Grace Chebet,Female,67,Mombasa,Likoni,Retail,2022-06-25
CUST00802,Diana Njuguna,Male,51,Kisumu,Kisumu,Retail,2023-08-03
CUST00803,Esther Njeri,Female,27,Mombasa,Nyali,Retail,2024-12-21
CUST00804,Peter Maina,Female,62,Nakuru,Nakuru,Retail,2025-07-22
CUST00805,Cynthia Njeri,Female,21,Nairobi,Embakasi,Retail,2022-08-27
CUST00806,Samuel Kariuki,Male,68,Kiambu,Kiambu,Retail,2026-06-20
CUST00807,Kevin Wekesa,Female,45,Mombasa,Likoni,Retail,2026-07-10
CUST00808,Esther Wafula,Female,41,Nairobi,Kasarani,Retail,2024-06-04
CUST00809,Esther Wekesa,Female,38,Kajiado,Kitengela,Retail,2022-08-30
CUST00810,Caroline Mbugua,Female,51,Nairobi,Lang'ata,Retail,2025-10-17
CUST00811,Mercy Wafula,Female,59,Nairobi,Embakasi,Retail,2024-01-28
CUST00812,Dennis Jepkoech,Male,27,Kajiado,Kitengela,Retail,2023-09-17
CUST00813,Diana Mutua,Male,36,Kiambu,Ruiru,Loyal,2023-02-11
CUST00814,Fatma Barasa,Male,58,Uasin Gishu,Eldoret,Retail,2023-10-01
CUST00815,Grace Njuguna,Male,45,Kiambu,Ruiru,Loyal,2023-03-14
CUST00816,Samuel Atieno,Female,57,Kajiado,Kitengela,Retail,2023-09-24
CUST00817,Ann Barasa,Male,39,Kakamega,Kakamega,Loyal,2024-11-07
CUST00818,Savannah Enterprises,Company,,Kiambu,Kiambu,Corporate,2023-01-30
CUST00819,Samuel Hassan,Male,31,Nairobi,Westlands,Retail,2025-09-13
CUST00820,George Otieno,Female,25,Kajiado,Kitengela,Retail,2023-02-10
CUST00821,George Kamau,Female,38,Nyeri,Nyeri,Loyal,2024-08-19
CUST00822,Esther Odhiambo,Male,67,Meru,Meru,Retail,2023-01-02
CUST00823,Hassan Jepkoech,Female,59,Nairobi,Lang'ata,Retail,2024-12-30
CUST00824,Ufanisi Traders,Company,,Nairobi,Westlands,Corporate,2025-02-15
CUST00825,Beatrice Mutua,Female,61,Nairobi,Westlands,Loyal,2023-12-19
CUST00826,John Odhiambo,Female,58,Kakamega,Kakamega,Retail,2024-04-22
CUST00827,Peter Akinyi,Female,25,Kiambu,Ruiru,Retail,2026-04-21
CUST00828,Esther Chebet,Male,55,Nakuru,Nakuru,Retail,2025-03-07
CUST00829,Jambo Solutions,Company,,Mombasa,Nyali,Corporate,2024-10-23
CUST00830,Peter Karanja,Male,62,Nairobi,Westlands,Retail,2026-02-24
CUST00831,Dennis Kariuki,Male,62,Mombasa,Nyali,Retail,2022-02-26
CUST00832,Ann Atieno,Male,40,Nairobi,Westlands,Retail,2023-07-20
CUST00833,Dennis Otieno,Male,58,Nairobi,Kasarani,Retail,2024-12-02
CUST00834,Ann Kamau,Female,50,Nyeri,Nyeri,Retail,2022-02-20
CUST00835,Victor Atieno,Female,62,Kakamega,Kakamega,Loyal,2024-06-14
CUST00836,George Odhiambo,Male,27,Kiambu,Kiambu,Retail,2023-04-23
CUST00837,Joseph Otieno,Female,67,Nairobi,Westlands,Loyal,2026-02-22
CUST00838,Hassan Wafula,Female,48,Kakamega,Kakamega,Retail,2023-02-18
CUST00839,Caroline Mbugua,Female,22,Nairobi,Westlands,Retail,2024-03-14
CUST00840,Twiga Enterprises,Company,,Kiambu,Thika,SME,2022-06-21
CUST00841,Aisha Hassan,Female,53,Nairobi,Embakasi,Retail,2024-03-11
CUST00842,Caroline Wekesa,Male,62,Kakamega,Kakamega,Retail,2023-01-08
CUST00843,Ali Kariuki,Female,49,Kiambu,Thika,Wholesale,2026-06-16
CUST00844,Jambo Supplies,Company,,Kisumu,Kisumu,SME,2022-05-13
CUST00845,Jane Ochieng,Male,36,Nyeri,Nyeri,Retail,2026-03-15
CUST00846,Jane Mutua,Female,67,Mombasa,Nyali,Retail,2024-03-22
CUST00847,Fatma Njuguna,Female,59,Uasin Gishu,Eldoret,Retail,2025-08-25
CUST00848,Jane Wekesa,Female,32,Nairobi,Embakasi,Wholesale,2023-07-27
CUST00849,Brian Atieno,Male,23,Kajiado,Kitengela,Loyal,2025-03-03
CUST00850,James Wekesa,Female,66,Kakamega,Kakamega,Loyal,2022-06-07
CUST00851,George Kariuki,Female,43,Kisumu,Kisumu,Loyal,2023-07-02
CUST00852,Joy Njeri,Female,65,Kiambu,Thika,Retail,2022-04-11
CUST00853,Faith Wekesa,Female,26,Nakuru,Nakuru,Retail,2025-09-23
CUST00854,Ali Wanjiku,Female,31,Kajiado,Kitengela,Retail,2025-09-30
CUST00855,Diana Atieno,Female,28,Nakuru,Nakuru,Wholesale,2023-03-30
CUST00856,Kevin Njuguna,Female,64,Nairobi,Westlands,Retail,2024-01-15
CUST00857,Samuel Wekesa,Male,67,Kiambu,Ruiru,Retail,2023-01-15
CUST00858,Mercy Atieno,Female,45,Kiambu,Kiambu,Loyal,2025-06-24
CUST00859,John Kiptoo,Female,27,Kisumu,Kisumu,Loyal,2026-07-28
CUST00860,Ufanisi Stores,Company,,Uasin Gishu,Eldoret,Corporate,2026-07-12
CUST00861,Jane Kamau,Female,35,Nyeri,Nyeri,Retail,2025-10-08
CUST00862,Esther Barasa,Male,65,Kisumu,Kisumu,Loyal,2025-10-15
CUST00863,Ann Wekesa,Female,27,Meru,Meru,Loyal,2025-11-06
CUST00864,Joy Muthoni,Male,64,Mombasa,Nyali,Loyal,2024-05-05
CUST00865,Mwangaza Traders,Company,,Kiambu,Kiambu,SME,2023-05-12
CUST00866,James Wafula,Female,25,Mombasa,Likoni,Retail,2025-06-02
CUST00867,Ufanisi Solutions,Company,,Uasin Gishu,Eldoret,SME,2026-02-26
CUST00868,Lucy Chebet,Female,30,Nyeri,Nyeri,Retail,2022-09-22
CUST00869,Kevin Akinyi,Female,40,Meru,Meru,Retail,2023-08-06
CUST00870,Imara Traders,Company,,Nairobi,Kasarani,Corporate,2023-01-21
CUST00871,Caroline Mbugua,Female,56,Kiambu,Kiambu,Retail,2024-05-19
CUST00872,Victor Otieno,Female,30,Nairobi,Kasarani,Retail,2022-08-06
CUST00873,Faith Barasa,Male,60,Machakos,Machakos,Wholesale,2023-12-24
CUST00874,Mwangaza Stores,Company,,Nakuru,Nakuru,SME,2024-11-12
CUST00875,Sharon Wanjiku,Male,65,Nairobi,Kasarani,Retail,2022-07-26
CUST00876,Caroline Musyoka,Female,50,Mombasa,Likoni,Retail,2022-10-15
CUST00877,George Wafula,Male,62,Nairobi,Westlands,Retail,2026-03-22
CUST00878,Martin Njuguna,Female,61,Kiambu,Thika,Retail,2024-04-24
CUST00879,Joseph Ochieng,Male,60,Uasin Gishu,Eldoret,Retail,2024-08-04
CUST00880,Beatrice Otieno,Female,34,Nairobi,Westlands,Retail,2023-08-04
CUST00881,Faith Jepkoech,Female,43,Mombasa,Likoni,Retail,2025-08-13
CUST00882,Hassan Muthoni,Female,35,Nairobi,Westlands,Retail,2023-12-19
CUST00883,Ufanisi Traders,Company,,Mombasa,Likoni,SME,2026-03-17
CUST00884,Martin Mwangi,Female,52,Kakamega,Kakamega,Wholesale,2025-07-17
CUST00885,Joy Odhiambo,Male,62,Nakuru,Nakuru,Retail,2022-01-12
CUST00886,James Musyoka,Male,23,Meru,Meru,Loyal,2024-02-10
CUST00887,Peter Wafula,Female,59,Mombasa,Likoni,Retail,2024-07-30
CUST00888,Diana Muthoni,Male,37,Nairobi,Kasarani,Retail,2025-09-17
CUST00889,Joseph Musyoka,Female,38,Machakos,Machakos,Loyal,2026-04-03
CUST00890,Caroline Barasa,Female,18,Mombasa,Likoni,Retail,2022-10-12
CUST00891,Joy Mbugua,Male,68,Machakos,Machakos,Retail,2023-07-25
CUST00892,Mary Barasa,Female,33,Kajiado,Kitengela,Loyal,2025-02-20
CUST00893,Joseph Barasa,Female,54,Machakos,Machakos,Retail,2025-02-09
CUST00894,Ann Wanjiku,Male,46,Kakamega,Kakamega,Retail,2022-12-05
CUST00895,Lucy Mwangi,Female,34,Nairobi,Embakasi,Loyal,2025-11-21
CUST00896,John Hassan,Male,53,Mombasa,Likoni,Loyal,2023-09-24
CUST00897,Irene Kariuki,Male,51,Nakuru,Nakuru,Retail,2025-08-20
CUST00898,Jane Njeri,Male,32,Nairobi,Westlands,Loyal,2022-08-06
CUST00899,Peter Wafula,Male,37,Uasin Gishu,Eldoret,Retail,2024-02-27
CUST00900,George Maina,Male,19,Nyeri,Nyeri,Retail,2025-04-05
CUST00901,David Atieno,Female,35,Nairobi,Embakasi,Retail,2024-12-21
CUST00902,Hassan Musyoka,Female,63,Kakamega,Kakamega,Retail,2023-11-13
CUST00903,Cynthia Muthoni,Female,33,Nakuru,Nakuru,Retail,2025-05-09
CUST00904,Ann Kamau,Female,36,Nairobi,Kasarani,Retail,2023-06-27
CUST00905,Sharon Mutua,Female,50,Kajiado,Kitengela,Retail,2024-07-20
CUST00906,Fatma Kamau,Female,58,Nairobi,Lang'ata,Retail,2023-10-05
CUST00907,Diana Chebet,Female,41,Kisumu,Kisumu,Loyal,2022-05-04
CUST00908,Faith Maina,Male,63,Uasin Gishu,Eldoret,Retail,2025-11-16
CUST00909,Grace Atieno,Male,54,Kisumu,Kisumu,Loyal,2024-07-08
CUST00910,Sharon Chebet,Female,21,Nyeri,Nyeri,Retail,2023-03-05
CUST00911,Peter Barasa,Female,48,Machakos,Machakos,Loyal,2022-09-27
CUST00912,Jane Wafula,Male,20,Mombasa,Likoni,Retail,2024-02-08
CUST00913,Cynthia Kiprotich,Male,45,Mombasa,Likoni,Retail,2024-07-29
CUST00914,Irene Kamau,Female,41,Kiambu,Thika,Retail,2024-06-30
CUST00915,George Mbugua,Male,28,Mombasa,Nyali,Loyal,2025-06-28
CUST00916,Dennis Karanja,Male,21,Kajiado,Kitengela,Wholesale,2025-02-05
CUST00917,Fatma Barasa,Female,67,Nyeri,Nyeri,Retail,2024-01-27
CUST00918,Joseph Otieno,Male,47,Kiambu,Kiambu,Retail,2026-01-07
CUST00919,Rafiki Supplies,Company,,Meru,Meru,Corporate,2022-06-28
CUST00920,Joy Hassan,Female,59,Kiambu,Ruiru,Retail,2022-03-19
CUST00921,Esther Barasa,Male,57,Kiambu,Ruiru,Retail,2024-03-11
CUST00922,Esther Karanja,Female,42,Nairobi,Westlands,Loyal,2024-11-22
CUST00923,Esther Mbugua,Male,28,Nairobi,Embakasi,Retail,2024-02-19
CUST00924,Savannah Stores,Company,,Nyeri,Nyeri,SME,2022-12-10
CUST00925,Cynthia Wanjiku,Female,56,Kajiado,Kitengela,Retail,2023-11-19
CUST00926,Kevin Njeri,Female,18,Kisumu,Kisumu,Retail,2025-03-19
CUST00927,Mwangaza Traders,Company,,Machakos,Machakos,Corporate,2025-09-25
CUST00928,Ufanisi Ltd,Company,,Uasin Gishu,Eldoret,SME,2023-02-18
CUST00929,Esther Kariuki,Female,23,Nairobi,Lang'ata,Loyal,2023-05-05
CUST00930,Ali Muthoni,Female,44,Mombasa,Likoni,Retail,2022-06-29
CUST00931,Joseph Mutua,Female,60,Mombasa,Likoni,Wholesale,2024-05-29
CUST00932,Kevin Wanjiku,Female,56,Nairobi,Kasarani,Retail,2025-02-05
CUST00933,Samuel Musyoka,Male,54,Mombasa,Likoni,Retail,2024-05-01
CUST00934,Brian Hassan,Male,49,Kiambu,Thika,Wholesale,2025-07-03
CUST00935,Jane Kiptoo,Female,58,Nairobi,Westlands,Retail,2024-02-20
CUST00936,Victor Ochieng,Female,31,Kajiado,Kitengela,Retail,2025-01-04
CUST00937,Grace Kiptoo,Female,26,Meru,Meru,Retail,2023-11-11
CUST00938,Irene Barasa,Female,26,Kiambu,Kiambu,Loyal,2024-09-19
CUST00939,Ann Mbugua,Female,38,Kiambu,Ruiru,Retail,2022-11-26
CUST00940,Savannah Enterprises,Company,,Nakuru,Nakuru,SME,2022-05-15
CUST00941,Joy Karanja,Male,61,Nairobi,Kasarani,Retail,2023-11-16
CUST00942,Kevin Kiprotich,Female,33,Nairobi,Kasarani,Retail,2025-11-10
CUST00943,Mary Barasa,Male,41,Nyeri,Nyeri,Wholesale,2025-03-03
CUST00944,Lucy Jepkoech,Female,59,Nairobi,Embakasi,Retail,2022-02-01
CUST00945,Dennis Musyoka,Male,48,Nairobi,Lang'ata,Retail,2024-01-30
CUST00946,Fatma Kariuki,Male,54,Meru,Meru,Retail,2022-07-30
CUST00947,Mary Kamau,Male,65,Mombasa,Nyali,Retail,2025-01-10
CUST00948,Mercy Hassan,Male,64,Kiambu,Kiambu,Loyal,2022-08-15
CUST00949,Cynthia Wafula,Male,21,Nairobi,Embakasi,Retail,2025-02-10
CUST00950,Ann Mwangi,Male,33,Kisumu,Kisumu,Loyal,2026-01-11
CUST00951,Twiga Enterprises,Company,,Nairobi,Kasarani,SME,2022-05-29
CUST00952,Peter Odhiambo,Male,33,Kisumu,Kisumu,Loyal,2026-01-24
CUST00953,Kevin Musyoka,Male,36,Nyeri,Nyeri,Retail,2022-02-07
CUST00954,John Odhiambo,Male,49,Mombasa,Nyali,Loyal,2023-01-25
CUST00955,Cynthia Otieno,Female,31,Mombasa,Nyali,Retail,2023-04-26
CUST00956,Diana Kamau,Female,27,Nairobi,Westlands,Wholesale,2025-07-08
CUST00957,Hassan Mbugua,Female,19,Kajiado,Kitengela,Retail,2023-01-26
CUST00958,Aisha Jepkoech,Male,21,Nyeri,Nyeri,Retail,2024-01-03
CUST00959,David Mbugua,Male,67,Kiambu,Kiambu,Retail,2025-07-19
CUST00960,Dennis Kiptoo,Female,57,Mombasa,Likoni,Retail,2022-02-17
CUST00961,Sharon Wambua,Female,26,Kiambu,Kiambu,Retail,2025-07-21
CUST00962,James Ochieng,Female,46,Kakamega,Kakamega,Retail,2025-02-16
CUST00963,Lucy Njuguna,Female,52,Nairobi,Embakasi,Retail,2023-11-27
CUST00964,Peter Barasa,Female,49,Kiambu,Thika,Retail,2024-09-25
CUST00965,Aisha Muthoni,Male,52,Mombasa,Likoni,Retail,2023-09-14
CUST00966,John Kamau,Male,23,Kakamega,Kakamega,Retail,2024-02-16
CUST00967,Joseph Otieno,Female,62,Kiambu,Thika,Wholesale,2023-01-03
CUST00968,Martin Mwangi,Male,56,Kajiado,Kitengela,Retail,2023-10-26
CUST00969,Aisha Chebet,Male,59,Mombasa,Nyali,Retail,2024-03-23
CUST00970,Hassan Kiprotich,Male,51,Kajiado,Kitengela,Retail,2023-02-15
CUST00971,Beatrice Mbugua,Male,66,Uasin Gishu,Eldoret,Retail,2024-10-12
CUST00972,George Otieno,Male,23,Nairobi,Embakasi,Loyal,2025-06-11
CUST00973,Mary Akinyi,Female,27,Kiambu,Ruiru,Loyal,2024-03-29
CUST00974,Irene Mwangi,Female,34,Kiambu,Kiambu,Retail,2023-03-29
CUST00975,Ann Mwangi,Male,33,Mombasa,Likoni,Loyal,2025-03-05
CUST00976,Grace Ochieng,Female,55,Machakos,Machakos,Retail,2025-02-03
CUST00977,Brian Wanjiku,Male,64,Kiambu,Kiambu,Loyal,2025-05-16
CUST00978,Ali Jepkoech,Female,22,Mombasa,Nyali,Retail,2025-09-19
CUST00979,Kevin Wambua,Male,61,Meru,Meru,Retail,2024-07-30
CUST00980,Cynthia Chebet,Male,67,Meru,Meru,Retail,2024-11-06
CUST00981,Jane Jepkoech,Male,59,Kiambu,Kiambu,Retail,2026-03-23
CUST00982,Grace Njeri,Male,47,Nyeri,Nyeri,Retail,2023-02-15
CUST00983,Caroline Njuguna,Female,47,Kakamega,Kakamega,Retail,2023-12-25
CUST00984,Rafiki Ltd,Company,,Kiambu,Thika,Corporate,2025-06-29
CUST00985,Samuel Akinyi,Male,63,Nairobi,Lang'ata,Retail,2026-06-29
CUST00986,Fatma Mbugua,Male,18,Nairobi,Embakasi,Retail,2025-12-25
CUST00987,Grace Otieno,Female,66,Kajiado,Kitengela,Retail,2025-08-01
CUST00988,Caroline Ochieng,Female,67,Kiambu,Ruiru,Retail,2022-03-27
CUST00989,Jambo Ltd,Company,,Kiambu,Thika,SME,2023-05-15
CUST00990,John Karanja,Female,26,Nakuru,Nakuru,Retail,2025-04-20
CUST00991,Hassan Ochieng,Female,56,Meru,Meru,Retail,2023-06-21
CUST00992,Cynthia Mwangi,Male,53,Kakamega,Kakamega,Retail,2023-10-16
CUST00993,Samuel Kamau,Male,52,Nairobi,Embakasi,Loyal,2023-03-15
CUST00994,Irene Odhiambo,Male,20,Nairobi,Lang'ata,Wholesale,2025-04-05
CUST00995,Caroline Njuguna,Female,66,Nairobi,Westlands,Retail,2023-06-12
CUST00996,Mwangaza Solutions,Company,,Nyeri,Nyeri,SME,2025-07-17
CUST00997,Caroline Ochieng,Female,36,Kiambu,Kiambu,Retail,2025-12-22
CUST00998,Victor Wekesa,Male,41,Kiambu,Kiambu,Loyal,2026-05-16
CUST00999,Ann Hassan,Female,55,Machakos,Machakos,Retail,2022-03-12
CUST01000,George Wambua,Male,29,Machakos,Machakos,Retail,2024-02-09
CUST01001,George Njuguna,Female,42,Mombasa,Nyali,Retail,2022-10-25
CUST01002,George Barasa,Male,46,Kajiado,Kitengela,Retail,2026-05-19
CUST01003,John Chebet,Male,28,Mombasa,Nyali,Retail,2022-02-06
CUST01004,Aisha Musyoka,Male,19,Kiambu,Kiambu,Retail,2026-02-28
CUST01005,James Atieno,Female,30,Kiambu,Thika,Retail,2022-03-18
CUST01006,Ann Wambua,Female,45,Kiambu,Thika,Retail,2025-02-20
CUST01007,Joseph Odhiambo,Female,41,Kajiado,Kitengela,Retail,2023-06-10
CUST01008,Irene Wafula,Male,51,Uasin Gishu,Eldoret,Retail,2022-04-26
CUST01009,Lucy Wambua,Female,66,Kakamega,Kakamega,Wholesale,2026-05-24
CUST01010,Kevin Wafula,Female,32,Nairobi,Embakasi,Retail,2023-01-01
CUST01011,Beatrice Musyoka,Male,65,Uasin Gishu,Eldoret,Loyal,2024-02-19
CUST01012,Irene Kiprotich,Male,58,Machakos,Machakos,Retail,2024-11-28
CUST01013,Pamoja Supplies,Company,,Nyeri,Nyeri,Corporate,2024-11-24
CUST01014,Aisha Atieno,Male,36,Nairobi,Embakasi,Retail,2025-02-08
CUST01015,Peter Akinyi,Male,57,Kiambu,Ruiru,Retail,2024-07-08
CUST01016,Ann Otieno,Female,37,Kakamega,Kakamega,Retail,2023-08-29
CUST01017,John Akinyi,Male,35,Nairobi,Embakasi,Loyal,2025-10-06
CUST01018,Twiga Solutions,Company,,Nyeri,Nyeri,SME,2024-04-09
CUST01019,Dennis Kariuki,Female,41,Mombasa,Likoni,Retail,2025-02-08
CUST01020,Victor Musyoka,Female,19,Kajiado,Kitengela,Retail,2025-07-28
CUST01021,Aisha Akinyi,Female,26,Nairobi,Westlands,Retail,2023-01-24
CUST01022,Irene Wambua,Female,40,Kisumu,Kisumu,Retail,2023-11-16
CUST01023,Mary Atieno,Male,48,Machakos,Machakos,Retail,2025-02-11
CUST01024,Caroline Kiprotich,Male,53,Kajiado,Kitengela,Loyal,2024-06-11
CUST01025,Kevin Akinyi,Male,23,Nairobi,Kasarani,Retail,2023-04-04
CUST01026,Mary Kiptoo,Male,62,Nairobi,Embakasi,Retail,2024-05-17
CUST01027,Brian Maina,Male,38,Nakuru,Nakuru,Retail,2024-04-17
CUST01028,Brian Jepkoech,Female,53,Kiambu,Kiambu,Retail,2024-06-30
CUST01029,Beatrice Kiprotich,Female,50,Kiambu,Ruiru,Wholesale,2024-04-20
CUST01030,Irene Otieno,Male,64,Nairobi,Westlands,Loyal,2024-10-16
CUST01031,Grace Kariuki,Male,53,Kiambu,Thika,Loyal,2024-03-14
CUST01032,Beatrice Wekesa,Male,46,Kiambu,Thika,Retail,2025-10-08
CUST01033,Jane Kariuki,Male,43,Nairobi,Lang'ata,Retail,2025-04-21
CUST01034,Diana Kariuki,Male,52,Mombasa,Nyali,Retail,2025-10-07
CUST01035,Dennis Wambua,Female,20,Kisumu,Kisumu,Retail,2022-02-25
CUST01036,George Wekesa,Male,51,Nairobi,Westlands,Retail,2025-12-31
CUST01037,John Kamau,Male,28,Machakos,Machakos,Retail,2024-05-11
CUST01038,Victor Akinyi,Male,36,Nyeri,Nyeri,Retail,2024-11-21
CUST01039,Sharon Kamau,Male,30,Nairobi,Westlands,Retail,2026-06-30
CUST01040,Cynthia Odhiambo,Female,62,Nairobi,Lang'ata,Loyal,2024-05-23
CUST01041,Sharon Mbugua,Male,37,Kajiado,Kitengela,Wholesale,2022-05-26
CUST01042,David Mbugua,Male,24,Kiambu,Ruiru,Retail,2022-12-24
CUST01043,Peter Kiprotich,Female,43,Uasin Gishu,Eldoret,Retail,2023-06-13
CUST01044,Ufanisi Traders,Company,,Mombasa,Likoni,Corporate,2026-03-23
CUST01045,Lucy Muthoni,Male,52,Meru,Meru,Retail,2025-03-02
CUST01046,Martin Wambua,Female,24,Kiambu,Ruiru,Retail,2023-10-07
CUST01047,Brian Maina,Male,42,Nyeri,Nyeri,Wholesale,2024-12-26
CUST01048,Cynthia Wafula,Male,46,Kisumu,Kisumu,Retail,2024-07-20
CUST01049,Mwangaza Solutions,Company,,Uasin Gishu,Eldoret,SME,2023-10-25
CUST01050,Victor Kariuki,Male,29,Meru,Meru,Loyal,2025-07-20
CUST01051,Ali Wanjiku,Male,51,Kiambu,Ruiru,Retail,2024-10-14
CUST01052,Faith Hassan,Male,49,Mombasa,Nyali,Retail,2026-05-30
CUST01053,Samuel Kiptoo,Female,31,Kakamega,Kakamega,Retail,2023-05-14
CUST01054,Victor Ochieng,Female,26,Nairobi,Lang'ata,Retail,2024-06-07
CUST01055,Faith Ochieng,Male,57,Nairobi,Westlands,Retail,2022-02-25
CUST01056,Rafiki Ltd,Company,,Nairobi,Westlands,SME,2022-01-30
CUST01057,Sharon Wanjiku,Male,43,Nairobi,Embakasi,Retail,2023-07-07
CUST01058,Beatrice Kiprotich,Male,39,Kisumu,Kisumu,Retail,2022-08-18
CUST01059,Sharon Ochieng,Female,63,Kiambu,Ruiru,Loyal,2024-12-29
CUST01060,Joy Atieno,Male,55,Kakamega,Kakamega,Wholesale,2024-07-20
CUST01061,Martin Akinyi,Male,23,Meru,Meru,Loyal,2022-07-31
CUST01062,Irene Wafula,Female,46,Nairobi,Kasarani,Retail,2026-02-03
CUST01063,Grace Mbugua,Male,21,Nyeri,Nyeri,Loyal,2025-07-22
CUST01064,Martin Musyoka,Male,55,Kiambu,Thika,Retail,2023-09-29
CUST01065,David Chebet,Female,40,Nairobi,Kasarani,Loyal,2023-09-09
CUST01066,Jane Maina,Male,36,Kiambu,Thika,Wholesale,2025-01-22
CUST01067,Ali Jepkoech,Male,33,Kiambu,Kiambu,Retail,2024-09-03
CUST01068,Brian Odhiambo,Male,66,Nyeri,Nyeri,Retail,2022-06-09
CUST01069,Lucy Wekesa,Female,68,Kiambu,Kiambu,Loyal,2025-12-27
CUST01070,Diana Muthoni,Female,19,Kiambu,Thika,Loyal,2023-06-15
CUST01071,David Wanjiku,Male,49,Kisumu,Kisumu,Retail,2023-01-23
CUST01072,Diana Kiprotich,Female,46,Uasin Gishu,Eldoret,Retail,2023-08-23
CUST01073,Jane Njuguna,Female,45,Nairobi,Lang'ata,Wholesale,2022-08-28
CUST01074,Faith Hassan,Female,24,Nakuru,Nakuru,Retail,2023-10-27
CUST01075,Ali Kiprotich,Female,31,Kiambu,Ruiru,Retail,2022-11-02
CUST01076,Caroline Hassan,Male,20,Meru,Meru,Retail,2023-06-12
CUST01077,Lucy Chebet,Male,31,Kajiado,Kitengela,Retail,2025-04-05
CUST01078,Ali Barasa,Male,25,Kisumu,Kisumu,Retail,2024-03-14
CUST01079,Victor Kiprotich,Male,65,Kiambu,Thika,Retail,2023-06-16
CUST01080,Joseph Karanja,Male,48,Mombasa,Likoni,Retail,2022-02-20
CUST01081,Dennis Wambua,Male,25,Kiambu,Kiambu,Retail,2024-03-14
CUST01082,Mary Barasa,Male,47,Nairobi,Kasarani,Retail,2025-05-09
CUST01083,Cynthia Atieno,Male,28,Nairobi,Westlands,Retail,2022-06-06
CUST01084,Kevin Barasa,Female,64,Kiambu,Ruiru,Wholesale,2024-06-11
CUST01085,Diana Atieno,Female,31,Kiambu,Ruiru,Retail,2024-02-25
CUST01086,Dennis Kariuki,Female,33,Nairobi,Lang'ata,Retail,2025-08-07
CUST01087,Martin Jepkoech,Female,44,Mombasa,Nyali,Retail,2023-01-07
CUST01088,Dennis Chebet,Male,40,Kiambu,Ruiru,Retail,2022-05-26
CUST01089,Lucy Muthoni,Female,60,Kajiado,Kitengela,Retail,2023-11-14
CUST01090,Cynthia Akinyi,Male,31,Nairobi,Westlands,Loyal,2026-03-28
CUST01091,James Hassan,Male,43,Kiambu,Thika,Loyal,2025-09-09
CUST01092,Cynthia Ochieng,Female,21,Kisumu,Kisumu,Retail,2024-12-18
CUST01093,Jane Mbugua,Female,26,Nyeri,Nyeri,Loyal,2024-04-27
CUST01094,Caroline Barasa,Female,19,Kiambu,Kiambu,Wholesale,2022-08-10
CUST01095,Aisha Kiprotich,Female,29,Mombasa,Nyali,Retail,2024-10-10
CUST01096,Peter Otieno,Male,43,Mombasa,Likoni,Retail,2025-09-23
CUST01097,Samuel Kariuki,Female,56,Nairobi,Embakasi,Retail,2025-05-09
CUST01098,Mary Karanja,Male,32,Kiambu,Ruiru,Retail,2023-11-24
CUST01099,Fatma Odhiambo,Male,29,Mombasa,Nyali,Retail,2026-07-30
CUST01100,Joseph Barasa,Female,20,Kiambu,Ruiru,Retail,2024-04-06
CUST01101,Dennis Karanja,Male,58,Machakos,Machakos,Retail,2024-07-24
CUST01102,Brian Kariuki,Male,57,Mombasa,Likoni,Retail,2025-08-24
CUST01103,Fatma Musyoka,Female,66,Kisumu,Kisumu,Retail,2022-08-11
CUST01104,Diana Karanja,Female,44,Meru,Meru,Retail,2022-06-20
CUST01105,Aisha Kiprotich,Male,52,Mombasa,Nyali,Retail,2023-11-18
CUST01106,Ann Otieno,Female,61,Uasin Gishu,Eldoret,Retail,2026-05-21
CUST01107,John Musyoka,Female,27,Nakuru,Nakuru,Retail,2025-11-27
CUST01108,David Njeri,Male,24,Nyeri,Nyeri,Retail,2024-04-08
CUST01109,Victor Njeri,Female,61,Meru,Meru,Retail,2024-10-24
CUST01110,James Musyoka,Male,45,Mombasa,Nyali,Wholesale,2024-08-01
CUST01111,Dennis Maina,Male,60,Kiambu,Thika,Loyal,2022-10-02
CUST01112,David Ochieng,Male,44,Nairobi,Lang'ata,Loyal,2023-10-29
CUST01113,John Akinyi,Male,40,Nyeri,Nyeri,Retail,2026-07-05
CUST01114,James Kamau,Female,59,Kisumu,Kisumu,Retail,2026-02-12
CUST01115,Caroline Mutua,Male,43,Kisumu,Kisumu,Loyal,2026-06-27
CUST01116,Irene Jepkoech,Male,55,Kakamega,Kakamega,Wholesale,2022-08-04
CUST01117,Joseph Mbugua,Female,56,Mombasa,Likoni,Retail,2026-02-01
CUST01118,Martin Kamau,Female,21,Kajiado,Kitengela,Loyal,2024-07-13
CUST01119,Fatma Wambua,Female,27,Meru,Meru,Retail,2026-07-21
CUST01120,George Kiptoo,Male,25,Nairobi,Embakasi,Retail,2026-06-16
CUST01121,Diana Atieno,Male,37,Nyeri,Nyeri,Retail,2025-12-25
CUST01122,Hassan Akinyi,Male,66,Nairobi,Embakasi,Retail,2023-11-30
CUST01123,Martin Mutua,Female,63,Nakuru,Nakuru,Loyal,2023-08-10
CUST01124,James Otieno,Male,21,Kiambu,Kiambu,Retail,2024-01-31
CUST01125,David Kiprotich,Male,23,Kakamega,Kakamega,Retail,2023-04-16
CUST01126,Mary Mbugua,Female,59,Kakamega,Kakamega,Retail,2025-02-13
CUST01127,Dennis Mutua,Female,67,Kiambu,Thika,Loyal,2023-01-04
CUST01128,Joy Kamau,Female,27,Nairobi,Westlands,Retail,2024-01-22
CUST01129,Cynthia Maina,Female,50,Uasin Gishu,Eldoret,Retail,2023-08-02
CUST01130,Dennis Wafula,Female,19,Kakamega,Kakamega,Retail,2024-03-07
CUST01131,David Wambua,Female,21,Meru,Meru,Retail,2024-07-14
CUST01132,Ali Musyoka,Male,55,Nairobi,Westlands,Retail,2023-08-15
CUST01133,John Ochieng,Female,20,Meru,Meru,Wholesale,2023-07-17
CUST01134,John Wafula,Female,58,Mombasa,Likoni,Retail,2022-12-15
CUST01135,Cynthia Mutua,Female,28,Nairobi,Lang'ata,Retail,2025-02-28
CUST01136,Kevin Wafula,Male,43,Nairobi,Embakasi,Loyal,2022-12-28
CUST01137,Ali Odhiambo,Female,45,Kiambu,Thika,Loyal,2022-06-15
CUST01138,James Muthoni,Female,67,Kiambu,Kiambu,Loyal,2022-01-21
CUST01139,James Akinyi,Male,33,Kakamega,Kakamega,Retail,2025-04-08
CUST01140,Caroline Atieno,Male,55,Meru,Meru,Retail,2025-08-24
CUST01141,Esther Akinyi,Female,47,Kiambu,Thika,Retail,2025-05-29
CUST01142,Jane Barasa,Male,51,Kiambu,Thika,Loyal,2022-07-02
CUST01143,Aisha Kiprotich,Female,43,Nairobi,Kasarani,Retail,2024-02-06
CUST01144,Caroline Kariuki,Male,35,Mombasa,Nyali,Retail,2024-03-03
CUST01145,Dennis Atieno,Female,67,Kiambu,Kiambu,Retail,2024-05-28
CUST01146,Peter Atieno,Female,36,Kisumu,Kisumu,Retail,2025-09-24
CUST01147,Fatma Wanjiku,Male,67,Kisumu,Kisumu,Retail,2023-07-15
CUST01148,George Kariuki,Male,20,Mombasa,Likoni,Retail,2025-08-30
CUST01149,Samuel Wafula,Female,33,Kiambu,Kiambu,Loyal,2024-11-12
CUST01150,Joy Kamau,Male,62,Nakuru,Nakuru,Retail,2023-07-28
CUST01151,Pamoja Traders,Company,,Nairobi,Embakasi,Corporate,2026-01-13
CUST01152,Ann Karanja,Male,18,Nairobi,Embakasi,Retail,2024-12-18
CUST01153,Samuel Kariuki,Female,20,Machakos,Machakos,Retail,2022-09-08
CUST01154,Grace Akinyi,Male,51,Kakamega,Kakamega,Loyal,2025-04-01
CUST01155,Peter Wafula,Female,21,Kiambu,Ruiru,Retail,2023-12-25
CUST01156,Brian Ochieng,Male,50,Kajiado,Kitengela,Retail,2024-04-19
CUST01157,Victor Wafula,Male,37,Nairobi,Lang'ata,Retail,2022-05-10
CUST01158,Joseph Wekesa,Male,44,Mombasa,Nyali,Retail,2024-07-03
CUST01159,James Muthoni,Female,65,Kakamega,Kakamega,Retail,2026-03-21
CUST01160,Ali Wekesa,Male,51,Kiambu,Thika,Retail,2024-06-27
CUST01161,Mary Karanja,Male,50,Nairobi,Embakasi,Wholesale,2023-08-15
CUST01162,Kevin Akinyi,Female,21,Nairobi,Kasarani,Retail,2024-12-22
CUST01163,Dennis Muthoni,Male,45,Kiambu,Kiambu,Loyal,2025-12-10
CUST01164,John Otieno,Male,40,Kajiado,Kitengela,Wholesale,2025-03-08
CUST01165,Victor Kiptoo,Male,57,Mombasa,Nyali,Retail,2025-07-20
CUST01166,Irene Wafula,Female,49,Kiambu,Thika,Loyal,2025-04-10
CUST01167,Faith Njeri,Male,26,Mombasa,Nyali,Wholesale,2022-02-04
CUST01168,John Mbugua,Male,51,Mombasa,Nyali,Retail,2025-02-22
CUST01169,Faith Otieno,Female,32,Nairobi,Lang'ata,Retail,2025-03-08
CUST01170,George Kiprotich,Male,34,Nairobi,Westlands,Loyal,2024-09-21
CUST01171,Mwangaza Stores,Company,,Nyeri,Nyeri,SME,2022-01-13
CUST01172,Kevin Barasa,Male,43,Nairobi,Lang'ata,Retail,2025-10-14
CUST01173,Victor Muthoni,Male,50,Nairobi,Kasarani,Retail,2025-06-12
CUST01174,Peter Chebet,Female,68,Nairobi,Westlands,Retail,2024-12-08
CUST01175,Samuel Barasa,Male,18,Kiambu,Thika,Retail,2022-12-18
CUST01176,James Akinyi,Male,62,Nairobi,Westlands,Loyal,2023-12-19
CUST01177,Cynthia Kiprotich,Male,40,Nyeri,Nyeri,Retail,2025-03-12
CUST01178,Pamoja Stores,Company,,Mombasa,Likoni,SME,2022-07-13
CUST01179,Mercy Barasa,Female,19,Machakos,Machakos,Loyal,2024-06-10
CUST01180,Samuel Akinyi,Male,19,Meru,Meru,Wholesale,2025-06-14
CUST01181,Joy Mwangi,Female,39,Kiambu,Ruiru,Retail,2023-03-18
CUST01182,Fatma Barasa,Female,63,Mombasa,Nyali,Retail,2023-10-22
CUST01183,Joseph Karanja,Male,18,Nairobi,Embakasi,Retail,2022-02-04
CUST01184,Cynthia Ochieng,Male,60,Nairobi,Kasarani,Retail,2025-12-01
CUST01185,Jane Karanja,Female,29,Nairobi,Lang'ata,Retail,2022-01-21
CUST01186,Beatrice Njeri,Male,68,Kajiado,Kitengela,Retail,2022-03-21
CUST01187,Caroline Hassan,Female,64,Machakos,Machakos,Retail,2025-07-26
CUST01188,Samuel Musyoka,Male,37,Kiambu,Kiambu,Retail,2026-03-16
CUST01189,Irene Otieno,Male,55,Kiambu,Kiambu,Retail,2026-06-14
CUST01190,Diana Kamau,Male,36,Nyeri,Nyeri,Retail,2024-10-14
CUST01191,Fatma Kamau,Female,22,Nakuru,Nakuru,Retail,2023-10-30
CUST01192,Aisha Jepkoech,Female,61,Kajiado,Kitengela,Retail,2025-01-16
CUST01193,Faith Chebet,Female,42,Nairobi,Kasarani,Retail,2024-09-24
CUST01194,Imara Ltd,Company,,Mombasa,Nyali,SME,2023-10-02
CUST01195,Ann Njuguna,Male,18,Nairobi,Kasarani,Retail,2023-11-22
CUST01196,Hassan Hassan,Male,66,Nairobi,Westlands,Retail,2023-08-05
CUST01197,Ali Musyoka,Male,22,Nairobi,Embakasi,Retail,2024-01-09
CUST01198,Dennis Wekesa,Male,33,Nyeri,Nyeri,Retail,2026-02-05
CUST01199,Aisha Mutua,Female,53,Mombasa,Nyali,Loyal,2022-05-18
CUST01200,Kevin Wekesa,Male,30,Nairobi,Westlands,Retail,2026-02-18
CUST01201,James Wanjiku,Male,46,Kajiado,Kitengela,Loyal,2024-02-12
CUST01202,Dennis Kamau,Male,34,Nairobi,Kasarani,Retail,2026-06-25
CUST01203,Joseph Musyoka,Male,30,Kiambu,Thika,Retail,2023-06-17
CUST01204,Jane Kariuki,Male,49,Kiambu,Thika,Loyal,2022-03-26
CUST01205,Hassan Musyoka,Female,58,Meru,Meru,Retail,2024-01-25
CUST01206,Peter Mutua,Male,29,Nairobi,Embakasi,Wholesale,2025-04-07
CUST01207,George Njeri,Male,62,Nakuru,Nakuru,Retail,2024-09-27
CUST01208,Ali Odhiambo,Male,39,Meru,Meru,Loyal,2025-12-19
CUST01209,George Mwangi,Female,31,Nairobi,Westlands,Retail,2025-10-06
CUST01210,Mercy Wanjiku,Male,58,Nairobi,Kasarani,Retail,2022-01-13
CUST01211,Martin Otieno,Female,19,Nyeri,Nyeri,Retail,2026-06-04
CUST01212,Martin Odhiambo,Female,25,Kakamega,Kakamega,Retail,2023-06-09
CUST01213,Ann Kariuki,Male,55,Machakos,Machakos,Retail,2026-01-06
CUST01214,Hassan Kiprotich,Female,47,Kajiado,Kitengela,Retail,2023-12-01
CUST01215,Lucy Wafula,Female,68,Mombasa,Nyali,Loyal,2023-09-04
CUST01216,Esther Jepkoech,Male,35,Nairobi,Embakasi,Retail,2025-03-07
CUST01217,Beatrice Maina,Male,20,Kajiado,Kitengela,Retail,2022-06-12
CUST01218,Caroline Kiptoo,Male,49,Nairobi,Embakasi,Wholesale,2024-09-21
CUST01219,Mwangaza Stores,Company,,Nairobi,Kasarani,SME,2025-04-07
CUST01220,David Wambua,Male,23,Nairobi,Kasarani,Retail,2026-07-03
CUST01221,Mary Wanjiku,Female,18,Machakos,Machakos,Retail,2023-06-20
CUST01222,Ann Maina,Female,39,Mombasa,Nyali,Wholesale,2022-01-29
CUST01223,Peter Wekesa,Male,21,Uasin Gishu,Eldoret,Retail,2024-09-22
CUST01224,Aisha Jepkoech,Female,68,Nakuru,Nakuru,Retail,2025-03-29
CUST01225,James Wekesa,Male,46,Meru,Meru,Wholesale,2023-01-20
CUST01226,Mwangaza Traders,Company,,Nyeri,Nyeri,SME,2022-02-21
CUST01227,Cynthia Odhiambo,Male,32,Mombasa,Nyali,Retail,2022-06-15
CUST01228,Joseph Atieno,Female,41,Meru,Meru,Retail,2024-05-15
CUST01229,Ann Mbugua,Male,66,Nyeri,Nyeri,Retail,2024-03-04
CUST01230,Mercy Njuguna,Male,62,Kisumu,Kisumu,Retail,2024-10-07
CUST01231,Fatma Mbugua,Female,48,Kajiado,Kitengela,Retail,2024-05-28
CUST01232,David Mutua,Female,22,Kisumu,Kisumu,Loyal,2023-11-06
CUST01233,Imara Traders,Company,,Nakuru,Nakuru,Corporate,2023-11-26
CUST01234,Jane Wambua,Male,30,Nairobi,Kasarani,Wholesale,2025-09-05
CUST01235,Caroline Wambua,Male,30,Mombasa,Likoni,Wholesale,2022-04-27
CUST01236,Mary Wanjiku,Male,34,Nairobi,Kasarani,Retail,2022-11-29
CUST01237,Hassan Wekesa,Male,20,Mombasa,Nyali,Retail,2023-11-30
CUST01238,Beatrice Atieno,Male,33,Machakos,Machakos,Wholesale,2024-07-20
CUST01239,Mary Hassan,Female,31,Nairobi,Lang'ata,Loyal,2024-10-17
CUST01240,Beatrice Wambua,Male,59,Nairobi,Lang'ata,Wholesale,2023-02-10
CUST01241,Mercy Wanjiku,Male,55,Nakuru,Nakuru,Wholesale,2023-04-11
CUST01242,Fatma Mbugua,Male,33,Mombasa,Nyali,Retail,2025-03-19
CUST01243,James Wekesa,Female,26,Kajiado,Kitengela,Retail,2025-09-10
CUST01244,James Otieno,Male,18,Meru,Meru,Retail,2024-02-27
CUST01245,Rafiki Stores,Company,,Nairobi,Lang'ata,SME,2024-04-18
CUST01246,Faith Kariuki,Male,54,Kiambu,Thika,Retail,2025-04-08
CUST01247,Aisha Hassan,Female,29,Nairobi,Lang'ata,Retail,2022-03-17
CUST01248,Victor Muthoni,Male,19,Nairobi,Embakasi,Loyal,2022-10-25
CUST01249,Irene Jepkoech,Female,37,Kiambu,Ruiru,Retail,2022-11-17
CUST01250,Ann Mbugua,Female,23,Meru,Meru,Retail,2025-08-01
CUST01251,Aisha Ochieng,Male,32,Mombasa,Nyali,Retail,2022-05-28
CUST01252,Irene Barasa,Male,45,Meru,Meru,Retail,2025-12-05
CUST01253,Cynthia Mbugua,Female,65,Machakos,Machakos,Loyal,2024-03-19
CUST01254,Jane Wafula,Male,60,Kiambu,Ruiru,Retail,2022-06-10
CUST01255,Jambo Ltd,Company,,Nairobi,Embakasi,SME,2026-03-26
CUST01256,Victor Wambua,Male,30,Nairobi,Westlands,Retail,2023-04-25
CUST01257,James Mutua,Male,51,Kajiado,Kitengela,Retail,2025-07-04
CUST01258,Fatma Njeri,Male,57,Nairobi,Kasarani,Retail,2025-02-21
CUST01259,Dennis Wekesa,Female,55,Nairobi,Embakasi,Retail,2023-07-21
CUST01260,Grace Mbugua,Male,50,Kakamega,Kakamega,Retail,2025-03-29
CUST01261,Esther Kamau,Male,35,Kajiado,Kitengela,Wholesale,2022-12-05
CUST01262,Ann Mutua,Male,36,Meru,Meru,Retail,2022-08-31
CUST01263,Lucy Chebet,Female,30,Kiambu,Ruiru,Retail,2023-05-20
CUST01264,Sharon Kariuki,Female,51,Mombasa,Nyali,Retail,2025-06-21
CUST01265,Irene Wafula,Male,60,Nakuru,Nakuru,Retail,2026-04-06
CUST01266,David Kamau,Male,56,Kakamega,Kakamega,Retail,2023-05-20
CUST01267,Brian Kariuki,Female,58,Kiambu,Thika,Loyal,2023-11-04
CUST01268,Martin Mbugua,Female,18,Kisumu,Kisumu,Retail,2023-03-16
CUST01269,Sharon Atieno,Female,50,Kiambu,Ruiru,Loyal,2024-10-15
CUST01270,Joseph Wafula,Female,53,Machakos,Machakos,Retail,2025-07-24
CUST01271,Hassan Akinyi,Female,40,Nairobi,Kasarani,Wholesale,2023-10-22
CUST01272,Ann Atieno,Female,48,Kajiado,Kitengela,Retail,2022-11-09
CUST01273,Martin Njuguna,Male,51,Mombasa,Nyali,Retail,2024-08-19
CUST01274,Aisha Kiprotich,Female,49,Mombasa,Likoni,Retail,2026-05-04
CUST01275,Martin Muthoni,Female,61,Uasin Gishu,Eldoret,Retail,2022-02-10
CUST01276,Dennis Mbugua,Male,63,Kisumu,Kisumu,Loyal,2026-07-29
CUST01277,Diana Wekesa,Male,20,Nairobi,Embakasi,Retail,2024-05-14
CUST01278,Esther Wambua,Male,36,Meru,Meru,Loyal,2025-03-09
CUST01279,Joseph Muthoni,Male,55,Nairobi,Embakasi,Loyal,2023-03-13
CUST01280,Caroline Maina,Male,33,Kiambu,Thika,Retail,2024-02-21
CUST01281,Fatma Otieno,Male,46,Mombasa,Nyali,Retail,2024-12-27
CUST01282,George Chebet,Male,28,Kiambu,Thika,Loyal,2023-03-16
CUST01283,Brian Musyoka,Male,47,Meru,Meru,Retail,2025-09-03
CUST01284,Martin Mwangi,Female,28,Uasin Gishu,Eldoret,Retail,2024-07-23
CUST01285,Samuel Kiptoo,Male,36,Kiambu,Thika,Retail,2023-06-17
CUST01286,Sharon Wanjiku,Female,22,Mombasa,Likoni,Loyal,2026-07-18
CUST01287,Aisha Akinyi,Male,60,Nyeri,Nyeri,Retail,2023-03-14
CUST01288,Victor Mutua,Female,53,Mombasa,Nyali,Loyal,2024-09-02
CUST01289,Hassan Akinyi,Male,21,Kiambu,Ruiru,Retail,2024-03-17
CUST01290,George Chebet,Female,24,Kakamega,Kakamega,Retail,2025-03-08
CUST01291,Martin Akinyi,Female,53,Nairobi,Westlands,Retail,2023-08-07
CUST01292,Joseph Wanjiku,Female,41,Machakos,Machakos,Retail,2022-03-23
CUST01293,Joy Muthoni,Male,42,Nakuru,Nakuru,Retail,2025-08-08
CUST01294,Fatma Mbugua,Male,62,Mombasa,Likoni,Retail,2024-01-04
CUST01295,Esther Ochieng,Male,23,Nairobi,Embakasi,Retail,2024-03-18
CUST01296,George Wanjiku,Female,65,Kajiado,Kitengela,Retail,2026-04-28
CUST01297,Esther Barasa,Female,21,Nairobi,Lang'ata,Retail,2025-09-22
CUST01298,Ann Kamau,Male,50,Mombasa,Likoni,Retail,2023-07-14
CUST01299,Joseph Njeri,Male,43,Kisumu,Kisumu,Retail,2023-07-03
CUST01300,Twiga Stores,Company,,Nairobi,Lang'ata,SME,2025-12-19
CUST01301,Joseph Karanja,Male,67,Nyeri,Nyeri,Retail,2024-10-07
CUST01302,Brian Kamau,Male,51,Kisumu,Kisumu,Loyal,2026-01-28
CUST01303,George Karanja,Female,26,Kisumu,Kisumu,Retail,2024-01-30
CUST01304,George Otieno,Female,66,Nairobi,Westlands,Loyal,2025-09-08
CUST01305,Fatma Barasa,Female,35,Kiambu,Kiambu,Retail,2024-03-05
CUST01306,Grace Wekesa,Female,21,Kiambu,Ruiru,Retail,2026-06-08
CUST01307,Fatma Mbugua,Female,35,Nairobi,Kasarani,Loyal,2023-03-06
CUST01308,Joy Wambua,Male,43,Meru,Meru,Retail,2023-11-27
CUST01309,Ali Kamau,Female,28,Mombasa,Nyali,Wholesale,2023-07-07
CUST01310,Faith Kiprotich,Male,50,Mombasa,Likoni,Retail,2026-07-12
CUST01311,Joseph Mbugua,Female,54,Kiambu,Ruiru,Loyal,2025-05-01
CUST01312,Fatma Musyoka,Male,63,Kiambu,Ruiru,Loyal,2026-07-20
CUST01313,Fatma Odhiambo,Male,18,Machakos,Machakos,Retail,2024-06-29
CUST01314,Sharon Jepkoech,Female,51,Meru,Meru,Retail,2023-12-05
CUST01315,Caroline Kamau,Male,56,Kiambu,Ruiru,Loyal,2025-12-08
CUST01316,Grace Kariuki,Male,28,Nyeri,Nyeri,Retail,2024-06-09
CUST01317,Samuel Mbugua,Female,19,Nairobi,Lang'ata,Retail,2025-10-11
CUST01318,Twiga Enterprises,Company,,Nairobi,Embakasi,Corporate,2023-07-23
CUST01319,Mercy Kariuki,Male,34,Kisumu,Kisumu,Loyal,2024-05-07
CUST01320,Aisha Kiptoo,Female,20,Nairobi,Westlands,Retail,2024-11-08
CUST01321,Joseph Mbugua,Female,49,Uasin Gishu,Eldoret,Retail,2022-08-19
CUST01322,Aisha Akinyi,Female,53,Meru,Meru,Retail,2025-01-11
CUST01323,George Hassan,Female,20,Kisumu,Kisumu,Retail,2022-12-28
CUST01324,Rafiki Supplies,Company,,Machakos,Machakos,SME,2026-04-05
CUST01325,Peter Ochieng,Female,52,Nakuru,Nakuru,Loyal,2025-12-28
CUST01326,Caroline Akinyi,Female,20,Kiambu,Thika,Retail,2026-06-23
CUST01327,Sharon Maina,Female,30,Meru,Meru,Wholesale,2022-08-12
CUST01328,Brian Atieno,Male,21,Mombasa,Nyali,Loyal,2023-11-19
CUST01329,Esther Wambua,Female,25,Nairobi,Embakasi,Retail,2022-03-18
CUST01330,Kevin Wafula,Male,66,Nairobi,Lang'ata,Loyal,2023-02-20
CUST01331,Victor Atieno,Male,19,Nairobi,Embakasi,Retail,2026-06-13
CUST01332,Hassan Jepkoech,Male,41,Nyeri,Nyeri,Retail,2022-05-08
CUST01333,Aisha Muthoni,Male,28,Mombasa,Nyali,Retail,2026-02-27
CUST01334,Samuel Muthoni,Female,19,Kiambu,Thika,Retail,2022-12-02
CUST01335,Brian Mbugua,Female,55,Nairobi,Kasarani,Retail,2022-05-17
CUST01336,Brian Otieno,Male,20,Nairobi,Lang'ata,Retail,2025-06-23
CUST01337,Martin Odhiambo,Female,29,Mombasa,Likoni,Retail,2025-11-10
CUST01338,Mercy Kiptoo,Female,35,Kajiado,Kitengela,Retail,2025-06-26
CUST01339,Savannah Ltd,Company,,Kiambu,Ruiru,SME,2026-05-31
CUST01340,Irene Barasa,Male,29,Mombasa,Nyali,Retail,2022-01-25
CUST01341,Joseph Akinyi,Female,37,Kakamega,Kakamega,Retail,2023-07-30
CUST01342,Ann Njeri,Female,50,Nairobi,Kasarani,Retail,2026-01-21
CUST01343,Martin Kiptoo,Male,53,Uasin Gishu,Eldoret,Loyal,2025-11-02
CUST01344,Brian Wambua,Female,31,Nairobi,Westlands,Retail,2024-03-06
CUST01345,Martin Musyoka,Male,34,Uasin Gishu,Eldoret,Retail,2023-12-22
CUST01346,Peter Muthoni,Female,57,Nairobi,Kasarani,Retail,2025-08-14
CUST01347,Dennis Otieno,Female,42,Mombasa,Nyali,Retail,2023-12-07
CUST01348,Sharon Akinyi,Female,24,Nairobi,Lang'ata,Retail,2023-10-02
CUST01349,Peter Hassan,Female,26,Machakos,Machakos,Retail,2024-01-02
CUST01350,Mercy Njeri,Female,65,Kiambu,Thika,Retail,2024-08-14
CUST01351,David Kariuki,Female,28,Kiambu,Kiambu,Retail,2025-04-16
CUST01352,Pamoja Solutions,Company,,Kiambu,Kiambu,SME,2023-08-07
CUST01353,John Mwangi,Female,20,Nairobi,Kasarani,Loyal,2026-04-29
CUST01354,John Mwangi,Male,51,Meru,Meru,Retail,2022-09-28
CUST01355,Mercy Otieno,Female,29,Nyeri,Nyeri,Retail,2026-06-05
CUST01356,Jane Ochieng,Female,65,Machakos,Machakos,Retail,2024-12-29
CUST01357,George Kariuki,Female,64,Mombasa,Nyali,Retail,2024-10-06
CUST01358,Martin Musyoka,Female,39,Kajiado,Kitengela,Retail,2025-08-18
CUST01359,Ali Chebet,Male,37,Mombasa,Likoni,Retail,2023-02-07
CUST01360,Joy Musyoka,Female,23,Mombasa,Likoni,Retail,2026-05-04
CUST01361,Martin Mbugua,Male,23,Kakamega,Kakamega,Loyal,2025-12-16
CUST01362,Cynthia Maina,Male,40,Mombasa,Likoni,Retail,2023-02-06
CUST01363,Twiga Supplies,Company,,Mombasa,Nyali,SME,2022-10-06
CUST01364,George Otieno,Female,30,Kisumu,Kisumu,Retail,2022-06-30
CUST01365,Kevin Barasa,Female,37,Kiambu,Thika,Retail,2023-01-16
CUST01366,Beatrice Odhiambo,Female,36,Kiambu,Thika,Retail,2026-03-07
CUST01367,Joy Kamau,Female,21,Kisumu,Kisumu,Retail,2026-06-07
CUST01368,James Mbugua,Female,28,Kiambu,Thika,Retail,2026-03-05
CUST01369,Mary Atieno,Female,60,Meru,Meru,Retail,2025-05-22
CUST01370,Dennis Hassan,Male,34,Nyeri,Nyeri,Retail,2022-03-25
CUST01371,Lucy Kariuki,Male,36,Kiambu,Kiambu,Retail,2025-09-08
CUST01372,Imara Ltd,Company,,Mombasa,Likoni,SME,2022-04-14
CUST01373,Irene Odhiambo,Male,37,Mombasa,Nyali,Retail,2024-04-19
CUST01374,Sharon Kamau,Male,44,Nairobi,Embakasi,Retail,2022-02-04
CUST01375,Imara Supplies,Company,,Nairobi,Lang'ata,SME,2025-12-16
CUST01376,Jane Hassan,Male,65,Kiambu,Thika,Retail,2022-05-26
CUST01377,Beatrice Wambua,Male,59,Nairobi,Westlands,Retail,2023-07-26
CUST01378,Hassan Atieno,Female,33,Mombasa,Likoni,Loyal,2022-04-22
CUST01379,James Hassan,Female,36,Nairobi,Lang'ata,Retail,2022-03-22
CUST01380,Grace Odhiambo,Female,62,Kiambu,Kiambu,Retail,2022-11-29
CUST01381,Joy Wanjiku,Female,27,Kiambu,Ruiru,Retail,2026-04-14
CUST01382,Caroline Njuguna,Female,23,Nairobi,Embakasi,Wholesale,2025-03-20
CUST01383,Cynthia Odhiambo,Male,22,Nairobi,Westlands,Retail,2022-10-08
CUST01384,Ufanisi Solutions,Company,,Kajiado,Kitengela,Corporate,2025-08-27
CUST01385,Ann Mutua,Male,28,Kiambu,Thika,Retail,2024-03-24
CUST01386,Aisha Njeri,Male,27,Nairobi,Kasarani,Retail,2023-10-26
CUST01387,George Karanja,Female,21,Mombasa,Likoni,Retail,2023-07-20
CUST01388,Peter Jepkoech,Female,56,Mombasa,Likoni,Loyal,2025-01-14
CUST01389,Fatma Otieno,Male,61,Mombasa,Likoni,Retail,2025-12-21
CUST01390,Faith Atieno,Female,66,Uasin Gishu,Eldoret,Loyal,2025-04-15
CUST01391,Grace Mbugua,Female,54,Uasin Gishu,Eldoret,Retail,2024-01-17
CUST01392,Irene Atieno,Female,41,Meru,Meru,Loyal,2024-01-01
CUST01393,Victor Wafula,Female,59,Nairobi,Embakasi,Retail,2023-10-22
CUST01394,Fatma Njeri,Male,60,Machakos,Machakos,Retail,2022-02-17
CUST01395,John Mbugua,Female,47,Kiambu,Ruiru,Loyal,2023-01-25
CUST01396,Jane Mbugua,Male,27,Mombasa,Nyali,Retail,2025-08-27
CUST01397,Mercy Wambua,Female,51,Kiambu,Kiambu,Retail,2022-02-08
CUST01398,Ali Maina,Female,47,Mombasa,Likoni,Retail,2023-05-05
CUST01399,Kevin Wambua,Female,19,Nairobi,Kasarani,Retail,2023-02-13
CUST01400,Kevin Barasa,Female,28,Nakuru,Nakuru,Wholesale,2022-12-20
CUST01401,Brian Wambua,Female,21,Meru,Meru,Retail,2022-05-12
CUST01402,John Barasa,Female,41,Machakos,Machakos,Loyal,2023-11-18
CUST01403,Diana Kariuki,Female,23,Meru,Meru,Loyal,2025-05-19
CUST01404,James Wekesa,Male,19,Kiambu,Kiambu,Retail,2024-06-18
CUST01405,Cynthia Maina,Female,66,Nairobi,Kasarani,Retail,2022-09-24
CUST01406,Mary Wekesa,Male,43,Machakos,Machakos,Retail,2024-08-25
CUST01407,Ali Wambua,Male,20,Meru,Meru,Wholesale,2024-07-22
CUST01408,Diana Musyoka,Female,37,Meru,Meru,Retail,2023-08-17
CUST01409,Cynthia Muthoni,Male,47,Mombasa,Likoni,Wholesale,2024-10-26
CUST01410,Martin Odhiambo,Male,64,Mombasa,Likoni,Retail,2025-12-23
CUST01411,Aisha Maina,Female,32,Kiambu,Thika,Retail,2023-08-15
CUST01412,Brian Jepkoech,Female,44,Meru,Meru,Retail,2022-05-03
CUST01413,Jambo Stores,Company,,Nakuru,Nakuru,Corporate,2022-10-03
CUST01414,Peter Karanja,Male,59,Kiambu,Ruiru,Retail,2022-10-12
CUST01415,Victor Musyoka,Male,48,Nairobi,Kasarani,Retail,2022-07-21
CUST01416,Irene Barasa,Female,52,Kakamega,Kakamega,Retail,2025-05-20
CUST01417,Joy Wafula,Female,33,Nairobi,Embakasi,Retail,2024-10-25
CUST01418,Irene Wafula,Male,23,Mombasa,Likoni,Loyal,2023-10-24
CUST01419,James Mbugua,Male,54,Kajiado,Kitengela,Loyal,2022-06-10
CUST01420,Twiga Supplies,Company,,Kiambu,Kiambu,SME,2025-01-07
CUST01421,Dennis Kamau,Male,59,Nyeri,Nyeri,Retail,2024-12-02
CUST01422,Joseph Wafula,Male,33,Nairobi,Embakasi,Retail,2025-10-02
CUST01423,Fatma Otieno,Male,36,Nairobi,Lang'ata,Retail,2025-06-20
CUST01424,Twiga Supplies,Company,,Kakamega,Kakamega,Corporate,2022-03-02
CUST01425,James Mwangi,Female,21,Kiambu,Ruiru,Retail,2022-08-30
CUST01426,Joseph Karanja,Male,18,Nairobi,Westlands,Retail,2022-12-06
CUST01427,James Chebet,Male,26,Meru,Meru,Retail,2022-11-23
CUST01428,Diana Chebet,Male,37,Nakuru,Nakuru,Retail,2024-02-20
CUST01429,Sharon Wekesa,Male,19,Kisumu,Kisumu,Loyal,2025-01-24
CUST01430,David Mwangi,Male,57,Mombasa,Nyali,Wholesale,2022-08-17
CUST01431,Victor Wekesa,Male,45,Machakos,Machakos,Retail,2023-11-25
CUST01432,Kevin Chebet,Female,27,Mombasa,Likoni,Loyal,2024-10-30
CUST01433,Irene Mwangi,Male,34,Kajiado,Kitengela,Retail,2022-06-28
CUST01434,Irene Kariuki,Male,66,Nairobi,Kasarani,Retail,2024-10-24
CUST01435,Ufanisi Enterprises,Company,,Mombasa,Nyali,Corporate,2024-01-13
CUST01436,James Chebet,Female,64,Nairobi,Embakasi,Wholesale,2025-07-19
CUST01437,Jane Wafula,Male,29,Kakamega,Kakamega,Loyal,2023-02-13
CUST01438,Faith Ochieng,Male,64,Kiambu,Ruiru,Retail,2024-01-11
CUST01439,James Musyoka,Male,44,Nairobi,Kasarani,Loyal,2023-10-10
CUST01440,Ann Mutua,Male,52,Nakuru,Nakuru,Retail,2026-06-16
CUST01441,Twiga Ltd,Company,,Mombasa,Likoni,Corporate,2024-04-02
CUST01442,Sharon Atieno,Female,45,Kiambu,Ruiru,Retail,2022-08-13
CUST01443,David Odhiambo,Female,29,Mombasa,Likoni,Wholesale,2023-01-14
CUST01444,Martin Mbugua,Female,20,Kakamega,Kakamega,Retail,2022-12-22
CUST01445,Ann Musyoka,Female,52,Nairobi,Westlands,Retail,2025-06-07
CUST01446,Irene Mwangi,Female,20,Kiambu,Kiambu,Loyal,2023-10-12
CUST01447,George Kariuki,Female,40,Nakuru,Nakuru,Loyal,2026-06-29
CUST01448,James Mbugua,Male,60,Kiambu,Kiambu,Retail,2023-05-27
CUST01449,Hassan Kiprotich,Male,47,Uasin Gishu,Eldoret,Wholesale,2024-10-31
CUST01450,Mary Wanjiku,Female,45,Kisumu,Kisumu,Retail,2026-07-19
CUST01451,Mercy Maina,Male,33,Kisumu,Kisumu,Retail,2025-12-27
CUST01452,Peter Hassan,Female,50,Kisumu,Kisumu,Retail,2025-10-04
CUST01453,Samuel Muthoni,Female,29,Nyeri,Nyeri,Loyal,2022-01-21
CUST01454,David Musyoka,Female,22,Nyeri,Nyeri,Loyal,2025-03-10
CUST01455,Dennis Njuguna,Male,43,Mombasa,Nyali,Retail,2024-09-15
CUST01456,Caroline Mbugua,Female,21,Kakamega,Kakamega,Retail,2025-01-15
CUST01457,Aisha Wafula,Male,18,Kakamega,Kakamega,Retail,2022-08-18
CUST01458,Hassan Njuguna,Male,40,Kiambu,Thika,Wholesale,2023-06-13
CUST01459,Aisha Wanjiku,Male,57,Nakuru,Nakuru,Retail,2022-01-30
CUST01460,Lucy Kamau,Male,22,Uasin Gishu,Eldoret,Loyal,2024-03-15
CUST01461,Grace Maina,Female,36,Kajiado,Kitengela,Retail,2022-06-08
CUST01462,Pamoja Solutions,Company,,Nyeri,Nyeri,SME,2024-01-01
CUST01463,James Otieno,Male,67,Nairobi,Lang'ata,Wholesale,2022-03-25
CUST01464,Faith Jepkoech,Male,48,Kiambu,Kiambu,Loyal,2025-10-04
CUST01465,Brian Mbugua,Male,51,Kiambu,Ruiru,Retail,2023-05-14
CUST01466,Ann Njeri,Female,61,Nairobi,Embakasi,Retail,2024-02-07
CUST01467,Dennis Hassan,Female,52,Machakos,Machakos,Retail,2025-03-20
CUST01468,Ufanisi Supplies,Company,,Nakuru,Nakuru,SME,2022-12-30
CUST01469,Fatma Odhiambo,Female,49,Nakuru,Nakuru,Retail,2023-03-08
CUST01470,Savannah Solutions,Company,,Kakamega,Kakamega,Corporate,2024-03-23
CUST01471,Grace Otieno,Male,29,Nairobi,Kasarani,Retail,2025-01-09
CUST01472,James Kamau,Male,57,Meru,Meru,Loyal,2025-09-14
CUST01473,Twiga Stores,Company,,Nairobi,Westlands,Corporate,2023-10-25
CUST01474,Faith Otieno,Female,20,Kiambu,Ruiru,Retail,2024-12-20
CUST01475,Esther Atieno,Female,52,Nakuru,Nakuru,Retail,2023-01-21
CUST01476,Faith Mbugua,Female,51,Kiambu,Ruiru,Wholesale,2025-08-18
CUST01477,George Njeri,Female,22,Nairobi,Westlands,Retail,2025-02-01
CUST01478,David Kiptoo,Female,58,Mombasa,Likoni,Retail,2025-09-02
CUST01479,Cynthia Wekesa,Male,50,Mombasa,Nyali,Retail,2022-12-03
CUST01480,Ann Ochieng,Male,57,Nyeri,Nyeri,Retail,2022-04-07
CUST01481,Diana Njuguna,Female,25,Kajiado,Kitengela,Retail,2024-02-26
CUST01482,Mwangaza Solutions,Company,,Nairobi,Lang'ata,SME,2025-08-12
CUST01483,Kevin Mutua,Male,59,Nakuru,Nakuru,Retail,2023-02-24
CUST01484,James Muthoni,Male,21,Mombasa,Likoni,Retail,2023-04-05
CUST01485,Victor Karanja,Male,53,Machakos,Machakos,Retail,2023-08-14
CUST01486,Caroline Atieno,Female,68,Uasin Gishu,Eldoret,Retail,2024-12-02
CUST01487,Fatma Njuguna,Male,25,Nairobi,Embakasi,Retail,2026-06-12
CUST01488,John Jepkoech,Female,24,Meru,Meru,Loyal,2023-06-11
CUST01489,Sharon Maina,Female,39,Nairobi,Embakasi,Retail,2022-06-14
CUST01490,James Njuguna,Female,48,Nairobi,Lang'ata,Wholesale,2023-01-10
CUST01491,Mary Muthoni,Female,64,Nairobi,Westlands,Loyal,2022-03-17
CUST01492,Fatma Mutua,Male,51,Kisumu,Kisumu,Retail,2025-06-06
CUST01493,Hassan Wafula,Male,51,Nairobi,Lang'ata,Retail,2022-11-16
CUST01494,Irene Karanja,Female,23,Kakamega,Kakamega,Retail,2022-02-20
CUST01495,Jambo Enterprises,Company,,Nairobi,Lang'ata,Corporate,2022-02-25
CUST01496,Joseph Wafula,Male,48,Nyeri,Nyeri,Retail,2026-03-17
CUST01497,Twiga Solutions,Company,,Nairobi,Embakasi,Corporate,2026-06-29
CUST01498,Mercy Kiprotich,Female,42,Kakamega,Kakamega,Retail,2023-10-12
CUST01499,Grace Ochieng,Male,55,Mombasa,Nyali,Retail,2026-04-12
CUST01500,Mary Karanja,Female,60,Kakamega,Kakamega,Retail,2023-11-15
CUST01501,Jambo Enterprises,Company,,Nairobi,Westlands,Corporate,2024-02-17
CUST01502,Martin Wafula,Male,58,Machakos,Machakos,Retail,2025-07-21
CUST01503,Diana Wafula,Male,55,Nairobi,Lang'ata,Retail,2023-02-05
CUST01504,Diana Akinyi,Female,50,Kakamega,Kakamega,Retail,2026-01-13
CUST01505,Esther Wafula,Male,19,Nairobi,Westlands,Loyal,2025-01-21
CUST01506,Ufanisi Traders,Company,,Kakamega,Kakamega,SME,2026-06-13
CUST01507,Caroline Mwangi,Male,42,Machakos,Machakos,Retail,2026-07-12
CUST01508,James Kiptoo,Male,66,Mombasa,Nyali,Retail,2022-05-12
CUST01509,Dennis Mutua,Male,31,Mombasa,Nyali,Loyal,2023-03-22
CUST01510,Mercy Chebet,Female,68,Kajiado,Kitengela,Wholesale,2024-01-11
CUST01511,Mercy Jepkoech,Female,26,Nairobi,Kasarani,Retail,2024-06-01
CUST01512,James Mutua,Female,35,Nairobi,Kasarani,Retail,2024-05-20
CUST01513,Twiga Enterprises,Company,,Nyeri,Nyeri,SME,2022-02-08
CUST01514,Fatma Mbugua,Female,54,Mombasa,Likoni,Retail,2022-11-28
CUST01515,Jane Hassan,Female,58,Nairobi,Westlands,Retail,2025-01-13
CUST01516,Joy Musyoka,Female,25,Kajiado,Kitengela,Retail,2026-07-29
CUST01517,Beatrice Karanja,Female,31,Kiambu,Kiambu,Retail,2024-03-22
CUST01518,Diana Kamau,Female,55,Nairobi,Lang'ata,Retail,2022-12-17
CUST01519,Aisha Otieno,Male,40,Nyeri,Nyeri,Loyal,2023-12-09
CUST01520,Grace Wambua,Male,37,Nakuru,Nakuru,Wholesale,2023-08-13
CUST01521,Irene Njuguna,Male,45,Kiambu,Thika,Loyal,2023-08-06
CUST01522,Fatma Karanja,Male,24,Nairobi,Westlands,Wholesale,2024-09-07
CUST01523,Beatrice Hassan,Male,41,Nairobi,Lang'ata,Retail,2026-03-18
CUST01524,Dennis Ochieng,Female,30,Nairobi,Westlands,Wholesale,2024-02-10
CUST01525,Irene Mwangi,Male,57,Nairobi,Westlands,Retail,2024-11-18
CUST01526,Beatrice Chebet,Male,62,Nairobi,Westlands,Retail,2024-11-11
CUST01527,Savannah Enterprises,Company,,Kakamega,Kakamega,SME,2026-07-31
CUST01528,Beatrice Njeri,Male,59,Kiambu,Thika,Retail,2022-05-19
CUST01529,Mercy Akinyi,Male,25,Kajiado,Kitengela,Loyal,2023-09-17
CUST01530,Lucy Muthoni,Female,42,Mombasa,Likoni,Retail,2022-10-18
CUST01531,Ann Muthoni,Female,68,Uasin Gishu,Eldoret,Retail,2025-09-08
CUST01532,Martin Atieno,Male,47,Nairobi,Kasarani,Retail,2026-01-27
CUST01533,Ann Njeri,Female,19,Nairobi,Kasarani,Loyal,2022-10-14
CUST01534,Victor Jepkoech,Male,31,Nairobi,Lang'ata,Retail,2022-02-09
CUST01535,Pamoja Supplies,Company,,Mombasa,Likoni,SME,2022-09-02
CUST01536,Mercy Hassan,Male,19,Nairobi,Kasarani,Retail,2023-10-09
CUST01537,Cynthia Kariuki,Female,21,Nakuru,Nakuru,Loyal,2024-04-29
CUST01538,Cynthia Kiptoo,Female,20,Kiambu,Kiambu,Retail,2022-05-12
CUST01539,James Atieno,Male,66,Mombasa,Likoni,Retail,2024-04-18
CUST01540,Twiga Traders,Company,,Mombasa,Nyali,SME,2024-07-21
CUST01541,Ali Wanjiku,Male,42,Nairobi,Embakasi,Retail,2025-02-15
CUST01542,Caroline Wanjiku,Male,53,Mombasa,Likoni,Retail,2022-03-30
CUST01543,Lucy Njuguna,Male,49,Nairobi,Westlands,Retail,2023-06-18
CUST01544,Fatma Wekesa,Male,26,Nyeri,Nyeri,Retail,2025-06-19
CUST01545,Beatrice Kamau,Female,45,Nyeri,Nyeri,Retail,2022-10-10
CUST01546,Fatma Barasa,Female,24,Kajiado,Kitengela,Retail,2022-08-11
CUST01547,Pamoja Solutions,Company,,Meru,Meru,SME,2026-02-14
CUST01548,Fatma Otieno,Male,54,Nakuru,Nakuru,Retail,2023-05-11
CUST01549,Sharon Kamau,Female,23,Kakamega,Kakamega,Retail,2025-05-02
CUST01550,Cynthia Jepkoech,Male,50,Nakuru,Nakuru,Retail,2023-03-08
CUST01551,Hassan Wambua,Male,38,Nakuru,Nakuru,Wholesale,2023-11-15
CUST01552,Joseph Njeri,Female,33,Meru,Meru,Retail,2024-06-10
CUST01553,Caroline Mwangi,Male,50,Machakos,Machakos,Retail,2023-11-26
CUST01554,Victor Njuguna,Male,58,Kakamega,Kakamega,Retail,2022-06-02
CUST01555,Mwangaza Stores,Company,,Mombasa,Likoni,SME,2024-01-15
CUST01556,Mary Chebet,Female,40,Nakuru,Nakuru,Loyal,2024-03-06
CUST01557,Savannah Stores,Company,,Nairobi,Embakasi,Corporate,2023-08-11
CUST01558,Joseph Mbugua,Male,57,Kiambu,Thika,Retail,2024-01-06
CUST01559,George Wafula,Female,18,Nairobi,Kasarani,Retail,2025-05-02
CUST01560,Ali Otieno,Female,23,Kiambu,Ruiru,Loyal,2023-06-14
CUST01561,Caroline Kiptoo,Male,21,Kiambu,Thika,Loyal,2025-10-27
CUST01562,Peter Chebet,Female,19,Nairobi,Lang'ata,Retail,2024-03-15
CUST01563,Brian Maina,Male,32,Nairobi,Lang'ata,Retail,2022-12-28
CUST01564,Martin Njuguna,Male,39,Machakos,Machakos,Retail,2025-12-12
CUST01565,Ann Kiptoo,Female,22,Meru,Meru,Wholesale,2022-07-01
CUST01566,Ali Hassan,Male,41,Meru,Meru,Retail,2026-05-01
CUST01567,Brian Musyoka,Male,60,Kajiado,Kitengela,Retail,2023-11-23
CUST01568,Ann Jepkoech,Male,55,Nakuru,Nakuru,Retail,2024-03-31
CUST01569,James Mbugua,Female,23,Nakuru,Nakuru,Loyal,2024-09-08
CUST01570,John Musyoka,Female,44,Nairobi,Kasarani,Retail,2025-11-28
CUST01571,Twiga Traders,Company,,Nairobi,Kasarani,SME,2023-06-03
CUST01572,Joy Kiptoo,Female,43,Kisumu,Kisumu,Loyal,2025-06-27
CUST01573,Dennis Mutua,Female,65,Kakamega,Kakamega,Retail,2024-04-01
CUST01574,Jane Otieno,Male,42,Kakamega,Kakamega,Loyal,2022-06-19
CUST01575,Jane Muthoni,Female,43,Kiambu,Ruiru,Retail,2022-09-05
CUST01576,Caroline Kiptoo,Female,44,Mombasa,Nyali,Retail,2024-12-14
CUST01577,Joy Wafula,Male,40,Kiambu,Thika,Retail,2024-08-02
CUST01578,James Wanjiku,Female,61,Nakuru,Nakuru,Retail,2022-11-30
CUST01579,Aisha Barasa,Female,61,Nakuru,Nakuru,Retail,2026-01-12
CUST01580,Mercy Mutua,Female,57,Meru,Meru,Loyal,2023-01-19
CUST01581,Caroline Kiprotich,Male,39,Kakamega,Kakamega,Retail,2024-03-23
CUST01582,Beatrice Karanja,Female,56,Mombasa,Nyali,Retail,2023-10-10
CUST01583,Peter Muthoni,Female,23,Nairobi,Kasarani,Wholesale,2022-09-13
CUST01584,Peter Wekesa,Male,57,Nairobi,Embakasi,Retail,2025-07-02
CUST01585,Cynthia Jepkoech,Female,49,Kiambu,Thika,Retail,2022-11-25
CUST01586,Rafiki Enterprises,Company,,Nyeri,Nyeri,Corporate,2022-01-01
CUST01587,Cynthia Otieno,Male,56,Mombasa,Likoni,Retail,2023-02-25
CUST01588,Martin Kiprotich,Female,54,Kajiado,Kitengela,Wholesale,2023-11-22
CUST01589,Caroline Kiptoo,Male,43,Mombasa,Likoni,Loyal,2022-11-12
CUST01590,Joy Musyoka,Male,46,Nairobi,Embakasi,Retail,2025-06-15
CUST01591,Peter Mutua,Female,54,Kiambu,Thika,Retail,2026-03-06
CUST01592,Samuel Akinyi,Female,26,Nairobi,Lang'ata,Retail,2022-07-10
CUST01593,John Wambua,Male,31,Uasin Gishu,Eldoret,Wholesale,2025-04-13
CUST01594,David Njeri,Female,28,Nyeri,Nyeri,Retail,2026-07-30
CUST01595,Martin Muthoni,Female,27,Mombasa,Likoni,Retail,2023-05-18
CUST01596,Esther Ochieng,Male,25,Nakuru,Nakuru,Loyal,2023-05-23
CUST01597,Faith Ochieng,Female,64,Mombasa,Nyali,Retail,2023-08-08
CUST01598,Ann Kiprotich,Male,21,Kajiado,Kitengela,Retail,2024-06-04
CUST01599,Diana Jepkoech,Female,47,Machakos,Machakos,Retail,2022-03-06
CUST01600,Mwangaza Enterprises,Company,,Kiambu,Thika,SME,2024-06-25
CUST01601,Victor Jepkoech,Female,57,Kakamega,Kakamega,Loyal,2022-05-15
CUST01602,Dennis Jepkoech,Male,65,Kiambu,Ruiru,Retail,2026-05-01
CUST01603,Samuel Otieno,Male,64,Machakos,Machakos,Wholesale,2022-03-20
CUST01604,Aisha Mbugua,Female,26,Nairobi,Lang'ata,Loyal,2024-08-23
CUST01605,Mwangaza Stores,Company,,Nairobi,Kasarani,SME,2023-07-01
CUST01606,Ali Barasa,Female,64,Nakuru,Nakuru,Retail,2025-05-02
CUST01607,Brian Karanja,Male,26,Kiambu,Thika,Loyal,2023-10-23
CUST01608,David Kamau,Female,44,Nairobi,Kasarani,Retail,2024-10-19
CUST01609,George Barasa,Male,61,Nakuru,Nakuru,Retail,2024-03-17
CUST01610,Joseph Chebet,Female,43,Kiambu,Kiambu,Retail,2026-04-29
CUST01611,Faith Jepkoech,Male,59,Kakamega,Kakamega,Retail,2022-08-29
CUST01612,Samuel Musyoka,Female,35,Machakos,Machakos,Loyal,2023-05-14
CUST01613,Ann Chebet,Female,33,Nyeri,Nyeri,Wholesale,2024-01-19
CUST01614,Diana Otieno,Female,27,Kisumu,Kisumu,Retail,2023-02-04
CUST01615,Lucy Mbugua,Female,37,Kajiado,Kitengela,Retail,2022-12-07
CUST01616,Samuel Ochieng,Male,25,Nakuru,Nakuru,Retail,2023-02-15
CUST01617,Sharon Mwangi,Male,29,Meru,Meru,Retail,2022-03-21
CUST01618,Brian Kiprotich,Male,19,Kisumu,Kisumu,Retail,2022-06-15
CUST01619,George Chebet,Male,41,Nairobi,Westlands,Retail,2024-10-26
CUST01620,Ufanisi Ltd,Company,,Meru,Meru,SME,2023-10-26
CUST01621,James Kamau,Female,40,Mombasa,Likoni,Wholesale,2022-10-20
CUST01622,Aisha Wekesa,Male,43,Kajiado,Kitengela,Wholesale,2022-05-03
CUST01623,David Kiprotich,Female,67,Kisumu,Kisumu,Retail,2024-06-26
CUST01624,Esther Mwangi,Female,58,Kajiado,Kitengela,Loyal,2025-07-27
CUST01625,Diana Odhiambo,Female,35,Machakos,Machakos,Wholesale,2022-05-03
CUST01626,Sharon Kiprotich,Female,66,Kiambu,Ruiru,Retail,2024-12-15
CUST01627,Joy Njeri,Female,32,Meru,Meru,Wholesale,2026-01-05
CUST01628,George Otieno,Female,57,Machakos,Machakos,Retail,2024-06-14
CUST01629,Sharon Akinyi,Female,21,Nairobi,Westlands,Retail,2026-05-19
CUST01630,Peter Mwangi,Female,67,Kisumu,Kisumu,Retail,2025-11-24
CUST01631,Diana Ochieng,Female,44,Nairobi,Lang'ata,Retail,2025-09-24
CUST01632,David Jepkoech,Female,52,Mombasa,Likoni,Retail,2022-02-17
CUST01633,Grace Wekesa,Female,56,Kiambu,Thika,Retail,2025-01-07
CUST01634,Caroline Wambua,Male,43,Nyeri,Nyeri,Loyal,2024-12-29
CUST01635,Rafiki Stores,Company,,Mombasa,Nyali,SME,2024-05-23
CUST01636,George Jepkoech,Male,24,Kiambu,Ruiru,Retail,2025-01-04
CUST01637,Hassan Mwangi,Female,19,Kiambu,Thika,Retail,2026-05-16
CUST01638,David Wanjiku,Female,23,Nairobi,Kasarani,Loyal,2023-02-17
CUST01639,Mary Njuguna,Male,46,Nairobi,Westlands,Loyal,2026-03-02
CUST01640,Esther Akinyi,Female,56,Kisumu,Kisumu,Loyal,2023-02-11
CUST01641,Lucy Musyoka,Male,19,Nyeri,Nyeri,Retail,2023-03-28
CUST01642,Martin Mbugua,Female,63,Nairobi,Westlands,Retail,2022-03-28
CUST01643,Peter Wekesa,Female,41,Kiambu,Ruiru,Retail,2022-12-11
CUST01644,Samuel Muthoni,Male,63,Nairobi,Westlands,Retail,2025-07-27
CUST01645,Victor Wambua,Male,45,Nairobi,Lang'ata,Retail,2026-05-09
CUST01646,Jane Wanjiku,Female,51,Nyeri,Nyeri,Retail,2024-10-07
CUST01647,Hassan Ochieng,Female,40,Nyeri,Nyeri,Loyal,2024-08-21
CUST01648,George Hassan,Female,61,Nairobi,Westlands,Retail,2025-07-16
CUST01649,Fatma Mutua,Male,49,Kiambu,Kiambu,Retail,2023-12-24
CUST01650,Joseph Wafula,Male,50,Kisumu,Kisumu,Retail,2026-04-23
CUST01651,Peter Wekesa,Female,44,Kakamega,Kakamega,Retail,2022-01-29
CUST01652,Dennis Musyoka,Female,55,Nairobi,Kasarani,Retail,2022-04-30
CUST01653,Peter Maina,Female,36,Nairobi,Lang'ata,Retail,2025-05-25
CUST01654,Beatrice Mutua,Female,43,Kiambu,Ruiru,Loyal,2025-11-24
CUST01655,Hassan Njuguna,Male,24,Nairobi,Westlands,Loyal,2022-11-23
CUST01656,Dennis Chebet,Male,28,Nairobi,Kasarani,Retail,2024-04-11
CUST01657,Hassan Wekesa,Male,66,Uasin Gishu,Eldoret,Retail,2022-11-30
CUST01658,Mercy Kiprotich,Male,18,Kakamega,Kakamega,Retail,2022-09-19
CUST01659,David Njuguna,Male,25,Kiambu,Kiambu,Retail,2023-09-04
CUST01660,Martin Atieno,Female,67,Nyeri,Nyeri,Retail,2023-06-28
CUST01661,Hassan Kamau,Male,54,Machakos,Machakos,Retail,2025-12-06
CUST01662,Joseph Mutua,Male,55,Kiambu,Ruiru,Retail,2023-12-05
CUST01663,Mary Wanjiku,Female,37,Mombasa,Likoni,Retail,2025-08-24
CUST01664,Aisha Wekesa,Female,38,Kakamega,Kakamega,Retail,2024-04-25
CUST01665,Joseph Wambua,Male,60,Uasin Gishu,Eldoret,Retail,2024-08-17
CUST01666,Irene Mbugua,Female,29,Machakos,Machakos,Retail,2023-01-07
CUST01667,James Odhiambo,Female,30,Nairobi,Embakasi,Loyal,2023-09-23
CUST01668,Martin Hassan,Male,30,Mombasa,Nyali,Retail,2023-08-14
CUST01669,Cynthia Odhiambo,Male,34,Mombasa,Nyali,Retail,2025-08-29
CUST01670,Mary Mbugua,Female,45,Nairobi,Westlands,Loyal,2023-02-07
CUST01671,Diana Njeri,Male,57,Nakuru,Nakuru,Loyal,2025-02-01
CUST01672,Martin Njeri,Female,48,Meru,Meru,Retail,2022-04-30
CUST01673,Mercy Odhiambo,Female,30,Nakuru,Nakuru,Retail,2025-01-09
CUST01674,Victor Otieno,Female,37,Kisumu,Kisumu,Retail,2023-03-22
CUST01675,Mary Kamau,Female,35,Nairobi,Embakasi,Retail,2026-02-06
CUST01676,Sharon Akinyi,Female,37,Kiambu,Kiambu,Loyal,2023-04-26
CUST01677,Mercy Mwangi,Female,51,Mombasa,Nyali,Retail,2023-10-10
CUST01678,Brian Muthoni,Male,36,Kajiado,Kitengela,Retail,2023-09-15
CUST01679,Ali Wanjiku,Male,49,Nairobi,Westlands,Retail,2025-09-23
CUST01680,Beatrice Odhiambo,Male,22,Kiambu,Ruiru,Loyal,2024-12-21
CUST01681,Joseph Kamau,Male,42,Uasin Gishu,Eldoret,Retail,2022-07-08
CUST01682,Lucy Atieno,Female,44,Meru,Meru,Retail,2025-11-28
CUST01683,Caroline Njeri,Male,23,Uasin Gishu,Eldoret,Retail,2022-06-22
CUST01684,Jane Kariuki,Female,32,Kiambu,Thika,Retail,2024-10-31
CUST01685,Jane Kariuki,Male,37,Kisumu,Kisumu,Retail,2023-05-26
CUST01686,Peter Mbugua,Male,59,Meru,Meru,Wholesale,2025-01-29
CUST01687,Dennis Mbugua,Female,36,Nairobi,Lang'ata,Retail,2025-02-18
CUST01688,Ann Atieno,Male,34,Uasin Gishu,Eldoret,Retail,2023-05-20
CUST01689,James Akinyi,Male,28,Nakuru,Nakuru,Retail,2025-05-07
CUST01690,Mercy Mwangi,Male,22,Nakuru,Nakuru,Wholesale,2023-08-19
CUST01691,Beatrice Wambua,Male,51,Kakamega,Kakamega,Retail,2024-02-16
CUST01692,Joseph Mwangi,Female,40,Nyeri,Nyeri,Retail,2023-03-04
CUST01693,George Wanjiku,Female,38,Nairobi,Embakasi,Retail,2023-10-26
CUST01694,George Otieno,Male,63,Kajiado,Kitengela,Retail,2022-02-27
CUST01695,Hassan Mbugua,Male,35,Mombasa,Likoni,Retail,2023-05-13
CUST01696,Caroline Njuguna,Female,35,Nyeri,Nyeri,Loyal,2024-11-19
CUST01697,Mercy Kamau,Male,36,Kajiado,Kitengela,Retail,2025-06-25
CUST01698,Mwangaza Ltd,Company,,Mombasa,Nyali,Corporate,2024-09-18
CUST01699,David Odhiambo,Female,68,Nairobi,Lang'ata,Retail,2023-05-07
CUST01700,Irene Otieno,Male,48,Machakos,Machakos,Retail,2023-07-20
CUST01701,Rafiki Stores,Company,,Kiambu,Thika,SME,2026-01-31
CUST01702,Peter Wafula,Female,19,Mombasa,Nyali,Retail,2022-04-03
CUST01703,George Wanjiku,Female,52,Uasin Gishu,Eldoret,Retail,2024-03-03
CUST01704,Esther Kiptoo,Male,56,Kajiado,Kitengela,Retail,2025-01-18
CUST01705,Esther Otieno,Female,64,Kiambu,Kiambu,Retail,2026-01-27
CUST01706,Faith Akinyi,Female,66,Nairobi,Kasarani,Wholesale,2023-11-26
CUST01707,Kevin Musyoka,Female,28,Nairobi,Westlands,Retail,2022-01-05
CUST01708,Brian Akinyi,Male,54,Uasin Gishu,Eldoret,Loyal,2024-11-15
CUST01709,Samuel Kiprotich,Male,18,Kajiado,Kitengela,Retail,2024-04-07
CUST01710,David Mbugua,Male,41,Nairobi,Westlands,Loyal,2022-02-22
CUST01711,George Njeri,Male,31,Nairobi,Lang'ata,Retail,2022-01-07
CUST01712,Ufanisi Traders,Company,,Kiambu,Thika,SME,2023-08-09
CUST01713,Irene Njeri,Female,44,Kisumu,Kisumu,Wholesale,2026-05-26
CUST01714,Martin Kariuki,Male,42,Nairobi,Embakasi,Retail,2023-12-16
CUST01715,Irene Chebet,Male,20,Machakos,Machakos,Retail,2025-09-22
CUST01716,Cynthia Kiptoo,Male,57,Kiambu,Kiambu,Retail,2023-01-30
CUST01717,Twiga Traders,Company,,Kisumu,Kisumu,SME,2024-08-07
CUST01718,Ali Kiptoo,Female,40,Nairobi,Westlands,Loyal,2023-12-28
CUST01719,Diana Akinyi,Female,51,Kiambu,Kiambu,Retail,2023-06-18
CUST01720,Martin Hassan,Male,60,Kajiado,Kitengela,Retail,2022-11-16
CUST01721,Ufanisi Solutions,Company,,Kajiado,Kitengela,SME,2026-01-07
CUST01722,Grace Wanjiku,Female,23,Kajiado,Kitengela,Retail,2025-05-10
CUST01723,Grace Wekesa,Male,28,Nyeri,Nyeri,Retail,2023-10-29
CUST01724,Ufanisi Solutions,Company,,Nyeri,Nyeri,SME,2024-08-18
CUST01725,Mercy Muthoni,Male,50,Machakos,Machakos,Retail,2023-11-20
CUST01726,Peter Kariuki,Female,42,Meru,Meru,Retail,2026-06-04
CUST01727,Brian Muthoni,Female,25,Kajiado,Kitengela,Loyal,2024-02-27
CUST01728,Jambo Stores,Company,,Meru,Meru,Corporate,2025-01-14
CUST01729,Esther Atieno,Female,52,Uasin Gishu,Eldoret,Retail,2026-01-01
CUST01730,Esther Odhiambo,Male,36,Kiambu,Thika,Retail,2024-09-17
CUST01731,Esther Wanjiku,Female,47,Nakuru,Nakuru,Loyal,2022-07-25
CUST01732,George Kariuki,Female,21,Kiambu,Kiambu,Loyal,2023-10-10
CUST01733,Victor Muthoni,Female,23,Nakuru,Nakuru,Loyal,2022-05-07
CUST01734,James Kamau,Female,49,Meru,Meru,Retail,2023-08-29
CUST01735,Caroline Ochieng,Female,36,Nyeri,Nyeri,Retail,2026-07-02
CUST01736,Aisha Jepkoech,Male,40,Uasin Gishu,Eldoret,Retail,2025-06-14
CUST01737,Grace Wambua,Male,52,Machakos,Machakos,Loyal,2026-02-09
CUST01738,Lucy Kariuki,Male,18,Kisumu,Kisumu,Loyal,2026-05-31
CUST01739,Caroline Wekesa,Male,68,Kajiado,Kitengela,Retail,2023-05-19
CUST01740,Cynthia Maina,Male,25,Kiambu,Kiambu,Retail,2023-01-18
CUST01741,Sharon Mbugua,Male,35,Nairobi,Embakasi,Retail,2024-12-15
CUST01742,Victor Mwangi,Female,27,Machakos,Machakos,Retail,2023-10-07
CUST01743,Peter Musyoka,Female,63,Meru,Meru,Retail,2026-03-08
CUST01744,Esther Kamau,Female,52,Nairobi,Embakasi,Retail,2025-10-25
CUST01745,Savannah Traders,Company,,Uasin Gishu,Eldoret,Corporate,2024-05-30
CUST01746,James Njeri,Female,35,Nairobi,Lang'ata,Loyal,2026-03-08
CUST01747,Faith Odhiambo,Male,55,Nakuru,Nakuru,Retail,2022-09-13
CUST01748,James Barasa,Female,53,Nyeri,Nyeri,Retail,2025-01-05
CUST01749,Mercy Kamau,Male,42,Kajiado,Kitengela,Retail,2025-05-23
CUST01750,Grace Mutua,Male,57,Mombasa,Nyali,Retail,2023-10-21
CUST01751,Mercy Njuguna,Female,50,Mombasa,Likoni,Retail,2022-08-19
CUST01752,Martin Mutua,Female,52,Uasin Gishu,Eldoret,Wholesale,2024-12-17
CUST01753,Fatma Muthoni,Male,36,Kisumu,Kisumu,Loyal,2025-10-22
CUST01754,George Akinyi,Female,24,Nairobi,Westlands,Retail,2026-07-09
CUST01755,Aisha Wambua,Male,39,Mombasa,Nyali,Loyal,2024-11-03
CUST01756,Peter Akinyi,Female,43,Nakuru,Nakuru,Loyal,2025-03-26
CUST01757,Aisha Mbugua,Female,24,Meru,Meru,Retail,2023-03-08
CUST01758,Jane Kariuki,Female,56,Kiambu,Kiambu,Retail,2022-05-05
CUST01759,Joy Jepkoech,Female,53,Mombasa,Nyali,Wholesale,2022-10-20
CUST01760,Diana Njuguna,Female,66,Mombasa,Nyali,Retail,2026-07-20
CUST01761,Joseph Njeri,Male,20,Nyeri,Nyeri,Retail,2022-07-21
CUST01762,Peter Barasa,Female,22,Kisumu,Kisumu,Retail,2022-10-19
CUST01763,Samuel Ochieng,Male,19,Mombasa,Likoni,Retail,2022-10-06
CUST01764,James Odhiambo,Male,47,Nakuru,Nakuru,Retail,2026-02-02
CUST01765,Savannah Solutions,Company,,Nairobi,Lang'ata,Corporate,2024-04-07
CUST01766,Martin Muthoni,Male,52,Kiambu,Thika,Loyal,2023-10-29
CUST01767,Jane Maina,Male,65,Machakos,Machakos,Retail,2026-01-18
CUST01768,Mercy Mbugua,Male,53,Nairobi,Kasarani,Retail,2022-05-01
CUST01769,Esther Wekesa,Male,18,Nairobi,Westlands,Retail,2024-10-31
CUST01770,James Wanjiku,Female,34,Nairobi,Lang'ata,Wholesale,2022-12-10
CUST01771,Ufanisi Supplies,Company,,Kiambu,Kiambu,Corporate,2025-10-29
CUST01772,Samuel Karanja,Male,66,Machakos,Machakos,Retail,2022-04-11
CUST01773,Mercy Chebet,Female,36,Mombasa,Nyali,Retail,2024-02-29
CUST01774,Victor Njuguna,Female,44,Nairobi,Westlands,Retail,2023-02-06
CUST01775,Mercy Jepkoech,Male,65,Kiambu,Kiambu,Retail,2022-09-23
CUST01776,Caroline Kariuki,Male,63,Kiambu,Kiambu,Retail,2026-04-15
CUST01777,Ali Akinyi,Male,35,Kiambu,Thika,Loyal,2024-11-25
CUST01778,Ali Ochieng,Male,57,Mombasa,Likoni,Retail,2022-05-11
CUST01779,Mercy Karanja,Female,55,Uasin Gishu,Eldoret,Retail,2023-03-07
CUST01780,Esther Otieno,Female,24,Kiambu,Thika,Loyal,2023-08-17
CUST01781,Fatma Kamau,Female,34,Kiambu,Thika,Retail,2022-05-26
CUST01782,Faith Njeri,Male,49,Kajiado,Kitengela,Retail,2024-12-28
CUST01783,Ann Barasa,Female,23,Nairobi,Westlands,Retail,2026-05-02
CUST01784,Victor Wanjiku,Male,48,Nakuru,Nakuru,Retail,2022-09-15
CUST01785,Irene Njuguna,Female,22,Nyeri,Nyeri,Retail,2023-02-28
CUST01786,Sharon Kiprotich,Female,36,Meru,Meru,Retail,2023-10-24
CUST01787,Savannah Enterprises,Company,,Kajiado,Kitengela,SME,2023-08-10
CUST01788,Samuel Mbugua,Female,20,Kiambu,Kiambu,Retail,2024-02-10
CUST01789,James Barasa,Female,29,Kiambu,Thika,Loyal,2025-09-06
CUST01790,Ann Mbugua,Male,67,Nairobi,Embakasi,Loyal,2023-03-17
CUST01791,David Njuguna,Female,55,Kakamega,Kakamega,Retail,2024-03-17
CUST01792,Victor Wafula,Male,26,Machakos,Machakos,Retail,2023-12-23
CUST01793,Mercy Muthoni,Female,37,Uasin Gishu,Eldoret,Loyal,2022-05-11
CUST01794,Lucy Karanja,Female,52,Kakamega,Kakamega,Retail,2022-09-16
CUST01795,Irene Maina,Female,60,Nakuru,Nakuru,Retail,2023-06-03
CUST01796,Martin Musyoka,Male,36,Mombasa,Likoni,Wholesale,2022-07-29
CUST01797,Ann Kamau,Male,55,Kakamega,Kakamega,Loyal,2023-10-19
CUST01798,Victor Akinyi,Male,33,Nyeri,Nyeri,Retail,2024-04-27
CUST01799,George Wafula,Female,22,Nyeri,Nyeri,Retail,2025-11-07
CUST01800,Ufanisi Enterprises,Company,,Kiambu,Ruiru,SME,2022-08-30
CUST01801,Rafiki Enterprises,Company,,Kajiado,Kitengela,Corporate,2025-09-24
CUST01802,George Otieno,Female,66,Nairobi,Embakasi,Retail,2022-01-30
CUST01803,Diana Maina,Male,27,Nairobi,Embakasi,Retail,2025-03-17
CUST01804,Samuel Chebet,Male,65,Nairobi,Embakasi,Retail,2022-04-01
CUST01805,Hassan Maina,Male,36,Kajiado,Kitengela,Retail,2023-05-14
CUST01806,Cynthia Wambua,Female,41,Meru,Meru,Retail,2023-09-26
CUST01807,Jambo Ltd,Company,,Nakuru,Nakuru,Corporate,2026-01-25
CUST01808,Dennis Njeri,Male,26,Mombasa,Likoni,Retail,2024-12-27
CUST01809,Mwangaza Stores,Company,,Nyeri,Nyeri,SME,2024-10-25
CUST01810,Dennis Chebet,Female,53,Nairobi,Embakasi,Loyal,2023-04-06
CUST01811,Jane Mutua,Male,49,Nairobi,Lang'ata,Loyal,2024-09-02
CUST01812,Mercy Hassan,Female,35,Kiambu,Ruiru,Retail,2025-08-25
CUST01813,Martin Wekesa,Female,27,Meru,Meru,Retail,2025-08-08
CUST01814,Pamoja Ltd,Company,,Uasin Gishu,Eldoret,Corporate,2023-02-08
CUST01815,Victor Otieno,Female,55,Kiambu,Kiambu,Retail,2022-09-29
CUST01816,Kevin Kariuki,Male,33,Mombasa,Likoni,Retail,2024-06-18
CUST01817,Grace Otieno,Male,33,Kiambu,Thika,Wholesale,2024-02-18
CUST01818,George Kariuki,Male,49,Mombasa,Nyali,Loyal,2025-08-06
CUST01819,Kevin Kiprotich,Male,58,Nyeri,Nyeri,Retail,2025-12-23
CUST01820,Caroline Karanja,Male,35,Mombasa,Likoni,Retail,2026-07-20
CUST01821,Victor Wekesa,Female,55,Kiambu,Kiambu,Wholesale,2026-05-29
CUST01822,George Njuguna,Female,45,Kiambu,Thika,Retail,2026-04-03
CUST01823,Aisha Njeri,Female,65,Meru,Meru,Retail,2026-01-01
CUST01824,Beatrice Hassan,Male,32,Nairobi,Lang'ata,Retail,2022-08-05
CUST01825,Ali Musyoka,Female,57,Kiambu,Thika,Retail,2024-07-26
CUST01826,Aisha Barasa,Male,27,Kakamega,Kakamega,Retail,2024-05-15
CUST01827,Cynthia Wafula,Female,25,Kajiado,Kitengela,Retail,2025-12-11
CUST01828,Jane Kamau,Female,50,Nairobi,Westlands,Retail,2022-07-12
CUST01829,Samuel Wambua,Female,30,Nakuru,Nakuru,Retail,2022-10-17
CUST01830,Ali Mwangi,Female,26,Nairobi,Lang'ata,Loyal,2025-08-16
CUST01831,Faith Muthoni,Female,28,Nairobi,Westlands,Wholesale,2022-01-28
CUST01832,Esther Wekesa,Male,28,Uasin Gishu,Eldoret,Loyal,2024-06-28
CUST01833,Caroline Otieno,Female,26,Kiambu,Thika,Retail,2025-06-14
CUST01834,Caroline Kariuki,Female,35,Kisumu,Kisumu,Retail,2024-11-29
CUST01835,Cynthia Wafula,Female,32,Nairobi,Kasarani,Retail,2024-04-15
CUST01836,Irene Odhiambo,Male,45,Kisumu,Kisumu,Loyal,2024-03-12
CUST01837,Dennis Mwangi,Female,24,Kiambu,Ruiru,Wholesale,2022-05-19
CUST01838,Twiga Supplies,Company,,Nairobi,Westlands,SME,2023-06-19
CUST01839,Irene Hassan,Male,20,Nakuru,Nakuru,Retail,2024-01-12
CUST01840,Irene Kiptoo,Male,60,Nakuru,Nakuru,Wholesale,2023-06-03
CUST01841,Brian Barasa,Female,42,Uasin Gishu,Eldoret,Wholesale,2023-12-14
CUST01842,Cynthia Hassan,Male,23,Nakuru,Nakuru,Retail,2025-02-18
CUST01843,Martin Odhiambo,Female,55,Kiambu,Kiambu,Retail,2024-03-18
CUST01844,Faith Kiptoo,Female,50,Mombasa,Likoni,Wholesale,2022-02-14
CUST01845,Esther Mutua,Female,63,Mombasa,Likoni,Retail,2024-12-01
CUST01846,Sharon Wekesa,Male,29,Nairobi,Lang'ata,Retail,2023-01-16
CUST01847,Ali Mwangi,Male,20,Mombasa,Nyali,Loyal,2022-09-20
CUST01848,Martin Mutua,Female,23,Nairobi,Embakasi,Wholesale,2025-01-21
CUST01849,Brian Atieno,Female,48,Kiambu,Ruiru,Loyal,2026-06-22
CUST01850,George Odhiambo,Male,61,Machakos,Machakos,Loyal,2023-04-11
CUST01851,Aisha Musyoka,Female,64,Kiambu,Ruiru,Loyal,2026-06-11
CUST01852,Faith Hassan,Male,54,Nairobi,Lang'ata,Retail,2026-04-07
CUST01853,Brian Kamau,Male,54,Machakos,Machakos,Retail,2025-07-20
CUST01854,Joseph Wafula,Female,52,Mombasa,Nyali,Loyal,2023-11-10
CUST01855,Dennis Mutua,Male,48,Nairobi,Lang'ata,Retail,2024-07-16
CUST01856,Dennis Kiptoo,Female,24,Kiambu,Kiambu,Wholesale,2025-09-07
CUST01857,Dennis Mwangi,Female,54,Nairobi,Lang'ata,Retail,2026-01-22
CUST01858,Mercy Njuguna,Female,46,Kiambu,Kiambu,Retail,2026-04-19
CUST01859,Jane Wambua,Female,68,Kiambu,Kiambu,Retail,2025-12-24
CUST01860,Kevin Wambua,Male,51,Nyeri,Nyeri,Retail,2023-04-12
CUST01861,Rafiki Supplies,Company,,Nairobi,Lang'ata,SME,2025-08-06
CUST01862,Diana Kariuki,Female,36,Machakos,Machakos,Wholesale,2025-04-09
CUST01863,John Mutua,Female,59,Meru,Meru,Retail,2026-06-08
CUST01864,James Chebet,Male,28,Kiambu,Kiambu,Retail,2024-09-06
CUST01865,Fatma Kamau,Male,50,Nairobi,Kasarani,Retail,2024-01-21
CUST01866,Ali Otieno,Female,66,Nairobi,Lang'ata,Loyal,2025-04-01
CUST01867,Rafiki Solutions,Company,,Meru,Meru,SME,2022-07-31
CUST01868,Lucy Odhiambo,Male,50,Kisumu,Kisumu,Retail,2022-11-30
CUST01869,Rafiki Solutions,Company,,Nairobi,Embakasi,SME,2025-03-12
CUST01870,Hassan Njuguna,Male,58,Machakos,Machakos,Retail,2025-12-20
CUST01871,Caroline Wanjiku,Male,28,Nairobi,Kasarani,Retail,2025-11-11
CUST01872,Joy Odhiambo,Female,65,Nairobi,Lang'ata,Wholesale,2024-06-25
CUST01873,Fatma Maina,Female,55,Kiambu,Kiambu,Retail,2022-03-01
CUST01874,Mwangaza Traders,Company,,Nakuru,Nakuru,SME,2025-05-25
CUST01875,Mwangaza Stores,Company,,Kajiado,Kitengela,SME,2024-10-17
CUST01876,Victor Chebet,Female,67,Mombasa,Nyali,Retail,2026-04-17
CUST01877,George Musyoka,Male,19,Kiambu,Kiambu,Loyal,2025-08-07
CUST01878,Cynthia Kiprotich,Male,53,Mombasa,Nyali,Retail,2024-08-05
CUST01879,Dennis Wafula,Male,22,Kiambu,Thika,Loyal,2024-09-23
CUST01880,Dennis Karanja,Female,54,Kisumu,Kisumu,Loyal,2023-03-17
CUST01881,Caroline Kiprotich,Male,68,Kiambu,Ruiru,Retail,2022-11-28
CUST01882,Jane Kiptoo,Female,61,Nairobi,Westlands,Retail,2026-06-01
CUST01883,Mercy Musyoka,Female,25,Mombasa,Nyali,Retail,2023-05-22
CUST01884,Irene Odhiambo,Female,20,Nairobi,Lang'ata,Retail,2023-02-07
CUST01885,Faith Wanjiku,Male,27,Nairobi,Kasarani,Retail,2025-04-10
CUST01886,George Njeri,Male,21,Machakos,Machakos,Loyal,2026-05-12
CUST01887,Joy Kamau,Female,31,Kiambu,Kiambu,Retail,2023-11-12
CUST01888,Twiga Supplies,Company,,Nairobi,Lang'ata,SME,2025-03-09
CUST01889,Esther Njeri,Male,60,Nairobi,Westlands,Wholesale,2023-04-23
CUST01890,Fatma Ochieng,Male,54,Kakamega,Kakamega,Retail,2023-07-15
CUST01891,George Mutua,Female,36,Nyeri,Nyeri,Retail,2025-02-28
CUST01892,Jambo Stores,Company,,Nakuru,Nakuru,SME,2022-12-18
CUST01893,David Barasa,Female,31,Uasin Gishu,Eldoret,Retail,2022-02-05
CUST01894,Lucy Njuguna,Male,37,Kisumu,Kisumu,Retail,2023-04-01
CUST01895,Faith Kiptoo,Male,30,Machakos,Machakos,Retail,2025-11-06
CUST01896,George Njuguna,Male,44,Nairobi,Lang'ata,Retail,2024-05-25
CUST01897,Sharon Wambua,Female,18,Kiambu,Kiambu,Loyal,2024-06-05
CUST01898,John Musyoka,Male,22,Nairobi,Westlands,Loyal,2023-06-20
CUST01899,Beatrice Mutua,Male,21,Kajiado,Kitengela,Retail,2026-04-18
CUST01900,Fatma Maina,Female,60,Nairobi,Lang'ata,Retail,2025-09-02
CUST01901,Fatma Wanjiku,Male,27,Uasin Gishu,Eldoret,Retail,2026-02-05
CUST01902,Hassan Wanjiku,Male,32,Kiambu,Thika,Loyal,2025-02-23
CUST01903,Lucy Wafula,Female,35,Kajiado,Kitengela,Retail,2023-09-23
CUST01904,Sharon Kariuki,Male,58,Mombasa,Nyali,Retail,2025-01-07
CUST01905,Cynthia Akinyi,Male,19,Nairobi,Embakasi,Wholesale,2023-09-09
CUST01906,Martin Chebet,Male,67,Nairobi,Kasarani,Loyal,2024-07-30
CUST01907,Lucy Musyoka,Female,38,Kiambu,Ruiru,Retail,2024-04-11
CUST01908,Fatma Maina,Female,63,Nairobi,Lang'ata,Retail,2022-06-19
CUST01909,Diana Chebet,Male,41,Kisumu,Kisumu,Loyal,2023-04-18
CUST01910,Aisha Kariuki,Female,57,Nairobi,Westlands,Retail,2024-06-29
CUST01911,Victor Njuguna,Female,51,Mombasa,Nyali,Retail,2025-10-12
CUST01912,Ann Njeri,Female,22,Nyeri,Nyeri,Retail,2025-04-08
CUST01913,Cynthia Ochieng,Male,38,Nairobi,Embakasi,Retail,2025-05-28
CUST01914,Cynthia Hassan,Female,25,Kakamega,Kakamega,Loyal,2023-09-15
CUST01915,Faith Njuguna,Male,34,Uasin Gishu,Eldoret,Wholesale,2025-03-28
CUST01916,Twiga Traders,Company,,Nyeri,Nyeri,SME,2024-02-28
CUST01917,Savannah Supplies,Company,,Kiambu,Kiambu,SME,2023-06-22
CUST01918,David Atieno,Female,30,Nairobi,Lang'ata,Retail,2023-02-24
CUST01919,Fatma Mwangi,Female,46,Mombasa,Likoni,Loyal,2026-06-02
CUST01920,Diana Mutua,Female,45,Nairobi,Kasarani,Retail,2022-12-02
CUST01921,Caroline Maina,Female,42,Mombasa,Nyali,Retail,2022-11-27
CUST01922,Cynthia Kiprotich,Male,59,Nyeri,Nyeri,Retail,2026-05-11
CUST01923,Mary Kamau,Male,65,Kakamega,Kakamega,Loyal,2025-06-14
CUST01924,Ann Chebet,Male,56,Nairobi,Kasarani,Retail,2025-04-17
CUST01925,Sharon Njeri,Male,48,Nakuru,Nakuru,Retail,2026-06-25
CUST01926,Grace Mwangi,Female,34,Nairobi,Westlands,Retail,2026-01-22
CUST01927,Irene Atieno,Female,23,Mombasa,Nyali,Retail,2025-06-29
CUST01928,Peter Njeri,Male,22,Kiambu,Thika,Retail,2026-03-22
CUST01929,Mercy Kariuki,Female,68,Nakuru,Nakuru,Retail,2025-04-08
CUST01930,Joy Hassan,Male,51,Nakuru,Nakuru,Retail,2022-01-28
CUST01931,George Odhiambo,Male,54,Nairobi,Embakasi,Retail,2022-03-16
CUST01932,Joy Musyoka,Male,55,Kiambu,Thika,Retail,2024-06-04
CUST01933,Beatrice Barasa,Male,47,Kakamega,Kakamega,Retail,2023-08-09
CUST01934,Lucy Mutua,Female,53,Meru,Meru,Retail,2023-03-24
CUST01935,Jane Kamau,Male,35,Nakuru,Nakuru,Loyal,2024-08-18
CUST01936,Ann Kiptoo,Male,45,Kiambu,Kiambu,Loyal,2024-09-01
CUST01937,George Odhiambo,Male,37,Nairobi,Kasarani,Retail,2024-11-02
CUST01938,Joseph Wafula,Male,49,Mombasa,Likoni,Retail,2025-11-22
CUST01939,Joseph Karanja,Female,36,Kajiado,Kitengela,Retail,2022-11-26
CUST01940,Samuel Musyoka,Female,33,Nairobi,Embakasi,Retail,2022-10-18
CUST01941,Beatrice Wambua,Female,61,Nairobi,Westlands,Retail,2022-04-13
CUST01942,Sharon Mbugua,Female,58,Nairobi,Westlands,Wholesale,2025-07-28
CUST01943,Ann Kamau,Female,46,Nairobi,Embakasi,Retail,2025-03-14
CUST01944,Ufanisi Supplies,Company,,Uasin Gishu,Eldoret,Corporate,2022-05-02
CUST01945,Sharon Njuguna,Male,27,Kajiado,Kitengela,Retail,2025-09-02
CUST01946,Ann Odhiambo,Male,48,Machakos,Machakos,Retail,2022-08-02
CUST01947,George Chebet,Female,45,Kiambu,Kiambu,Retail,2022-01-07
CUST01948,Twiga Solutions,Company,,Kiambu,Thika,SME,2026-03-19
CUST01949,John Wafula,Female,59,Kisumu,Kisumu,Loyal,2025-12-01
CUST01950,Dennis Ochieng,Male,31,Nyeri,Nyeri,Loyal,2024-01-30
CUST01951,Jane Wafula,Male,54,Kiambu,Kiambu,Retail,2023-11-15
CUST01952,Peter Ochieng,Male,54,Kakamega,Kakamega,Loyal,2022-09-30
CUST01953,Ali Kiptoo,Female,63,Meru,Meru,Retail,2023-12-14
CUST01954,Diana Wafula,Female,64,Nyeri,Nyeri,Loyal,2022-12-05
CUST01955,Dennis Kariuki,Male,42,Kakamega,Kakamega,Retail,2023-01-21
CUST01956,Grace Kariuki,Male,44,Nyeri,Nyeri,Retail,2026-01-19
CUST01957,Lucy Mutua,Female,37,Kiambu,Thika,Wholesale,2023-09-14
CUST01958,Joy Otieno,Female,28,Mombasa,Nyali,Retail,2025-11-07
CUST01959,Brian Hassan,Male,52,Kiambu,Ruiru,Retail,2024-10-11
CUST01960,Cynthia Akinyi,Female,63,Nairobi,Lang'ata,Retail,2026-04-24
CUST01961,Sharon Karanja,Male,28,Kiambu,Thika,Wholesale,2025-09-15
CUST01962,Mercy Muthoni,Male,42,Kisumu,Kisumu,Loyal,2024-08-19
CUST01963,Ann Atieno,Male,32,Mombasa,Nyali,Loyal,2024-02-08
CUST01964,Mercy Wekesa,Male,27,Kajiado,Kitengela,Retail,2024-01-28
CUST01965,Hassan Njeri,Female,42,Machakos,Machakos,Retail,2023-09-10
CUST01966,Ann Jepkoech,Male,27,Kajiado,Kitengela,Retail,2022-03-12
CUST01967,Hassan Njeri,Female,67,Nakuru,Nakuru,Retail,2022-01-04
CUST01968,Pamoja Stores,Company,,Kisumu,Kisumu,Corporate,2023-06-30
CUST01969,Grace Wanjiku,Female,68,Nairobi,Kasarani,Retail,2024-10-20
CUST01970,Ali Njeri,Female,21,Nyeri,Nyeri,Retail,2025-11-22
CUST01971,Fatma Kiptoo,Male,22,Nyeri,Nyeri,Retail,2022-11-30
CUST01972,Joy Atieno,Male,21,Uasin Gishu,Eldoret,Retail,2024-07-29
CUST01973,Hassan Akinyi,Male,18,Mombasa,Nyali,Retail,2025-11-29
CUST01974,Beatrice Wambua,Male,60,Kiambu,Ruiru,Retail,2022-10-03
CUST01975,Ufanisi Traders,Company,,Nyeri,Nyeri,SME,2026-04-04
CUST01976,Lucy Kariuki,Male,52,Kakamega,Kakamega,Loyal,2023-11-25
CUST01977,Ufanisi Ltd,Company,,Uasin Gishu,Eldoret,SME,2022-07-05
CUST01978,Brian Mbugua,Female,60,Nyeri,Nyeri,Retail,2024-04-18
CUST01979,Beatrice Hassan,Female,28,Kisumu,Kisumu,Loyal,2026-03-25
CUST01980,Jambo Enterprises,Company,,Nairobi,Kasarani,Corporate,2023-02-04
CUST01981,Jane Maina,Female,65,Kakamega,Kakamega,Retail,2025-01-05
CUST01982,Joy Kiptoo,Female,35,Mombasa,Nyali,Retail,2025-06-20
CUST01983,Cynthia Muthoni,Male,45,Kisumu,Kisumu,Loyal,2024-06-28
CUST01984,David Kiptoo,Female,26,Nyeri,Nyeri,Loyal,2023-08-15
CUST01985,Caroline Chebet,Female,34,Nairobi,Westlands,Retail,2025-10-14
CUST01986,Grace Karanja,Male,56,Kisumu,Kisumu,Retail,2024-08-07
CUST01987,Victor Njeri,Female,45,Nyeri,Nyeri,Retail,2026-04-17
CUST01988,Esther Mwangi,Female,23,Meru,Meru,Retail,2025-12-27
CUST01989,David Musyoka,Male,45,Machakos,Machakos,Loyal,2026-03-27
CUST01990,Ann Wekesa,Female,52,Mombasa,Nyali,Wholesale,2025-08-08
CUST01991,Sharon Ochieng,Male,55,Nairobi,Embakasi,Retail,2022-03-06
CUST01992,Mwangaza Stores,Company,,Uasin Gishu,Eldoret,SME,2023-02-16
CUST01993,Joseph Chebet,Female,64,Kisumu,Kisumu,Retail,2022-06-18
CUST01994,Samuel Wafula,Female,57,Nairobi,Embakasi,Retail,2024-12-24
CUST01995,Joy Kiptoo,Female,57,Mombasa,Nyali,Loyal,2022-12-18
CUST01996,Martin Njeri,Female,25,Nairobi,Kasarani,Loyal,2023-06-05
CUST01997,Imara Traders,Company,,Machakos,Machakos,SME,2026-03-23
CUST01998,Jambo Ltd,Company,,Nairobi,Westlands,SME,2022-12-25
CUST01999,Cynthia Kiprotich,Male,50,Nyeri,Nyeri,Retail,2025-01-20
CUST02000,Jane Otieno,Male,48,Kiambu,Thika,Retail,2025-03-31
CUST02001,Kevin Njeri,Male,24,Kajiado,Kitengela,Retail,2022-11-13
CUST02002,James Kiprotich,Female,33,Kiambu,Thika,Retail,2022-03-02
CUST02003,Samuel Wambua,Female,64,Kiambu,Ruiru,Retail,2025-01-03
CUST02004,Hassan Wekesa,Female,18,Kiambu,Thika,Retail,2025-03-28
CUST02005,Ann Mwangi,Male,34,Kiambu,Thika,Retail,2024-02-20
CUST02006,Imara Solutions,Company,,Meru,Meru,SME,2023-01-17
CUST02007,Victor Wanjiku,Female,34,Kisumu,Kisumu,Wholesale,2023-01-21
CUST02008,Kevin Wanjiku,Female,65,Nyeri,Nyeri,Retail,2025-02-03
CUST02009,Joseph Musyoka,Female,61,Nairobi,Embakasi,Retail,2023-09-11
CUST02010,Diana Kiprotich,Female,34,Nairobi,Lang'ata,Loyal,2024-11-03
CUST02011,Caroline Wekesa,Male,36,Mombasa,Nyali,Retail,2024-10-10
CUST02012,Esther Njuguna,Female,50,Kajiado,Kitengela,Retail,2024-09-09
CUST02013,Caroline Mbugua,Female,24,Mombasa,Likoni,Retail,2025-05-15
CUST02014,Caroline Kiprotich,Male,38,Kajiado,Kitengela,Retail,2022-10-06
CUST02015,George Kiptoo,Male,52,Nairobi,Lang'ata,Wholesale,2026-06-27
CUST02016,Irene Wambua,Male,52,Meru,Meru,Loyal,2022-03-30
CUST02017,Brian Chebet,Female,60,Kajiado,Kitengela,Retail,2024-08-04
CUST02018,Aisha Atieno,Female,24,Kakamega,Kakamega,Retail,2022-10-22
CUST02019,Dennis Mutua,Male,51,Mombasa,Nyali,Retail,2025-05-24
CUST02020,Aisha Muthoni,Female,56,Nairobi,Embakasi,Retail,2025-04-20
CUST02021,Ann Muthoni,Female,54,Kiambu,Ruiru,Retail,2024-09-26
CUST02022,Fatma Karanja,Female,50,Meru,Meru,Retail,2025-08-23
CUST02023,Esther Muthoni,Female,27,Nakuru,Nakuru,Retail,2022-01-25
CUST02024,David Muthoni,Male,63,Meru,Meru,Wholesale,2023-07-10
CUST02025,Victor Wekesa,Male,32,Kiambu,Kiambu,Retail,2023-04-10
CUST02026,Ali Mutua,Male,42,Kajiado,Kitengela,Retail,2026-04-06
CUST02027,Fatma Kariuki,Male,31,Kiambu,Ruiru,Loyal,2023-11-05
CUST02028,Mary Maina,Male,40,Kajiado,Kitengela,Retail,2022-04-22
CUST02029,Faith Kariuki,Female,63,Mombasa,Nyali,Retail,2026-05-28
CUST02030,Sharon Atieno,Male,44,Mombasa,Likoni,Retail,2024-02-26
CUST02031,Beatrice Akinyi,Female,19,Nairobi,Kasarani,Loyal,2023-04-16
CUST02032,Aisha Akinyi,Male,56,Mombasa,Nyali,Retail,2024-06-13
CUST02033,Jane Muthoni,Female,52,Kisumu,Kisumu,Retail,2023-02-25
CUST02034,Jane Karanja,Female,67,Nairobi,Kasarani,Retail,2023-01-18
CUST02035,James Kiprotich,Female,57,Kisumu,Kisumu,Retail,2025-12-02
CUST02036,Hassan Odhiambo,Male,58,Kisumu,Kisumu,Retail,2025-09-28
CUST02037,Jane Odhiambo,Male,22,Kakamega,Kakamega,Retail,2025-10-03
CUST02038,David Njeri,Male,52,Kakamega,Kakamega,Retail,2025-10-09
CUST02039,David Odhiambo,Female,54,Nairobi,Embakasi,Retail,2022-06-14
CUST02040,Kevin Kamau,Male,33,Machakos,Machakos,Retail,2025-09-27
CUST02041,Dennis Maina,Male,51,Kiambu,Ruiru,Retail,2023-10-20
CUST02042,John Njeri,Male,47,Nairobi,Westlands,Retail,2026-05-31
CUST02043,Lucy Maina,Male,21,Kiambu,Thika,Retail,2024-09-05
CUST02044,Imara Solutions,Company,,Nyeri,Nyeri,SME,2024-12-19
CUST02045,Victor Akinyi,Male,59,Nairobi,Lang'ata,Retail,2023-07-30
CUST02046,Rafiki Enterprises,Company,,Uasin Gishu,Eldoret,SME,2022-11-01
CUST02047,Mercy Mbugua,Female,55,Kiambu,Kiambu,Retail,2024-01-30
CUST02048,Fatma Otieno,Male,20,Kisumu,Kisumu,Retail,2025-11-05
CUST02049,James Wafula,Female,48,Nairobi,Embakasi,Loyal,2026-08-01
CUST02050,Sharon Kariuki,Male,68,Kajiado,Kitengela,Loyal,2023-01-08
CUST02051,John Kiptoo,Male,57,Kakamega,Kakamega,Retail,2022-09-12
CUST02052,Sharon Njeri,Male,38,Nakuru,Nakuru,Retail,2023-05-31
CUST02053,Victor Mwangi,Female,24,Nakuru,Nakuru,Retail,2024-11-02
CUST02054,Martin Akinyi,Female,38,Kajiado,Kitengela,Retail,2022-11-04
CUST02055,David Kiptoo,Male,48,Mombasa,Nyali,Loyal,2026-06-11
CUST02056,Diana Muthoni,Male,22,Nairobi,Embakasi,Retail,2022-02-05
CUST02057,Ann Ochieng,Male,51,Nakuru,Nakuru,Retail,2024-01-29
CUST02058,Hassan Kiprotich,Female,35,Nyeri,Nyeri,Loyal,2024-11-09
CUST02059,Fatma Akinyi,Female,53,Machakos,Machakos,Retail,2024-12-11
CUST02060,Imara Enterprises,Company,,Uasin Gishu,Eldoret,SME,2026-05-31
CUST02061,Faith Chebet,Male,48,Kakamega,Kakamega,Retail,2022-01-10
CUST02062,Cynthia Atieno,Male,51,Mombasa,Nyali,Wholesale,2023-10-28
CUST02063,Pamoja Solutions,Company,,Kajiado,Kitengela,Corporate,2023-11-26
CUST02064,Peter Hassan,Male,19,Nairobi,Embakasi,Retail,2025-11-06
CUST02065,Lucy Wafula,Male,55,Kisumu,Kisumu,Wholesale,2022-09-02
CUST02066,Dennis Muthoni,Male,41,Mombasa,Nyali,Retail,2024-03-26
CUST02067,Joy Hassan,Male,33,Nairobi,Lang'ata,Loyal,2023-06-08
CUST02068,David Maina,Female,65,Nairobi,Kasarani,Retail,2023-01-09
CUST02069,Caroline Atieno,Male,47,Meru,Meru,Retail,2022-03-23
CUST02070,Lucy Kamau,Female,55,Meru,Meru,Retail,2023-07-31
CUST02071,Victor Akinyi,Male,28,Kajiado,Kitengela,Loyal,2023-05-31
CUST02072,Beatrice Njuguna,Male,34,Kiambu,Ruiru,Retail,2025-05-21
CUST02073,Aisha Muthoni,Male,32,Nairobi,Westlands,Retail,2022-10-22
CUST02074,Irene Kiprotich,Female,51,Meru,Meru,Loyal,2022-07-22
CUST02075,George Kiptoo,Female,41,Kiambu,Ruiru,Retail,2026-04-10
CUST02076,Lucy Mbugua,Female,20,Kajiado,Kitengela,Retail,2025-11-16
CUST02077,Aisha Kiprotich,Female,28,Machakos,Machakos,Loyal,2026-04-27
CUST02078,Fatma Jepkoech,Male,63,Nairobi,Kasarani,Retail,2022-10-11
CUST02079,Caroline Kiprotich,Male,64,Kiambu,Kiambu,Loyal,2026-07-10
CUST02080,George Njeri,Male,39,Nakuru,Nakuru,Retail,2024-02-12
CUST02081,Dennis Hassan,Female,57,Nairobi,Lang'ata,Retail,2023-07-02
CUST02082,Dennis Wekesa,Male,36,Nairobi,Lang'ata,Retail,2026-05-19
CUST02083,George Odhiambo,Male,48,Kisumu,Kisumu,Retail,2025-11-21
CUST02084,Jane Odhiambo,Male,50,Meru,Meru,Retail,2022-11-13
CUST02085,Grace Karanja,Female,51,Kiambu,Kiambu,Retail,2025-02-07
CUST02086,Lucy Njuguna,Female,50,Kiambu,Ruiru,Retail,2026-04-02
CUST02087,Victor Hassan,Male,26,Kisumu,Kisumu,Wholesale,2022-01-02
CUST02088,John Maina,Male,28,Kiambu,Thika,Retail,2024-08-04
CUST02089,Ali Maina,Female,23,Nyeri,Nyeri,Retail,2026-03-11
CUST02090,Mary Odhiambo,Male,29,Nyeri,Nyeri,Loyal,2025-09-02
CUST02091,Pamoja Solutions,Company,,Nairobi,Kasarani,Corporate,2024-10-12
CUST02092,Imara Traders,Company,,Kajiado,Kitengela,SME,2024-07-13
CUST02093,Joseph Jepkoech,Female,32,Kiambu,Ruiru,Retail,2026-07-13
CUST02094,Faith Barasa,Male,22,Kiambu,Kiambu,Retail,2024-10-30
CUST02095,Aisha Wanjiku,Female,34,Kisumu,Kisumu,Retail,2025-04-27
CUST02096,Sharon Njeri,Male,63,Kakamega,Kakamega,Retail,2026-01-11
CUST02097,Rafiki Ltd,Company,,Kajiado,Kitengela,SME,2026-02-26
CUST02098,Caroline Akinyi,Female,46,Mombasa,Likoni,Retail,2025-08-30
CUST02099,John Wekesa,Female,64,Kisumu,Kisumu,Retail,2023-02-17
CUST02100,Caroline Mbugua,Female,18,Nairobi,Lang'ata,Loyal,2025-06-02
CUST02101,Samuel Hassan,Female,44,Kakamega,Kakamega,Retail,2026-01-01
CUST02102,George Mwangi,Male,53,Nairobi,Embakasi,Retail,2024-07-15
CUST02103,Victor Karanja,Female,40,Kisumu,Kisumu,Loyal,2023-12-13
CUST02104,Faith Wambua,Female,57,Kiambu,Ruiru,Retail,2026-01-01
CUST02105,Joy Wambua,Female,63,Kiambu,Kiambu,Loyal,2024-05-10
CUST02106,Martin Kiptoo,Male,57,Machakos,Machakos,Retail,2024-03-16
CUST02107,Diana Chebet,Female,39,Kiambu,Thika,Loyal,2023-03-03
CUST02108,Beatrice Hassan,Female,30,Kajiado,Kitengela,Loyal,2024-11-10
CUST02109,Jane Hassan,Female,49,Kiambu,Thika,Retail,2025-10-06
CUST02110,George Musyoka,Female,35,Nairobi,Lang'ata,Retail,2022-06-18
CUST02111,Faith Odhiambo,Male,63,Kiambu,Kiambu,Loyal,2026-03-06
CUST02112,Cynthia Odhiambo,Female,54,Kajiado,Kitengela,Retail,2022-05-05
CUST02113,Brian Maina,Female,38,Nyeri,Nyeri,Retail,2023-05-21
CUST02114,Diana Mwangi,Female,24,Nairobi,Embakasi,Retail,2025-03-16
CUST02115,Faith Jepkoech,Female,68,Kakamega,Kakamega,Retail,2025-01-12
CUST02116,Brian Wambua,Female,52,Kiambu,Ruiru,Retail,2024-06-17
CUST02117,Mercy Wanjiku,Male,44,Kajiado,Kitengela,Retail,2026-03-29
CUST02118,Ali Wekesa,Male,67,Nairobi,Westlands,Retail,2023-06-20
CUST02119,Samuel Muthoni,Female,59,Mombasa,Likoni,Retail,2023-08-27
CUST02120,Mercy Mbugua,Female,32,Machakos,Machakos,Retail,2022-09-28
CUST02121,Imara Ltd,Company,,Mombasa,Likoni,SME,2023-02-18
CUST02122,Martin Kariuki,Female,40,Mombasa,Nyali,Retail,2022-11-06
CUST02123,Cynthia Kiprotich,Male,20,Kisumu,Kisumu,Retail,2025-12-08
CUST02124,Irene Muthoni,Male,42,Kisumu,Kisumu,Retail,2022-03-11
CUST02125,George Mbugua,Male,56,Kiambu,Thika,Retail,2025-08-06
CUST02126,Joseph Kiptoo,Female,52,Uasin Gishu,Eldoret,Retail,2025-03-10
CUST02127,Beatrice Atieno,Female,43,Uasin Gishu,Eldoret,Retail,2026-07-19
CUST02128,Mercy Kamau,Female,60,Uasin Gishu,Eldoret,Retail,2022-06-12
CUST02129,Hassan Njuguna,Male,34,Nairobi,Embakasi,Retail,2022-05-14
CUST02130,Caroline Njeri,Female,55,Mombasa,Nyali,Retail,2023-12-19
CUST02131,Savannah Traders,Company,,Nairobi,Kasarani,Corporate,2025-05-03
CUST02132,Caroline Atieno,Male,52,Kisumu,Kisumu,Loyal,2023-04-07
CUST02133,George Muthoni,Female,56,Nairobi,Embakasi,Wholesale,2026-06-10
CUST02134,Jane Mbugua,Male,32,Kiambu,Thika,Retail,2024-12-06
CUST02135,Pamoja Supplies,Company,,Nyeri,Nyeri,Corporate,2025-01-02
CUST02136,Ali Akinyi,Female,61,Mombasa,Likoni,Retail,2025-11-10
CUST02137,Jane Wambua,Male,38,Kiambu,Ruiru,Retail,2024-09-06
CUST02138,Peter Barasa,Male,57,Nairobi,Kasarani,Retail,2022-02-18
CUST02139,Mary Chebet,Male,40,Meru,Meru,Retail,2025-09-26
CUST02140,Samuel Kamau,Male,59,Uasin Gishu,Eldoret,Retail,2023-06-05
CUST02141,Ali Akinyi,Female,68,Uasin Gishu,Eldoret,Retail,2023-09-08
CUST02142,Joy Ochieng,Female,38,Kakamega,Kakamega,Retail,2024-06-02
CUST02143,Esther Akinyi,Female,31,Uasin Gishu,Eldoret,Retail,2025-08-04
CUST02144,Samuel Hassan,Male,56,Nairobi,Lang'ata,Retail,2023-07-09
CUST02145,Irene Atieno,Female,57,Kiambu,Thika,Retail,2025-07-14
CUST02146,James Maina,Female,29,Nyeri,Nyeri,Retail,2022-05-26
CUST02147,Mwangaza Stores,Company,,Nakuru,Nakuru,SME,2026-03-22
CUST02148,Jane Otieno,Female,45,Nairobi,Lang'ata,Retail,2023-10-17
CUST02149,Irene Mutua,Male,38,Kiambu,Thika,Retail,2023-08-05
CUST02150,Mary Maina,Male,23,Uasin Gishu,Eldoret,Loyal,2024-05-24
CUST02151,Mercy Akinyi,Male,63,Nairobi,Lang'ata,Loyal,2022-09-09
CUST02152,John Akinyi,Female,23,Nairobi,Lang'ata,Retail,2022-09-27
CUST02153,Ann Hassan,Female,50,Machakos,Machakos,Retail,2024-06-09
CUST02154,Diana Ochieng,Male,61,Nairobi,Kasarani,Retail,2023-08-13
CUST02155,Grace Kiprotich,Male,66,Kakamega,Kakamega,Retail,2025-06-02
CUST02156,Grace Njeri,Male,38,Kiambu,Thika,Loyal,2022-01-02
CUST02157,Caroline Hassan,Male,43,Kakamega,Kakamega,Retail,2024-01-31
CUST02158,Victor Kiprotich,Female,40,Kiambu,Thika,Retail,2022-04-11
CUST02159,Kevin Wekesa,Female,18,Uasin Gishu,Eldoret,Wholesale,2024-04-16
CUST02160,Hassan Kiptoo,Male,59,Machakos,Machakos,Retail,2022-05-18
CUST02161,Mercy Otieno,Female,24,Mombasa,Likoni,Retail,2023-02-21
CUST02162,Lucy Kiprotich,Female,34,Kajiado,Kitengela,Retail,2026-06-06
CUST02163,Mwangaza Supplies,Company,,Nairobi,Embakasi,SME,2026-06-26
CUST02164,Pamoja Traders,Company,,Nakuru,Nakuru,SME,2025-01-17
CUST02165,Esther Ochieng,Female,61,Machakos,Machakos,Retail,2023-03-22
CUST02166,George Ochieng,Female,48,Kajiado,Kitengela,Retail,2024-04-30
CUST02167,Caroline Wekesa,Male,49,Kisumu,Kisumu,Retail,2023-02-12
CUST02168,James Mwangi,Female,54,Kiambu,Kiambu,Retail,2022-04-06
CUST02169,Martin Kiptoo,Male,19,Nairobi,Embakasi,Retail,2023-10-11
CUST02170,Joy Muthoni,Female,33,Nakuru,Nakuru,Retail,2024-09-26
CUST02171,Grace Wanjiku,Female,19,Nakuru,Nakuru,Retail,2025-02-10
CUST02172,Beatrice Maina,Male,50,Nakuru,Nakuru,Loyal,2025-07-14
CUST02173,Mercy Maina,Female,63,Nairobi,Embakasi,Loyal,2023-05-18
CUST02174,Cynthia Mutua,Male,44,Mombasa,Likoni,Wholesale,2022-12-25
CUST02175,Pamoja Ltd,Company,,Nairobi,Kasarani,SME,2025-08-04
CUST02176,Cynthia Karanja,Female,50,Uasin Gishu,Eldoret,Retail,2022-08-20
CUST02177,James Wanjiku,Male,21,Meru,Meru,Retail,2025-02-26
CUST02178,Mercy Barasa,Male,37,Uasin Gishu,Eldoret,Retail,2024-04-23
CUST02179,Mary Chebet,Female,57,Kiambu,Ruiru,Wholesale,2024-06-10
CUST02180,Ann Jepkoech,Male,53,Nairobi,Kasarani,Retail,2025-05-20
CUST02181,Cynthia Hassan,Female,68,Kiambu,Kiambu,Retail,2022-03-02
CUST02182,Brian Ochieng,Male,61,Nyeri,Nyeri,Retail,2022-03-26
CUST02183,Dennis Maina,Male,43,Kiambu,Ruiru,Loyal,2023-10-19
CUST02184,Joy Akinyi,Female,56,Kiambu,Ruiru,Retail,2026-05-24
CUST02185,David Atieno,Male,41,Machakos,Machakos,Retail,2024-01-02
CUST02186,Esther Njeri,Female,27,Kiambu,Thika,Retail,2022-08-18
CUST02187,Martin Otieno,Female,21,Nyeri,Nyeri,Loyal,2025-05-31
CUST02188,Hassan Mutua,Female,44,Mombasa,Nyali,Retail,2024-03-31
CUST02189,Irene Karanja,Female,62,Kiambu,Ruiru,Retail,2025-08-28
CUST02190,Mwangaza Traders,Company,,Nyeri,Nyeri,Corporate,2025-07-10
CUST02191,Hassan Musyoka,Female,35,Kisumu,Kisumu,Retail,2023-10-27
CUST02192,Dennis Maina,Female,54,Uasin Gishu,Eldoret,Retail,2024-01-10
CUST02193,Aisha Ochieng,Male,57,Nyeri,Nyeri,Retail,2022-02-26
CUST02194,Esther Odhiambo,Male,44,Nairobi,Embakasi,Retail,2023-01-15
CUST02195,Sharon Mbugua,Male,25,Nairobi,Kasarani,Loyal,2022-02-26
CUST02196,Aisha Odhiambo,Female,29,Kajiado,Kitengela,Retail,2026-07-13
CUST02197,Faith Akinyi,Female,33,Nairobi,Lang'ata,Retail,2022-01-08
CUST02198,Samuel Wafula,Male,58,Kiambu,Kiambu,Wholesale,2025-07-20
CUST02199,Diana Akinyi,Female,34,Nairobi,Kasarani,Wholesale,2026-01-01
CUST02200,Faith Kiprotich,Male,65,Kisumu,Kisumu,Retail,2024-10-02
CUST02201,Joy Kiptoo,Male,59,Kiambu,Thika,Retail,2025-05-30
CUST02202,Pamoja Enterprises,Company,,Nakuru,Nakuru,SME,2022-02-13
CUST02203,Mary Barasa,Male,66,Kisumu,Kisumu,Retail,2023-06-20
CUST02204,John Njeri,Male,29,Nyeri,Nyeri,Wholesale,2024-12-11
CUST02205,Martin Wekesa,Female,21,Nakuru,Nakuru,Retail,2025-06-29
CUST02206,Dennis Njuguna,Male,62,Kisumu,Kisumu,Retail,2025-07-14
CUST02207,Mary Kiprotich,Male,62,Nairobi,Lang'ata,Retail,2022-03-02
CUST02208,Peter Kamau,Male,52,Machakos,Machakos,Retail,2023-09-26
CUST02209,Ann Njuguna,Male,28,Mombasa,Likoni,Loyal,2022-04-08
CUST02210,Fatma Jepkoech,Female,23,Uasin Gishu,Eldoret,Retail,2023-09-06
CUST02211,Aisha Hassan,Female,38,Meru,Meru,Retail,2022-07-08
CUST02212,Aisha Atieno,Male,46,Mombasa,Nyali,Loyal,2026-05-05
CUST02213,Joy Wambua,Male,24,Kiambu,Kiambu,Retail,2024-12-08
CUST02214,Victor Kamau,Male,58,Nyeri,Nyeri,Retail,2025-10-31
CUST02215,Sharon Wafula,Female,42,Nakuru,Nakuru,Loyal,2024-11-26
CUST02216,Cynthia Otieno,Male,58,Uasin Gishu,Eldoret,Retail,2026-04-28
CUST02217,Mary Odhiambo,Female,67,Nairobi,Kasarani,Retail,2025-09-15
CUST02218,Dennis Chebet,Male,18,Nairobi,Kasarani,Retail,2023-02-16
CUST02219,Sharon Kiprotich,Female,33,Meru,Meru,Wholesale,2025-06-07
CUST02220,Martin Kamau,Male,21,Kiambu,Ruiru,Retail,2026-04-02
CUST02221,George Ochieng,Male,43,Kiambu,Ruiru,Retail,2025-01-05
CUST02222,Beatrice Mutua,Female,52,Mombasa,Likoni,Retail,2025-05-15
CUST02223,Jane Karanja,Male,56,Kajiado,Kitengela,Retail,2023-07-24
CUST02224,Cynthia Wekesa,Female,38,Uasin Gishu,Eldoret,Retail,2025-09-25
CUST02225,Mary Muthoni,Male,19,Mombasa,Nyali,Retail,2025-11-16
CUST02226,Jambo Traders,Company,,Kisumu,Kisumu,Corporate,2025-11-08
CUST02227,Peter Mutua,Male,42,Nyeri,Nyeri,Wholesale,2023-01-27
CUST02228,Aisha Kiptoo,Female,57,Meru,Meru,Retail,2025-02-05
CUST02229,Jane Kamau,Male,43,Kisumu,Kisumu,Retail,2025-07-10
CUST02230,Martin Kiprotich,Female,57,Mombasa,Nyali,Retail,2025-12-29
CUST02231,Ali Kariuki,Female,37,Nyeri,Nyeri,Loyal,2022-11-01
CUST02232,Dennis Wanjiku,Male,63,Mombasa,Likoni,Loyal,2024-03-01
CUST02233,Brian Odhiambo,Female,54,Kisumu,Kisumu,Retail,2025-02-06
CUST02234,John Karanja,Female,24,Kiambu,Ruiru,Wholesale,2024-05-18
CUST02235,Mary Mbugua,Male,44,Mombasa,Likoni,Retail,2026-06-09
CUST02236,Samuel Kamau,Male,45,Nakuru,Nakuru,Retail,2022-07-28
CUST02237,Ali Kariuki,Male,61,Nairobi,Westlands,Retail,2024-01-31
CUST02238,Twiga Traders,Company,,Kajiado,Kitengela,SME,2025-03-19
CUST02239,Grace Musyoka,Female,56,Kajiado,Kitengela,Retail,2025-02-13
CUST02240,Diana Kamau,Female,57,Kiambu,Thika,Retail,2025-05-14
CUST02241,Dennis Njuguna,Female,58,Nairobi,Lang'ata,Retail,2022-05-31
CUST02242,Faith Wafula,Female,33,Mombasa,Likoni,Loyal,2026-05-14
CUST02243,Diana Mwangi,Male,36,Kiambu,Kiambu,Retail,2024-06-27
CUST02244,Joy Atieno,Female,42,Meru,Meru,Retail,2025-01-10
CUST02245,Cynthia Mbugua,Female,24,Nyeri,Nyeri,Retail,2022-02-25
CUST02246,Sharon Kamau,Male,65,Uasin Gishu,Eldoret,Retail,2024-12-22
CUST02247,Ali Wambua,Male,29,Kajiado,Kitengela,Loyal,2026-03-21
CUST02248,Ali Wekesa,Male,60,Nairobi,Embakasi,Retail,2025-11-05
CUST02249,Diana Maina,Female,20,Mombasa,Nyali,Retail,2026-04-11
CUST02250,Grace Mbugua,Male,44,Kiambu,Kiambu,Retail,2024-06-08
CUST02251,Ann Akinyi,Female,67,Kiambu,Kiambu,Retail,2024-01-14
CUST02252,Sharon Hassan,Female,39,Kiambu,Kiambu,Retail,2025-10-24
CUST02253,Peter Mbugua,Female,43,Kiambu,Ruiru,Retail,2023-03-01
CUST02254,Faith Kiprotich,Female,29,Nairobi,Westlands,Loyal,2026-05-06
CUST02255,Aisha Mwangi,Female,35,Kiambu,Kiambu,Retail,2025-02-09
CUST02256,Jambo Supplies,Company,,Kiambu,Ruiru,SME,2023-02-10
CUST02257,Grace Odhiambo,Male,64,Mombasa,Nyali,Loyal,2026-06-25
CUST02258,David Mutua,Male,29,Mombasa,Likoni,Retail,2024-01-09
CUST02259,Lucy Hassan,Male,40,Kiambu,Thika,Retail,2023-05-30
CUST02260,David Mwangi,Male,59,Mombasa,Nyali,Wholesale,2024-08-21
CUST02261,Cynthia Jepkoech,Female,43,Nakuru,Nakuru,Retail,2026-02-12
CUST02262,Faith Kariuki,Male,32,Meru,Meru,Loyal,2026-02-10
CUST02263,Ufanisi Solutions,Company,,Kiambu,Thika,SME,2022-03-20
CUST02264,Twiga Enterprises,Company,,Machakos,Machakos,SME,2026-04-10
CUST02265,Mary Njeri,Male,20,Nairobi,Westlands,Retail,2024-05-19
CUST02266,Mercy Maina,Female,18,Kiambu,Kiambu,Loyal,2024-01-02
CUST02267,Fatma Mbugua,Female,55,Kisumu,Kisumu,Retail,2024-01-16
CUST02268,Dennis Njuguna,Female,30,Nakuru,Nakuru,Retail,2024-02-05
CUST02269,Joseph Odhiambo,Male,23,Nairobi,Embakasi,Retail,2022-12-10
CUST02270,Victor Wekesa,Female,63,Kisumu,Kisumu,Loyal,2024-12-20
CUST02271,Victor Kamau,Female,60,Nairobi,Kasarani,Retail,2023-07-28
CUST02272,Joy Karanja,Female,28,Mombasa,Nyali,Wholesale,2025-07-13
CUST02273,Jambo Traders,Company,,Nairobi,Kasarani,SME,2023-06-05
CUST02274,Grace Karanja,Female,20,Uasin Gishu,Eldoret,Retail,2023-08-31
CUST02275,Faith Chebet,Female,65,Machakos,Machakos,Retail,2025-09-30
CUST02276,Grace Karanja,Female,37,Uasin Gishu,Eldoret,Retail,2023-06-08
CUST02277,Fatma Jepkoech,Female,60,Kiambu,Thika,Retail,2025-09-22
CUST02278,Peter Mbugua,Male,25,Uasin Gishu,Eldoret,Retail,2025-03-27
CUST02279,Dennis Kariuki,Male,38,Nakuru,Nakuru,Wholesale,2023-12-20
CUST02280,George Wekesa,Male,56,Meru,Meru,Retail,2023-05-05
CUST02281,Ann Wambua,Male,29,Kiambu,Thika,Retail,2023-10-13
CUST02282,Lucy Ochieng,Male,39,Machakos,Machakos,Retail,2024-07-25
CUST02283,Ann Hassan,Female,57,Mombasa,Likoni,Retail,2022-10-03
CUST02284,Ann Ochieng,Female,62,Kiambu,Ruiru,Retail,2023-10-29
CUST02285,Ann Akinyi,Female,24,Kisumu,Kisumu,Loyal,2023-09-29
CUST02286,Peter Kariuki,Male,53,Nairobi,Kasarani,Retail,2025-04-30
CUST02287,Cynthia Barasa,Female,66,Meru,Meru,Retail,2025-06-05
CUST02288,Brian Barasa,Female,31,Nairobi,Kasarani,Retail,2022-03-31
CUST02289,Diana Karanja,Female,38,Mombasa,Nyali,Retail,2023-07-08
CUST02290,Esther Wambua,Female,65,Meru,Meru,Retail,2025-02-26
CUST02291,Joy Ochieng,Female,30,Kisumu,Kisumu,Retail,2022-03-15
CUST02292,John Kariuki,Male,18,Mombasa,Nyali,Retail,2025-08-15
CUST02293,Imara Supplies,Company,,Mombasa,Likoni,Corporate,2026-02-08
CUST02294,Pamoja Stores,Company,,Kiambu,Ruiru,SME,2026-07-27
CUST02295,Joy Chebet,Male,55,Nyeri,Nyeri,Retail,2023-04-29
CUST02296,Kevin Mutua,Female,53,Meru,Meru,Loyal,2022-05-12
CUST02297,James Barasa,Female,34,Kajiado,Kitengela,Retail,2022-12-13
CUST02298,Martin Musyoka,Female,62,Nyeri,Nyeri,Retail,2023-11-18
CUST02299,Twiga Ltd,Company,,Kajiado,Kitengela,SME,2023-09-13
CUST02300,Dennis Kamau,Female,56,Nairobi,Embakasi,Retail,2024-07-24
CUST02301,Kevin Kiprotich,Female,29,Kajiado,Kitengela,Retail,2025-07-14
CUST02302,Ann Chebet,Male,47,Machakos,Machakos,Loyal,2024-01-04
CUST02303,George Akinyi,Male,46,Kakamega,Kakamega,Retail,2025-05-30
CUST02304,Irene Kamau,Male,41,Nyeri,Nyeri,Wholesale,2022-06-10
CUST02305,Sharon Njeri,Female,32,Kiambu,Thika,Loyal,2023-10-29
CUST02306,Rafiki Traders,Company,,Nakuru,Nakuru,SME,2025-10-03
CUST02307,John Maina,Male,18,Meru,Meru,Retail,2023-07-19
CUST02308,Faith Chebet,Female,25,Kiambu,Thika,Wholesale,2024-12-20
CUST02309,Brian Wanjiku,Female,41,Kakamega,Kakamega,Retail,2023-05-19
CUST02310,Fatma Jepkoech,Female,40,Mombasa,Nyali,Retail,2022-07-29
CUST02311,Savannah Solutions,Company,,Mombasa,Likoni,SME,2023-08-06
CUST02312,Martin Maina,Female,24,Nyeri,Nyeri,Retail,2025-04-11
CUST02313,Victor Njuguna,Female,66,Kiambu,Ruiru,Retail,2023-12-22
CUST02314,Mercy Hassan,Male,54,Nyeri,Nyeri,Loyal,2026-06-19
CUST02315,Dennis Wambua,Male,18,Machakos,Machakos,Loyal,2023-01-13
CUST02316,Esther Kiprotich,Female,50,Mombasa,Likoni,Retail,2023-10-21
CUST02317,Esther Maina,Female,39,Kakamega,Kakamega,Wholesale,2024-12-31
CUST02318,Sharon Njeri,Female,24,Kisumu,Kisumu,Loyal,2022-12-02
CUST02319,Samuel Kariuki,Female,43,Kajiado,Kitengela,Retail,2025-04-24
CUST02320,John Odhiambo,Female,27,Nairobi,Kasarani,Wholesale,2022-12-05
CUST02321,Beatrice Chebet,Female,46,Kajiado,Kitengela,Loyal,2022-05-29
CUST02322,Mary Jepkoech,Male,62,Kisumu,Kisumu,Retail,2022-03-23
CUST02323,Joy Hassan,Female,48,Kajiado,Kitengela,Wholesale,2025-05-11
CUST02324,Sharon Atieno,Female,67,Mombasa,Nyali,Loyal,2024-12-06
CUST02325,Joseph Atieno,Male,22,Mombasa,Nyali,Wholesale,2026-05-14
CUST02326,Jane Muthoni,Female,56,Mombasa,Likoni,Retail,2025-10-29
CUST02327,Dennis Hassan,Female,41,Nyeri,Nyeri,Loyal,2023-09-28
CUST02328,Samuel Muthoni,Male,38,Kiambu,Kiambu,Loyal,2025-03-11
CUST02329,Joseph Odhiambo,Female,63,Mombasa,Nyali,Retail,2024-05-26
CUST02330,Peter Kiptoo,Female,31,Kiambu,Thika,Retail,2025-06-06
CUST02331,George Maina,Female,42,Nairobi,Lang'ata,Loyal,2024-10-12
CUST02332,Joseph Jepkoech,Male,34,Kisumu,Kisumu,Retail,2022-04-18
CUST02333,Hassan Kiprotich,Female,26,Kakamega,Kakamega,Loyal,2023-04-19
CUST02334,Victor Barasa,Female,30,Kiambu,Thika,Retail,2024-09-27
CUST02335,Peter Mbugua,Male,28,Nairobi,Embakasi,Wholesale,2024-02-26
CUST02336,Samuel Chebet,Male,68,Kajiado,Kitengela,Retail,2024-05-19
CUST02337,Jane Mwangi,Female,66,Nairobi,Kasarani,Retail,2026-06-26
CUST02338,Mary Wafula,Female,68,Nakuru,Nakuru,Retail,2022-07-01
CUST02339,Jane Barasa,Male,25,Mombasa,Nyali,Retail,2022-07-02
CUST02340,Ann Mutua,Male,23,Mombasa,Likoni,Loyal,2026-03-08
CUST02341,Brian Otieno,Male,22,Machakos,Machakos,Loyal,2022-10-05
CUST02342,Aisha Chebet,Female,68,Kisumu,Kisumu,Retail,2024-08-24
CUST02343,Jambo Traders,Company,,Kakamega,Kakamega,Corporate,2025-05-17
CUST02344,Brian Kiptoo,Female,57,Kajiado,Kitengela,Retail,2023-11-26
CUST02345,Mary Kiptoo,Female,68,Nyeri,Nyeri,Retail,2026-07-31
CUST02346,Jane Muthoni,Male,42,Nyeri,Nyeri,Retail,2026-07-31
CUST02347,Peter Ochieng,Male,66,Nyeri,Nyeri,Retail,2025-12-03
CUST02348,Jane Akinyi,Male,60,Nyeri,Nyeri,Retail,2024-09-09
CUST02349,Victor Muthoni,Male,22,Kiambu,Ruiru,Retail,2023-12-28
CUST02350,Rafiki Ltd,Company,,Nairobi,Lang'ata,SME,2022-06-02
CUST02351,Aisha Kamau,Male,22,Nairobi,Kasarani,Retail,2023-01-29
CUST02352,Joseph Kariuki,Female,65,Mombasa,Nyali,Loyal,2026-07-05
CUST02353,Mercy Akinyi,Female,47,Machakos,Machakos,Retail,2024-06-17
CUST02354,Brian Kariuki,Female,52,Mombasa,Likoni,Retail,2025-12-06
CUST02355,Imara Supplies,Company,,Meru,Meru,SME,2024-04-02
CUST02356,Esther Akinyi,Female,19,Nairobi,Embakasi,Loyal,2025-04-27
CUST02357,Mary Kiptoo,Female,42,Nyeri,Nyeri,Wholesale,2025-09-29
CUST02358,David Kiprotich,Male,32,Kiambu,Kiambu,Loyal,2025-04-23
CUST02359,Rafiki Solutions,Company,,Kiambu,Thika,SME,2022-07-23
CUST02360,Beatrice Kamau,Female,55,Kisumu,Kisumu,Retail,2025-11-04
CUST02361,Kevin Atieno,Female,55,Kiambu,Thika,Loyal,2025-06-26
CUST02362,Joy Wekesa,Female,26,Mombasa,Likoni,Retail,2023-08-28
CUST02363,Ann Akinyi,Male,26,Nairobi,Kasarani,Retail,2025-03-13
CUST02364,Jane Odhiambo,Female,62,Kiambu,Thika,Retail,2026-07-16
CUST02365,Ufanisi Ltd,Company,,Machakos,Machakos,Corporate,2026-05-28
CUST02366,Lucy Jepkoech,Female,59,Nairobi,Kasarani,Retail,2023-02-04
CUST02367,Ann Atieno,Female,25,Kiambu,Thika,Retail,2022-10-05
CUST02368,Mercy Mutua,Male,46,Nairobi,Embakasi,Retail,2022-08-24
CUST02369,Fatma Wambua,Male,57,Nairobi,Embakasi,Retail,2024-04-16
CUST02370,Irene Kariuki,Male,24,Mombasa,Nyali,Retail,2025-01-17
CUST02371,Cynthia Kamau,Male,33,Nakuru,Nakuru,Retail,2022-05-04
CUST02372,Mercy Wafula,Male,20,Mombasa,Nyali,Retail,2025-04-19
CUST02373,Diana Chebet,Female,50,Uasin Gishu,Eldoret,Retail,2024-03-13
CUST02374,Irene Njeri,Female,50,Machakos,Machakos,Retail,2024-07-08
CUST02375,Mary Barasa,Female,39,Kajiado,Kitengela,Retail,2025-02-18
CUST02376,Grace Ochieng,Female,27,Mombasa,Nyali,Retail,2024-04-11
CUST02377,Samuel Wambua,Female,54,Kiambu,Ruiru,Retail,2023-01-07
CUST02378,Fatma Musyoka,Male,37,Nakuru,Nakuru,Loyal,2024-07-31
CUST02379,James Kariuki,Male,52,Nairobi,Westlands,Retail,2023-01-10
CUST02380,David Kiptoo,Male,20,Nakuru,Nakuru,Retail,2022-11-03
CUST02381,Lucy Njuguna,Female,20,Machakos,Machakos,Retail,2025-12-28
CUST02382,Hassan Chebet,Male,18,Nairobi,Embakasi,Retail,2024-07-28
CUST02383,Aisha Ochieng,Male,42,Machakos,Machakos,Retail,2026-03-02
CUST02384,Beatrice Mutua,Female,46,Kiambu,Ruiru,Wholesale,2022-03-23
CUST02385,Grace Wafula,Male,43,Mombasa,Nyali,Retail,2022-03-11
CUST02386,Esther Maina,Male,62,Nairobi,Lang'ata,Loyal,2025-01-14
CUST02387,Fatma Chebet,Female,58,Mombasa,Likoni,Retail,2023-01-23
CUST02388,Brian Maina,Female,32,Nairobi,Westlands,Loyal,2022-09-27
CUST02389,Hassan Kiptoo,Male,65,Kiambu,Kiambu,Retail,2026-07-22
CUST02390,Ann Jepkoech,Female,38,Kakamega,Kakamega,Retail,2023-11-19
CUST02391,George Kamau,Female,55,Nairobi,Westlands,Retail,2024-11-06
CUST02392,Faith Wambua,Female,49,Kiambu,Ruiru,Retail,2024-06-08
CUST02393,Dennis Mwangi,Female,65,Nairobi,Westlands,Loyal,2022-11-14
CUST02394,Lucy Otieno,Female,65,Nairobi,Westlands,Retail,2022-11-17
CUST02395,Samuel Ochieng,Male,63,Uasin Gishu,Eldoret,Loyal,2023-02-13
CUST02396,Pamoja Stores,Company,,Nairobi,Kasarani,Corporate,2022-05-09
CUST02397,Grace Maina,Female,38,Nairobi,Kasarani,Retail,2024-07-08
CUST02398,Diana Mwangi,Male,51,Kiambu,Thika,Retail,2026-03-20
CUST02399,Hassan Wanjiku,Female,38,Kisumu,Kisumu,Retail,2023-06-14
CUST02400,Kevin Mutua,Male,68,Kajiado,Kitengela,Loyal,2022-08-02
CUST02401,Caroline Barasa,Male,43,Kiambu,Ruiru,Loyal,2024-11-27
CUST02402,Hassan Mbugua,Female,35,Nyeri,Nyeri,Retail,2023-09-28
CUST02403,James Otieno,Female,23,Nairobi,Westlands,Retail,2025-12-21
CUST02404,James Ochieng,Male,32,Nairobi,Westlands,Loyal,2023-10-19
CUST02405,Brian Mwangi,Male,68,Mombasa,Likoni,Loyal,2025-12-23
CUST02406,Martin Ochieng,Male,63,Kiambu,Ruiru,Retail,2023-02-15
CUST02407,Irene Wambua,Male,64,Nairobi,Lang'ata,Retail,2024-08-08
CUST02408,Ann Njuguna,Female,33,Kiambu,Thika,Retail,2022-05-06
CUST02409,Kevin Kiptoo,Male,67,Mombasa,Nyali,Loyal,2022-07-10
CUST02410,Samuel Barasa,Female,19,Nakuru,Nakuru,Wholesale,2026-01-29
CUST02411,Grace Otieno,Male,46,Mombasa,Nyali,Retail,2023-12-01
CUST02412,Martin Atieno,Female,41,Nairobi,Embakasi,Loyal,2022-08-27
CUST02413,Cynthia Otieno,Female,58,Nairobi,Lang'ata,Retail,2025-09-03
CUST02414,Ali Wambua,Male,32,Kiambu,Thika,Retail,2025-04-06
CUST02415,Martin Maina,Male,22,Nairobi,Kasarani,Retail,2022-02-13
CUST02416,Mary Otieno,Female,62,Nairobi,Kasarani,Retail,2025-05-16
CUST02417,Jambo Ltd,Company,,Nairobi,Kasarani,Corporate,2024-02-27
CUST02418,Pamoja Solutions,Company,,Nairobi,Embakasi,Corporate,2025-06-26
CUST02419,Mwangaza Solutions,Company,,Kiambu,Thika,SME,2024-11-04
CUST02420,Cynthia Chebet,Male,18,Nairobi,Lang'ata,Retail,2023-07-17
CUST02421,Brian Kariuki,Male,38,Nairobi,Westlands,Wholesale,2025-06-06
CUST02422,Ann Maina,Female,29,Nairobi,Lang'ata,Loyal,2026-04-21
CUST02423,David Ochieng,Female,32,Kisumu,Kisumu,Loyal,2022-02-26
CUST02424,James Kamau,Female,61,Nairobi,Kasarani,Retail,2026-07-08
CUST02425,Aisha Hassan,Male,68,Meru,Meru,Retail,2022-01-13
CUST02426,Samuel Kariuki,Female,63,Mombasa,Nyali,Retail,2026-04-01
CUST02427,James Musyoka,Female,55,Kisumu,Kisumu,Retail,2024-11-23
CUST02428,Kevin Mbugua,Male,33,Kisumu,Kisumu,Wholesale,2023-03-15
CUST02429,Peter Otieno,Female,65,Machakos,Machakos,Retail,2025-01-08
CUST02430,Pamoja Solutions,Company,,Kisumu,Kisumu,Corporate,2025-04-08
CUST02431,Irene Hassan,Female,27,Nairobi,Lang'ata,Retail,2023-04-23
CUST02432,Dennis Muthoni,Female,32,Nairobi,Westlands,Retail,2024-09-14
CUST02433,Peter Kiprotich,Female,52,Uasin Gishu,Eldoret,Retail,2024-08-04
CUST02434,Sharon Mbugua,Female,54,Meru,Meru,Retail,2023-04-18
CUST02435,John Kiprotich,Female,23,Nairobi,Embakasi,Retail,2024-06-01
CUST02436,Mercy Wanjiku,Female,19,Kiambu,Kiambu,Retail,2023-03-26
CUST02437,James Atieno,Male,30,Nairobi,Lang'ata,Loyal,2026-02-13
CUST02438,Mary Wafula,Male,31,Nakuru,Nakuru,Retail,2025-01-08
CUST02439,Irene Odhiambo,Female,23,Kajiado,Kitengela,Retail,2025-09-16
CUST02440,Mercy Mwangi,Male,52,Kajiado,Kitengela,Loyal,2023-07-13
CUST02441,Dennis Mbugua,Male,51,Machakos,Machakos,Retail,2023-11-03
CUST02442,David Mbugua,Female,23,Nairobi,Lang'ata,Retail,2023-08-17
CUST02443,Beatrice Akinyi,Male,67,Uasin Gishu,Eldoret,Loyal,2022-01-31
CUST02444,Dennis Odhiambo,Male,67,Nairobi,Lang'ata,Loyal,2022-10-09
CUST02445,Lucy Kiptoo,Male,48,Nyeri,Nyeri,Retail,2025-08-26
CUST02446,Ali Wanjiku,Male,24,Kiambu,Ruiru,Retail,2025-08-08
CUST02447,Diana Muthoni,Male,24,Kakamega,Kakamega,Retail,2022-03-19
CUST02448,John Wekesa,Male,65,Nairobi,Embakasi,Retail,2025-04-26
CUST02449,Mary Njeri,Male,23,Uasin Gishu,Eldoret,Retail,2022-09-29
CUST02450,David Wambua,Male,30,Machakos,Machakos,Retail,2025-09-24
CUST02451,Cynthia Kiprotich,Female,25,Nakuru,Nakuru,Retail,2022-04-05
CUST02452,Lucy Kariuki,Male,65,Nyeri,Nyeri,Retail,2025-11-08
CUST02453,Samuel Barasa,Female,35,Uasin Gishu,Eldoret,Retail,2022-01-15
CUST02454,Kevin Wekesa,Female,41,Nakuru,Nakuru,Retail,2023-01-11
CUST02455,Ufanisi Stores,Company,,Nairobi,Lang'ata,SME,2025-02-19
CUST02456,Irene Jepkoech,Male,63,Kiambu,Ruiru,Retail,2023-03-01
CUST02457,Lucy Musyoka,Male,23,Nairobi,Westlands,Retail,2023-12-08
CUST02458,Aisha Mbugua,Female,31,Nairobi,Kasarani,Retail,2022-02-22
CUST02459,Hassan Barasa,Male,35,Nairobi,Lang'ata,Retail,2022-11-27
CUST02460,Samuel Wafula,Male,66,Meru,Meru,Retail,2024-04-13
CUST02461,Ali Odhiambo,Female,55,Nairobi,Lang'ata,Wholesale,2022-02-26
CUST02462,Diana Akinyi,Male,60,Kiambu,Kiambu,Retail,2024-01-02
CUST02463,Diana Kamau,Male,34,Nairobi,Kasarani,Loyal,2022-06-02
CUST02464,George Njeri,Female,52,Machakos,Machakos,Retail,2022-03-30
CUST02465,Peter Kiprotich,Male,32,Kiambu,Kiambu,Retail,2025-01-05
CUST02466,Victor Mutua,Male,58,Kakamega,Kakamega,Wholesale,2023-03-04
CUST02467,Ali Chebet,Male,32,Kajiado,Kitengela,Wholesale,2023-06-11
CUST02468,Sharon Njeri,Male,52,Mombasa,Likoni,Loyal,2025-03-02
CUST02469,Kevin Akinyi,Male,22,Nyeri,Nyeri,Retail,2024-08-08
CUST02470,Peter Kiprotich,Male,45,Kisumu,Kisumu,Retail,2026-06-02
CUST02471,John Kiptoo,Female,48,Kisumu,Kisumu,Retail,2022-04-27
CUST02472,Ann Wekesa,Female,26,Mombasa,Likoni,Loyal,2025-04-23
CUST02473,Faith Kariuki,Female,68,Kiambu,Thika,Retail,2026-04-12
CUST02474,Samuel Maina,Female,33,Nakuru,Nakuru,Retail,2022-11-21
CUST02475,Ufanisi Supplies,Company,,Kakamega,Kakamega,Corporate,2022-10-15
CUST02476,David Wanjiku,Female,47,Nyeri,Nyeri,Loyal,2026-03-13
CUST02477,George Kamau,Female,55,Nairobi,Embakasi,Wholesale,2023-06-27
CUST02478,Jane Kiptoo,Female,49,Kiambu,Ruiru,Retail,2026-01-17
CUST02479,Joseph Wafula,Male,57,Nakuru,Nakuru,Loyal,2023-10-06
CUST02480,Joy Njuguna,Male,66,Nairobi,Westlands,Retail,2024-05-08
CUST02481,Peter Mutua,Male,20,Kisumu,Kisumu,Wholesale,2025-01-15
CUST02482,Jambo Traders,Company,,Kisumu,Kisumu,SME,2024-02-16
CUST02483,Dennis Maina,Male,35,Nairobi,Kasarani,Retail,2024-08-21
CUST02484,Ufanisi Solutions,Company,,Kakamega,Kakamega,SME,2023-04-05
CUST02485,James Ochieng,Male,61,Nairobi,Kasarani,Retail,2022-05-07
CUST02486,Brian Kariuki,Female,39,Machakos,Machakos,Retail,2026-06-24
CUST02487,Caroline Kiprotich,Male,27,Kiambu,Kiambu,Wholesale,2025-11-28
CUST02488,Rafiki Solutions,Company,,Nakuru,Nakuru,Corporate,2024-10-07
CUST02489,Mary Maina,Male,30,Nairobi,Embakasi,Retail,2023-08-15
CUST02490,Brian Wanjiku,Female,39,Machakos,Machakos,Retail,2025-09-11
CUST02491,Diana Kiprotich,Female,45,Meru,Meru,Retail,2024-04-21
CUST02492,George Mwangi,Male,65,Kajiado,Kitengela,Retail,2023-08-10
CUST02493,Martin Wambua,Male,42,Meru,Meru,Retail,2024-01-07
CUST02494,Cynthia Mutua,Male,19,Kiambu,Ruiru,Retail,2024-02-24
CUST02495,Cynthia Wafula,Male,18,Machakos,Machakos,Retail,2023-12-10
CUST02496,Esther Njuguna,Female,50,Kakamega,Kakamega,Retail,2022-07-06
CUST02497,Victor Otieno,Male,22,Kiambu,Ruiru,Retail,2024-04-11
CUST02498,Beatrice Musyoka,Female,35,Nakuru,Nakuru,Loyal,2025-10-06
CUST02499,Hassan Njuguna,Male,65,Uasin Gishu,Eldoret,Retail,2022-07-20
CUST02500,Imara Supplies,Company,,Kakamega,Kakamega,SME,2025-04-05
CUST02501,David Kariuki,Male,41,Kiambu,Thika,Retail,2022-01-03
CUST02502,Caroline Kiptoo,Female,58,Nakuru,Nakuru,Wholesale,2023-06-07
CUST02503,Diana Wambua,Female,46,Mombasa,Likoni,Loyal,2022-04-04
CUST02504,Jane Njuguna,Male,59,Kakamega,Kakamega,Retail,2024-05-04
CUST02505,Esther Kiprotich,Female,34,Kajiado,Kitengela,Loyal,2022-12-06
CUST02506,Brian Atieno,Female,35,Kisumu,Kisumu,Retail,2022-03-16
CUST02507,Dennis Njuguna,Male,63,Kakamega,Kakamega,Retail,2022-02-05
CUST02508,Mary Mutua,Female,32,Nairobi,Lang'ata,Retail,2022-03-12
CUST02509,Ali Muthoni,Male,58,Nakuru,Nakuru,Retail,2024-06-08
CUST02510,Joseph Kiptoo,Female,53,Kisumu,Kisumu,Loyal,2023-02-22
CUST02511,John Odhiambo,Female,20,Meru,Meru,Loyal,2025-11-10
CUST02512,Victor Musyoka,Male,43,Nakuru,Nakuru,Loyal,2025-11-11
CUST02513,Fatma Musyoka,Male,25,Kiambu,Ruiru,Loyal,2025-03-18
CUST02514,Dennis Chebet,Male,27,Nairobi,Westlands,Retail,2023-08-30
CUST02515,Cynthia Mutua,Male,18,Machakos,Machakos,Retail,2023-04-05
CUST02516,Grace Kamau,Female,33,Meru,Meru,Wholesale,2025-06-28
CUST02517,Victor Njuguna,Male,43,Kisumu,Kisumu,Retail,2023-07-12
CUST02518,Victor Wanjiku,Male,66,Machakos,Machakos,Retail,2026-03-05
CUST02519,Beatrice Mbugua,Female,54,Mombasa,Likoni,Loyal,2026-05-28
CUST02520,Faith Wambua,Male,57,Mombasa,Nyali,Retail,2022-10-30
CUST02521,Samuel Hassan,Male,42,Machakos,Machakos,Retail,2023-07-21
CUST02522,Aisha Muthoni,Female,42,Uasin Gishu,Eldoret,Retail,2023-01-12
CUST02523,George Wafula,Female,67,Kisumu,Kisumu,Loyal,2022-03-15
CUST02524,Martin Chebet,Male,40,Meru,Meru,Wholesale,2023-04-25
CUST02525,Grace Kiptoo,Male,54,Mombasa,Nyali,Retail,2025-06-09
CUST02526,Peter Kamau,Female,47,Meru,Meru,Retail,2024-11-30
CUST02527,Cynthia Mwangi,Male,46,Kakamega,Kakamega,Retail,2022-12-29
CUST02528,Lucy Ochieng,Female,29,Mombasa,Nyali,Retail,2024-06-21
CUST02529,Samuel Atieno,Male,42,Nairobi,Embakasi,Loyal,2026-06-23
CUST02530,Martin Atieno,Female,21,Nakuru,Nakuru,Retail,2023-07-28
CUST02531,Jambo Enterprises,Company,,Kakamega,Kakamega,SME,2025-09-20
CUST02532,Victor Chebet,Male,45,Nairobi,Kasarani,Retail,2025-01-13
CUST02533,Jane Akinyi,Female,20,Nairobi,Westlands,Retail,2025-12-01
CUST02534,Irene Otieno,Male,24,Nakuru,Nakuru,Retail,2026-05-28
CUST02535,Esther Njeri,Female,40,Nairobi,Embakasi,Retail,2022-05-25
CUST02536,Grace Mutua,Male,68,Mombasa,Likoni,Loyal,2026-03-13
CUST02537,Joseph Wambua,Male,18,Kiambu,Kiambu,Retail,2024-08-13
CUST02538,Mary Hassan,Male,63,Machakos,Machakos,Retail,2025-12-24
CUST02539,Samuel Otieno,Female,49,Kiambu,Ruiru,Retail,2024-06-02
CUST02540,Grace Atieno,Male,31,Kakamega,Kakamega,Retail,2022-04-30
CUST02541,Mwangaza Enterprises,Company,,Nyeri,Nyeri,SME,2025-02-24
CUST02542,John Muthoni,Female,37,Kiambu,Thika,Loyal,2026-02-08
CUST02543,George Barasa,Female,23,Nairobi,Kasarani,Wholesale,2025-04-22
CUST02544,Brian Musyoka,Female,54,Machakos,Machakos,Retail,2025-01-28
CUST02545,Jane Kariuki,Male,57,Kisumu,Kisumu,Retail,2026-04-21
CUST02546,Pamoja Traders,Company,,Nairobi,Kasarani,Corporate,2023-06-05
CUST02547,Mercy Akinyi,Male,44,Mombasa,Likoni,Retail,2025-12-06
CUST02548,Cynthia Kamau,Female,28,Nakuru,Nakuru,Loyal,2024-10-07
CUST02549,Mwangaza Enterprises,Company,,Nairobi,Westlands,SME,2024-05-23
CUST02550,Samuel Hassan,Female,64,Nyeri,Nyeri,Retail,2026-01-07
CUST02551,Beatrice Mutua,Female,51,Kakamega,Kakamega,Retail,2022-08-30
CUST02552,Peter Otieno,Female,61,Nairobi,Lang'ata,Loyal,2023-05-10
CUST02553,Peter Jepkoech,Female,32,Kajiado,Kitengela,Retail,2025-10-03
CUST02554,Beatrice Odhiambo,Male,31,Nairobi,Embakasi,Retail,2024-02-15
CUST02555,Pamoja Ltd,Company,,Nairobi,Lang'ata,SME,2022-05-02
CUST02556,Cynthia Wanjiku,Female,60,Kakamega,Kakamega,Retail,2022-08-29
CUST02557,Irene Karanja,Male,24,Nairobi,Lang'ata,Loyal,2025-12-02
CUST02558,Aisha Mwangi,Female,27,Mombasa,Nyali,Retail,2024-08-19
CUST02559,Martin Chebet,Male,37,Meru,Meru,Loyal,2022-10-06
CUST02560,Faith Otieno,Female,28,Nairobi,Kasarani,Wholesale,2024-04-21
CUST02561,Hassan Otieno,Male,59,Nakuru,Nakuru,Retail,2022-05-23
CUST02562,Joy Hassan,Female,31,Nairobi,Embakasi,Retail,2023-01-26
CUST02563,Joy Mbugua,Male,59,Kisumu,Kisumu,Loyal,2025-01-11
CUST02564,Jane Ochieng,Female,59,Kiambu,Kiambu,Retail,2025-11-03
CUST02565,Irene Otieno,Female,58,Kisumu,Kisumu,Retail,2022-01-17
CUST02566,Martin Kariuki,Female,25,Nairobi,Kasarani,Retail,2024-08-10
CUST02567,Ann Maina,Female,30,Nyeri,Nyeri,Wholesale,2024-07-07
CUST02568,Beatrice Kariuki,Female,27,Mombasa,Nyali,Wholesale,2026-03-07
CUST02569,Joy Maina,Female,51,Mombasa,Likoni,Wholesale,2022-06-17
CUST02570,Grace Njuguna,Male,26,Meru,Meru,Retail,2023-01-27
CUST02571,Hassan Kariuki,Male,64,Mombasa,Likoni,Retail,2025-03-05
CUST02572,Joy Ochieng,Female,28,Mombasa,Nyali,Wholesale,2022-08-15
CUST02573,Ali Hassan,Female,48,Kajiado,Kitengela,Loyal,2023-04-06
CUST02574,Beatrice Njeri,Male,35,Kiambu,Ruiru,Loyal,2023-10-11
CUST02575,Mary Wekesa,Male,60,Nairobi,Kasarani,Retail,2025-11-02
CUST02576,George Chebet,Male,50,Kisumu,Kisumu,Retail,2023-01-24
CUST02577,Caroline Kamau,Female,42,Mombasa,Likoni,Retail,2025-04-11
CUST02578,Sharon Otieno,Female,44,Meru,Meru,Retail,2022-10-12
CUST02579,Martin Otieno,Female,47,Nairobi,Westlands,Retail,2022-09-11
CUST02580,Faith Wekesa,Female,40,Kiambu,Kiambu,Retail,2025-01-17
CUST02581,Aisha Njeri,Male,32,Nairobi,Embakasi,Retail,2022-11-30
CUST02582,Brian Jepkoech,Male,36,Kisumu,Kisumu,Retail,2022-08-10
CUST02583,Mary Mbugua,Female,18,Uasin Gishu,Eldoret,Wholesale,2022-05-01
CUST02584,James Musyoka,Female,41,Meru,Meru,Retail,2022-08-27
CUST02585,Dennis Karanja,Male,46,Nyeri,Nyeri,Retail,2022-12-26
CUST02586,Beatrice Barasa,Female,35,Nairobi,Westlands,Retail,2026-04-20
CUST02587,Fatma Chebet,Male,30,Kajiado,Kitengela,Retail,2026-06-03
CUST02588,Ali Njuguna,Male,39,Nairobi,Westlands,Retail,2024-04-10
CUST02589,Irene Kiptoo,Female,66,Nairobi,Westlands,Retail,2022-07-10
CUST02590,Dennis Ochieng,Female,64,Kiambu,Kiambu,Retail,2023-10-02
CUST02591,James Odhiambo,Female,64,Kiambu,Thika,Retail,2025-10-06
CUST02592,Ann Barasa,Male,23,Kisumu,Kisumu,Retail,2022-12-10
CUST02593,Twiga Supplies,Company,,Kajiado,Kitengela,Corporate,2022-07-05
CUST02594,Aisha Chebet,Male,27,Kiambu,Thika,Retail,2026-05-11
CUST02595,George Kiptoo,Female,40,Uasin Gishu,Eldoret,Retail,2024-12-11
CUST02596,Martin Mwangi,Female,56,Mombasa,Nyali,Retail,2025-02-09
CUST02597,Faith Kiprotich,Male,36,Nairobi,Kasarani,Loyal,2023-08-08
CUST02598,Joy Musyoka,Female,18,Nyeri,Nyeri,Retail,2024-06-25
CUST02599,Joseph Hassan,Male,29,Mombasa,Nyali,Retail,2024-09-13
CUST02600,Mercy Maina,Female,53,Uasin Gishu,Eldoret,Retail,2022-07-29
CUST02601,John Otieno,Female,56,Nairobi,Embakasi,Loyal,2024-10-18
CUST02602,Samuel Wekesa,Male,19,Mombasa,Nyali,Retail,2024-01-09
CUST02603,Lucy Njeri,Male,67,Nyeri,Nyeri,Retail,2023-03-25
CUST02604,Mary Mwangi,Female,45,Kakamega,Kakamega,Retail,2022-04-04
CUST02605,Faith Njuguna,Male,49,Nyeri,Nyeri,Retail,2025-11-25
CUST02606,James Mutua,Female,27,Nairobi,Kasarani,Retail,2022-11-15
CUST02607,Diana Njeri,Male,65,Kiambu,Kiambu,Retail,2022-11-10
CUST02608,Jane Chebet,Female,44,Nyeri,Nyeri,Retail,2022-06-03
CUST02609,Cynthia Muthoni,Female,28,Kajiado,Kitengela,Loyal,2024-02-01
CUST02610,Sharon Musyoka,Male,19,Kajiado,Kitengela,Wholesale,2025-03-19
CUST02611,Jane Maina,Male,47,Nairobi,Lang'ata,Wholesale,2023-09-11
CUST02612,James Maina,Male,61,Kisumu,Kisumu,Retail,2026-06-20
CUST02613,Jambo Traders,Company,,Nakuru,Nakuru,SME,2024-02-12
CUST02614,Grace Mutua,Male,40,Kiambu,Thika,Retail,2024-12-10
CUST02615,Caroline Musyoka,Female,35,Mombasa,Likoni,Retail,2022-03-31
CUST02616,Sharon Mwangi,Female,34,Nairobi,Lang'ata,Loyal,2025-04-08
CUST02617,Jane Hassan,Male,55,Mombasa,Likoni,Retail,2026-02-12
CUST02618,Samuel Mwangi,Male,18,Nakuru,Nakuru,Loyal,2026-02-19
CUST02619,Peter Njuguna,Female,49,Nakuru,Nakuru,Loyal,2025-12-07
CUST02620,Kevin Chebet,Female,48,Kiambu,Ruiru,Retail,2024-10-25
CUST02621,Brian Kiprotich,Male,54,Nairobi,Kasarani,Loyal,2023-07-13
CUST02622,Brian Kariuki,Male,41,Kakamega,Kakamega,Retail,2024-07-12
CUST02623,Ali Odhiambo,Male,66,Kakamega,Kakamega,Retail,2022-02-02
CUST02624,Diana Njeri,Male,55,Kiambu,Thika,Retail,2022-11-14
CUST02625,Cynthia Mutua,Female,51,Machakos,Machakos,Loyal,2022-03-01
CUST02626,Mary Hassan,Male,64,Kiambu,Thika,Wholesale,2024-01-23
CUST02627,Twiga Solutions,Company,,Nairobi,Kasarani,SME,2023-08-11
CUST02628,Fatma Jepkoech,Female,21,Uasin Gishu,Eldoret,Retail,2026-02-25
CUST02629,Caroline Wanjiku,Male,49,Kiambu,Kiambu,Retail,2022-05-25
CUST02630,Irene Kiprotich,Female,27,Kajiado,Kitengela,Retail,2025-03-23
CUST02631,Mwangaza Supplies,Company,,Kisumu,Kisumu,SME,2022-12-25
CUST02632,Fatma Musyoka,Female,63,Kiambu,Thika,Retail,2023-08-14
CUST02633,Mercy Musyoka,Male,60,Nairobi,Lang'ata,Loyal,2026-01-12
CUST02634,Martin Otieno,Female,51,Nakuru,Nakuru,Retail,2026-01-22
CUST02635,Imara Traders,Company,,Machakos,Machakos,SME,2023-06-10
CUST02636,Beatrice Kiptoo,Female,29,Uasin Gishu,Eldoret,Retail,2024-04-21
CUST02637,Ann Kiprotich,Male,38,Uasin Gishu,Eldoret,Retail,2022-10-02
CUST02638,Mary Jepkoech,Male,53,Nairobi,Kasarani,Retail,2023-09-20
CUST02639,Esther Njeri,Male,61,Machakos,Machakos,Retail,2022-04-03
CUST02640,Samuel Odhiambo,Male,20,Kiambu,Kiambu,Wholesale,2025-05-30
CUST02641,Cynthia Kiprotich,Female,38,Mombasa,Nyali,Loyal,2023-11-20
CUST02642,Mary Atieno,Female,32,Mombasa,Likoni,Loyal,2026-07-11
CUST02643,Irene Kiprotich,Female,35,Kiambu,Thika,Retail,2023-06-02
CUST02644,Martin Hassan,Male,65,Meru,Meru,Retail,2022-01-13
CUST02645,Twiga Ltd,Company,,Mombasa,Nyali,SME,2023-07-31
CUST02646,Mwangaza Ltd,Company,,Kajiado,Kitengela,SME,2024-09-17
CUST02647,Hassan Odhiambo,Female,54,Meru,Meru,Retail,2022-01-22
CUST02648,Faith Musyoka,Female,31,Kiambu,Kiambu,Retail,2024-06-26
CUST02649,Caroline Njuguna,Male,33,Kiambu,Ruiru,Retail,2025-12-21
CUST02650,Peter Wafula,Male,50,Nairobi,Kasarani,Retail,2023-03-29
CUST02651,Ufanisi Stores,Company,,Kajiado,Kitengela,SME,2026-01-09
CUST02652,Ali Ochieng,Female,33,Mombasa,Likoni,Retail,2023-01-22
CUST02653,Caroline Otieno,Female,20,Kiambu,Kiambu,Loyal,2024-10-12
CUST02654,Mercy Wanjiku,Male,29,Kiambu,Kiambu,Retail,2023-06-11
CUST02655,Victor Ochieng,Female,26,Nairobi,Embakasi,Retail,2022-05-17
CUST02656,Grace Muthoni,Male,46,Kakamega,Kakamega,Loyal,2022-08-16
CUST02657,Mercy Barasa,Male,21,Uasin Gishu,Eldoret,Wholesale,2024-01-02
CUST02658,Joseph Barasa,Female,21,Nakuru,Nakuru,Loyal,2026-05-02
CUST02659,Jane Wambua,Male,19,Nairobi,Kasarani,Retail,2023-12-06
CUST02660,Joseph Mbugua,Female,57,Kiambu,Thika,Retail,2022-09-03
CUST02661,Caroline Otieno,Male,18,Nyeri,Nyeri,Retail,2022-02-12
CUST02662,George Atieno,Female,31,Mombasa,Likoni,Retail,2022-04-21
CUST02663,Ann Chebet,Male,66,Kakamega,Kakamega,Retail,2023-07-04
CUST02664,Imara Ltd,Company,,Meru,Meru,SME,2026-04-11
CUST02665,Ann Hassan,Male,41,Kiambu,Thika,Loyal,2025-10-02
CUST02666,Hassan Maina,Female,58,Mombasa,Nyali,Retail,2025-05-12
CUST02667,John Atieno,Female,29,Mombasa,Nyali,Loyal,2022-04-25
CUST02668,Diana Kariuki,Male,44,Mombasa,Nyali,Wholesale,2024-05-17
CUST02669,Sharon Kariuki,Female,49,Nakuru,Nakuru,Retail,2025-08-13
CUST02670,Ali Atieno,Female,61,Kiambu,Thika,Retail,2022-09-08
CUST02671,Victor Musyoka,Male,36,Mombasa,Nyali,Retail,2022-12-19
CUST02672,Caroline Mbugua,Male,26,Uasin Gishu,Eldoret,Retail,2023-07-30
CUST02673,Jane Ochieng,Male,61,Kiambu,Thika,Retail,2025-10-23
CUST02674,Esther Wanjiku,Female,36,Mombasa,Nyali,Retail,2022-04-17
CUST02675,Caroline Mbugua,Male,64,Mombasa,Likoni,Retail,2023-02-16
CUST02676,James Wambua,Female,48,Uasin Gishu,Eldoret,Retail,2025-04-12
CUST02677,Peter Kariuki,Male,54,Kiambu,Thika,Retail,2022-02-13
CUST02678,Jane Karanja,Male,21,Kiambu,Thika,Retail,2024-01-25
CUST02679,Joy Otieno,Female,41,Meru,Meru,Retail,2024-06-26
CUST02680,Fatma Njuguna,Female,19,Kiambu,Ruiru,Retail,2022-11-28
CUST02681,Beatrice Kariuki,Male,33,Kajiado,Kitengela,Retail,2023-08-19
CUST02682,John Jepkoech,Male,27,Kiambu,Ruiru,Retail,2023-01-12
CUST02683,Diana Wafula,Female,18,Kiambu,Ruiru,Loyal,2022-12-30
CUST02684,Imara Stores,Company,,Nakuru,Nakuru,SME,2024-07-30
CUST02685,Joy Kiprotich,Male,29,Nairobi,Embakasi,Retail,2025-06-13
CUST02686,Martin Akinyi,Male,24,Nairobi,Westlands,Loyal,2022-01-20
CUST02687,John Njuguna,Female,42,Nairobi,Embakasi,Loyal,2025-05-07
CUST02688,David Barasa,Male,48,Nairobi,Lang'ata,Retail,2022-11-18
CUST02689,Diana Kiprotich,Female,62,Nakuru,Nakuru,Retail,2024-08-29
CUST02690,Cynthia Wanjiku,Male,47,Kiambu,Thika,Retail,2022-09-06
CUST02691,Jane Ochieng,Male,39,Kiambu,Thika,Retail,2022-09-14
CUST02692,Cynthia Otieno,Female,64,Kiambu,Thika,Retail,2026-07-14
CUST02693,John Wekesa,Male,52,Meru,Meru,Retail,2025-12-19
CUST02694,Mercy Kiptoo,Male,61,Kiambu,Thika,Retail,2022-04-22
CUST02695,Fatma Mbugua,Male,39,Kajiado,Kitengela,Loyal,2025-10-29
CUST02696,Irene Mutua,Female,58,Nakuru,Nakuru,Retail,2026-05-05
CUST02697,Victor Wekesa,Male,59,Mombasa,Likoni,Retail,2026-07-16
CUST02698,Diana Muthoni,Male,33,Machakos,Machakos,Retail,2025-01-24
CUST02699,Aisha Wekesa,Female,48,Kakamega,Kakamega,Retail,2023-05-04
CUST02700,Hassan Karanja,Male,67,Nakuru,Nakuru,Loyal,2023-02-25
CUST02701,Esther Ochieng,Female,20,Nairobi,Kasarani,Retail,2023-06-22
CUST02702,Jane Mwangi,Female,29,Kiambu,Ruiru,Wholesale,2022-03-06
CUST02703,Fatma Wambua,Male,19,Kiambu,Thika,Retail,2022-07-24
CUST02704,Grace Wekesa,Female,61,Kiambu,Thika,Loyal,2023-08-03
CUST02705,Mercy Mbugua,Female,54,Kisumu,Kisumu,Loyal,2022-02-27
CUST02706,Kevin Jepkoech,Female,63,Nairobi,Kasarani,Retail,2026-06-14
CUST02707,Brian Kamau,Female,27,Kakamega,Kakamega,Retail,2026-07-28
CUST02708,Mary Mutua,Male,31,Kajiado,Kitengela,Retail,2023-02-19
CUST02709,Kevin Kiprotich,Female,40,Machakos,Machakos,Retail,2025-06-18
CUST02710,Fatma Odhiambo,Female,36,Kakamega,Kakamega,Retail,2025-03-01
CUST02711,Savannah Enterprises,Company,,Nyeri,Nyeri,Corporate,2024-09-12
CUST02712,Dennis Mutua,Male,68,Nairobi,Embakasi,Retail,2025-01-05
CUST02713,Lucy Mutua,Male,40,Kiambu,Ruiru,Retail,2023-10-31
CUST02714,John Chebet,Male,56,Meru,Meru,Retail,2024-03-31
CUST02715,Joseph Kamau,Male,50,Mombasa,Nyali,Retail,2023-01-07
CUST02716,Diana Jepkoech,Female,31,Mombasa,Likoni,Retail,2022-06-08
CUST02717,Jambo Solutions,Company,,Kiambu,Thika,SME,2022-07-16
CUST02718,Joseph Njuguna,Female,56,Kajiado,Kitengela,Loyal,2025-05-03
CUST02719,John Odhiambo,Female,21,Nairobi,Westlands,Retail,2023-06-08
CUST02720,Lucy Jepkoech,Female,51,Machakos,Machakos,Loyal,2024-05-02
CUST02721,Dennis Wanjiku,Male,55,Machakos,Machakos,Loyal,2024-04-24
CUST02722,Samuel Akinyi,Female,25,Mombasa,Likoni,Wholesale,2024-10-11
CUST02723,Peter Kiprotich,Female,29,Nairobi,Westlands,Retail,2026-07-14
CUST02724,Kevin Mbugua,Female,27,Nakuru,Nakuru,Retail,2023-12-22
CUST02725,Ann Musyoka,Female,36,Meru,Meru,Retail,2024-10-07
CUST02726,Dennis Mbugua,Male,62,Machakos,Machakos,Retail,2023-01-05
CUST02727,Kevin Mbugua,Male,30,Nairobi,Lang'ata,Retail,2025-12-02
CUST02728,Caroline Wekesa,Male,29,Kiambu,Thika,Retail,2024-03-15
CUST02729,Joseph Kiprotich,Male,39,Meru,Meru,Loyal,2025-08-24
CUST02730,Mercy Njeri,Female,27,Kakamega,Kakamega,Retail,2024-03-06
CUST02731,Mary Wambua,Male,46,Nairobi,Kasarani,Loyal,2022-04-05
CUST02732,Esther Wekesa,Male,36,Kiambu,Thika,Retail,2022-10-20
CUST02733,Fatma Mbugua,Female,64,Uasin Gishu,Eldoret,Retail,2023-06-21
CUST02734,Ann Njuguna,Female,20,Nairobi,Westlands,Retail,2022-11-21
CUST02735,Joseph Mwangi,Male,47,Meru,Meru,Loyal,2022-03-14
CUST02736,Fatma Wafula,Male,21,Machakos,Machakos,Retail,2023-04-27
CUST02737,George Kamau,Male,59,Machakos,Machakos,Retail,2022-11-20
CUST02738,Brian Kiptoo,Female,32,Meru,Meru,Wholesale,2026-06-19
CUST02739,Ann Otieno,Male,19,Kisumu,Kisumu,Retail,2025-01-26
CUST02740,Mary Mbugua,Male,48,Nairobi,Westlands,Retail,2023-12-26
CUST02741,Joy Musyoka,Male,40,Kajiado,Kitengela,Retail,2022-04-01
CUST02742,Ali Kiprotich,Female,49,Kiambu,Thika,Retail,2026-07-11
CUST02743,Ann Otieno,Female,48,Nairobi,Westlands,Retail,2025-11-17
CUST02744,Diana Wambua,Female,52,Nairobi,Lang'ata,Retail,2025-09-04
CUST02745,Cynthia Wanjiku,Female,49,Meru,Meru,Retail,2024-05-27
CUST02746,Mercy Mutua,Female,58,Nakuru,Nakuru,Retail,2022-12-08
CUST02747,Aisha Barasa,Male,47,Kiambu,Kiambu,Retail,2026-07-12
CUST02748,Aisha Mwangi,Female,63,Nairobi,Kasarani,Retail,2025-02-23
CUST02749,Sharon Muthoni,Male,38,Nairobi,Kasarani,Loyal,2023-09-27
CUST02750,Mary Chebet,Male,35,Nairobi,Kasarani,Loyal,2025-07-13
CUST02751,Dennis Wambua,Female,19,Kajiado,Kitengela,Wholesale,2026-04-28
CUST02752,Cynthia Ochieng,Female,54,Nairobi,Embakasi,Loyal,2022-02-26
CUST02753,Martin Kiptoo,Male,42,Uasin Gishu,Eldoret,Retail,2022-08-23
CUST02754,Jambo Supplies,Company,,Kiambu,Thika,SME,2024-06-22
CUST02755,Twiga Enterprises,Company,,Kiambu,Kiambu,SME,2023-04-22
CUST02756,Hassan Musyoka,Male,30,Kisumu,Kisumu,Retail,2022-10-06
CUST02757,Rafiki Enterprises,Company,,Nairobi,Embakasi,Corporate,2023-03-31
CUST02758,Irene Kiprotich,Female,65,Kakamega,Kakamega,Retail,2022-02-07
CUST02759,Esther Odhiambo,Male,35,Nairobi,Westlands,Retail,2022-03-31
CUST02760,Aisha Wanjiku,Male,43,Nairobi,Westlands,Loyal,2023-01-08
CUST02761,Cynthia Atieno,Female,67,Mombasa,Likoni,Retail,2024-05-06
CUST02762,Mercy Kiptoo,Male,49,Nairobi,Lang'ata,Retail,2024-09-10
CUST02763,Martin Muthoni,Male,45,Nairobi,Lang'ata,Retail,2025-04-29
CUST02764,Irene Kiptoo,Female,56,Kiambu,Thika,Retail,2024-09-10
CUST02765,James Atieno,Male,46,Mombasa,Nyali,Retail,2022-10-16
CUST02766,Brian Atieno,Male,36,Meru,Meru,Retail,2024-08-17
CUST02767,Lucy Ochieng,Male,21,Uasin Gishu,Eldoret,Retail,2025-02-11
CUST02768,Joy Wanjiku,Female,59,Kisumu,Kisumu,Wholesale,2024-12-21
CUST02769,Joseph Wekesa,Male,34,Kiambu,Ruiru,Retail,2024-12-08
CUST02770,Esther Musyoka,Female,20,Mombasa,Nyali,Retail,2025-10-30
CUST02771,Hassan Kiptoo,Female,37,Meru,Meru,Loyal,2024-07-29
CUST02772,Martin Wambua,Male,58,Kiambu,Thika,Retail,2026-05-22
CUST02773,Dennis Wanjiku,Male,36,Nairobi,Westlands,Loyal,2022-05-30
CUST02774,Martin Wambua,Female,19,Nairobi,Kasarani,Retail,2023-09-04
CUST02775,Joseph Chebet,Male,61,Kajiado,Kitengela,Retail,2023-01-25
CUST02776,Sharon Atieno,Female,41,Kajiado,Kitengela,Retail,2023-06-20
CUST02777,Joseph Kamau,Male,38,Machakos,Machakos,Retail,2025-11-20
CUST02778,Victor Kariuki,Male,66,Nairobi,Embakasi,Retail,2022-02-08
CUST02779,Ali Barasa,Male,67,Nairobi,Lang'ata,Loyal,2026-03-24
CUST02780,James Njeri,Male,51,Nairobi,Kasarani,Retail,2023-08-05
CUST02781,Mary Wanjiku,Male,19,Nairobi,Embakasi,Retail,2026-03-30
CUST02782,Victor Hassan,Female,26,Nairobi,Lang'ata,Retail,2023-08-13
CUST02783,Rafiki Solutions,Company,,Machakos,Machakos,Corporate,2025-01-11
CUST02784,Victor Otieno,Female,60,Mombasa,Nyali,Retail,2023-10-30
CUST02785,George Wambua,Female,42,Kiambu,Kiambu,Loyal,2022-01-21
CUST02786,Ann Musyoka,Male,40,Kiambu,Thika,Retail,2025-09-07
CUST02787,James Odhiambo,Male,59,Kiambu,Thika,Retail,2025-03-08
CUST02788,Savannah Traders,Company,,Nakuru,Nakuru,SME,2024-08-01
CUST02789,Brian Maina,Male,66,Kiambu,Ruiru,Retail,2026-03-24
CUST02790,Diana Muthoni,Male,51,Nakuru,Nakuru,Retail,2022-11-09
CUST02791,James Chebet,Female,65,Nairobi,Lang'ata,Loyal,2022-10-18
CUST02792,Martin Muthoni,Female,63,Kiambu,Thika,Loyal,2024-12-02
CUST02793,James Karanja,Male,68,Uasin Gishu,Eldoret,Loyal,2022-09-18
CUST02794,John Mwangi,Male,26,Nairobi,Embakasi,Retail,2022-10-06
CUST02795,Victor Muthoni,Male,63,Uasin Gishu,Eldoret,Retail,2022-10-13
CUST02796,Brian Wambua,Female,47,Machakos,Machakos,Retail,2025-12-24
CUST02797,Cynthia Maina,Male,44,Nairobi,Kasarani,Loyal,2024-06-08
CUST02798,Esther Barasa,Male,45,Nyeri,Nyeri,Retail,2022-01-03
CUST02799,John Muthoni,Male,43,Nakuru,Nakuru,Retail,2023-12-15
CUST02800,Mercy Kiptoo,Male,39,Nairobi,Lang'ata,Retail,2024-01-18
CUST02801,Kevin Mwangi,Male,19,Kiambu,Thika,Retail,2025-04-03
CUST02802,Jambo Traders,Company,,Kakamega,Kakamega,SME,2023-08-25
CUST02803,David Hassan,Male,58,Nairobi,Kasarani,Loyal,2024-01-04
CUST02804,Aisha Kiprotich,Female,22,Kiambu,Ruiru,Loyal,2023-07-28
CUST02805,Esther Kiprotich,Female,53,Kakamega,Kakamega,Retail,2024-11-07
CUST02806,Sharon Hassan,Male,52,Kisumu,Kisumu,Retail,2025-06-26
CUST02807,Dennis Hassan,Male,19,Nairobi,Lang'ata,Loyal,2026-06-01
CUST02808,Esther Otieno,Female,19,Kiambu,Ruiru,Loyal,2023-12-16
CUST02809,Peter Mwangi,Female,39,Mombasa,Likoni,Retail,2022-12-22
CUST02810,Hassan Wafula,Male,38,Kiambu,Ruiru,Retail,2022-02-12
CUST02811,Sharon Mutua,Male,68,Nairobi,Embakasi,Retail,2025-08-18
CUST02812,Jane Barasa,Female,32,Kakamega,Kakamega,Retail,2022-10-21
CUST02813,Kevin Wafula,Male,62,Nyeri,Nyeri,Retail,2024-09-26
CUST02814,Samuel Kiprotich,Female,22,Kiambu,Thika,Loyal,2022-06-25
CUST02815,Sharon Wambua,Male,47,Uasin Gishu,Eldoret,Retail,2025-09-23
CUST02816,Kevin Jepkoech,Male,22,Kisumu,Kisumu,Retail,2026-02-27
CUST02817,Jane Kariuki,Female,27,Mombasa,Nyali,Loyal,2023-06-19
CUST02818,Victor Wekesa,Male,62,Nyeri,Nyeri,Retail,2025-07-09
CUST02819,John Wambua,Male,36,Kiambu,Thika,Loyal,2024-10-30
CUST02820,Faith Otieno,Male,60,Kiambu,Ruiru,Loyal,2022-12-29
CUST02821,Peter Wekesa,Male,39,Meru,Meru,Retail,2026-03-13
CUST02822,Dennis Maina,Male,40,Mombasa,Likoni,Retail,2025-12-19
CUST02823,Jane Njeri,Male,67,Nairobi,Westlands,Loyal,2022-03-31
CUST02824,Twiga Traders,Company,,Mombasa,Likoni,Corporate,2024-04-11
CUST02825,Samuel Kiptoo,Female,27,Machakos,Machakos,Retail,2025-06-21
CUST02826,Martin Kamau,Female,18,Nakuru,Nakuru,Retail,2024-12-01
CUST02827,Irene Njeri,Female,41,Mombasa,Nyali,Loyal,2026-04-09
CUST02828,George Kamau,Male,57,Kiambu,Ruiru,Retail,2022-08-23
CUST02829,Mwangaza Solutions,Company,,Mombasa,Nyali,SME,2024-03-30
CUST02830,Grace Odhiambo,Male,60,Kiambu,Thika,Loyal,2024-01-23
CUST02831,Faith Karanja,Male,32,Mombasa,Nyali,Retail,2022-11-03
CUST02832,Samuel Wanjiku,Female,45,Kajiado,Kitengela,Retail,2024-05-08
CUST02833,James Karanja,Male,19,Nairobi,Westlands,Retail,2023-02-17
CUST02834,John Wekesa,Male,25,Kakamega,Kakamega,Retail,2022-02-27
CUST02835,Grace Kiptoo,Female,35,Uasin Gishu,Eldoret,Retail,2023-05-29
CUST02836,Dennis Wambua,Male,67,Kiambu,Thika,Retail,2024-05-31
CUST02837,Caroline Mwangi,Male,30,Nairobi,Kasarani,Retail,2024-05-05
CUST02838,Ali Odhiambo,Male,49,Nairobi,Embakasi,Retail,2024-12-22
CUST02839,Diana Wanjiku,Male,45,Mombasa,Likoni,Retail,2025-08-11
CUST02840,Dennis Hassan,Female,22,Uasin Gishu,Eldoret,Loyal,2022-08-05
CUST02841,Sharon Karanja,Female,50,Machakos,Machakos,Retail,2025-03-18
CUST02842,Kevin Kiptoo,Male,28,Kiambu,Ruiru,Retail,2023-04-17
CUST02843,Faith Mutua,Male,55,Machakos,Machakos,Retail,2023-06-14
CUST02844,Victor Barasa,Female,67,Kiambu,Kiambu,Loyal,2025-03-13
CUST02845,George Kiptoo,Male,42,Kiambu,Kiambu,Retail,2023-02-04
CUST02846,John Wambua,Female,59,Nairobi,Embakasi,Retail,2023-04-13
CUST02847,Ufanisi Ltd,Company,,Kiambu,Ruiru,SME,2024-09-10
CUST02848,Victor Wekesa,Female,66,Kiambu,Kiambu,Retail,2022-02-06
CUST02849,Victor Otieno,Male,45,Machakos,Machakos,Retail,2023-08-14
CUST02850,Brian Mutua,Female,21,Nyeri,Nyeri,Retail,2022-12-09
CUST02851,Joseph Kiprotich,Male,63,Meru,Meru,Retail,2022-05-14
CUST02852,Martin Mutua,Female,61,Kiambu,Kiambu,Loyal,2023-09-29
CUST02853,Fatma Musyoka,Male,59,Nairobi,Westlands,Retail,2023-01-13
CUST02854,Grace Wekesa,Male,45,Uasin Gishu,Eldoret,Loyal,2023-11-03
CUST02855,Lucy Hassan,Male,53,Kisumu,Kisumu,Wholesale,2025-11-14
CUST02856,Samuel Wafula,Female,21,Kiambu,Kiambu,Retail,2023-10-07
CUST02857,John Hassan,Male,55,Kakamega,Kakamega,Retail,2023-10-19
CUST02858,Cynthia Wanjiku,Male,23,Mombasa,Likoni,Retail,2022-08-06
CUST02859,Sharon Odhiambo,Female,34,Machakos,Machakos,Loyal,2025-11-03
CUST02860,Beatrice Musyoka,Female,33,Mombasa,Nyali,Retail,2023-09-02
CUST02861,Rafiki Solutions,Company,,Machakos,Machakos,SME,2026-05-31
CUST02862,Jane Kiprotich,Male,44,Kakamega,Kakamega,Retail,2026-02-19
CUST02863,David Mwangi,Male,33,Kiambu,Thika,Retail,2026-05-25
CUST02864,Grace Jepkoech,Female,24,Kajiado,Kitengela,Retail,2024-12-02
CUST02865,Caroline Wafula,Male,59,Mombasa,Likoni,Retail,2025-06-24
CUST02866,Fatma Kariuki,Male,44,Nairobi,Embakasi,Loyal,2023-07-16
CUST02867,Diana Kiptoo,Female,21,Kiambu,Thika,Retail,2024-03-14
CUST02868,Aisha Wanjiku,Female,24,Nakuru,Nakuru,Retail,2023-12-11
CUST02869,Grace Hassan,Female,66,Nairobi,Westlands,Retail,2025-07-01
CUST02870,Beatrice Wanjiku,Male,57,Mombasa,Nyali,Retail,2022-10-16
CUST02871,Victor Maina,Male,55,Nakuru,Nakuru,Loyal,2022-08-16
CUST02872,Joseph Atieno,Male,24,Nairobi,Lang'ata,Loyal,2023-08-29
CUST02873,Jane Njeri,Female,22,Kakamega,Kakamega,Retail,2023-08-13
CUST02874,Ann Akinyi,Male,43,Nairobi,Kasarani,Loyal,2023-08-10
CUST02875,Cynthia Maina,Female,41,Mombasa,Likoni,Wholesale,2022-07-23
CUST02876,Samuel Wanjiku,Male,68,Kiambu,Ruiru,Loyal,2026-01-08
CUST02877,Esther Njeri,Female,34,Kiambu,Kiambu,Retail,2023-01-15
CUST02878,Beatrice Jepkoech,Female,45,Nairobi,Embakasi,Loyal,2024-11-22
CUST02879,David Wekesa,Male,21,Nakuru,Nakuru,Wholesale,2024-08-29
CUST02880,Diana Karanja,Female,37,Kiambu,Ruiru,Retail,2026-03-31
CUST02881,Ann Hassan,Male,28,Nyeri,Nyeri,Retail,2024-12-14
CUST02882,Esther Wekesa,Female,26,Kiambu,Kiambu,Retail,2022-11-12
CUST02883,Aisha Muthoni,Female,58,Nairobi,Embakasi,Retail,2022-06-19
CUST02884,Hassan Otieno,Male,35,Kajiado,Kitengela,Retail,2023-04-19
CUST02885,Irene Barasa,Male,41,Kiambu,Kiambu,Retail,2025-01-01
CUST02886,Ann Ochieng,Female,44,Nairobi,Kasarani,Loyal,2022-10-02
CUST02887,Mary Chebet,Male,25,Mombasa,Nyali,Retail,2023-05-20
CUST02888,Hassan Muthoni,Female,41,Uasin Gishu,Eldoret,Retail,2022-08-24
CUST02889,James Njuguna,Male,50,Mombasa,Likoni,Retail,2023-03-17
CUST02890,Diana Akinyi,Female,50,Uasin Gishu,Eldoret,Retail,2024-11-02
CUST02891,Grace Kamau,Male,18,Nairobi,Embakasi,Loyal,2025-02-09
CUST02892,Dennis Maina,Female,62,Uasin Gishu,Eldoret,Loyal,2024-08-22
CUST02893,Mary Atieno,Male,61,Kiambu,Kiambu,Retail,2024-09-20
CUST02894,Kevin Muthoni,Female,50,Kakamega,Kakamega,Retail,2025-07-30
CUST02895,Cynthia Jepkoech,Male,31,Nyeri,Nyeri,Retail,2025-06-10
CUST02896,Ann Maina,Female,25,Nyeri,Nyeri,Retail,2025-05-13
CUST02897,Jane Otieno,Female,33,Machakos,Machakos,Retail,2022-03-24
CUST02898,Faith Jepkoech,Male,18,Kajiado,Kitengela,Retail,2023-01-19
CUST02899,Twiga Enterprises,Company,,Nairobi,Embakasi,Corporate,2022-02-02
CUST02900,Jane Barasa,Male,19,Kajiado,Kitengela,Retail,2025-02-06
CUST02901,Cynthia Maina,Female,29,Kiambu,Thika,Retail,2025-02-04
CUST02902,Jane Wekesa,Male,59,Nairobi,Westlands,Retail,2023-09-27
CUST02903,Jane Hassan,Male,47,Kakamega,Kakamega,Wholesale,2026-04-06
CUST02904,Peter Kariuki,Female,47,Nakuru,Nakuru,Loyal,2024-05-15
CUST02905,Jane Akinyi,Male,68,Nairobi,Westlands,Retail,2022-02-16
CUST02906,Joseph Kiptoo,Male,62,Meru,Meru,Retail,2026-04-05
CUST02907,Dennis Atieno,Female,54,Nairobi,Lang'ata,Loyal,2025-09-12
CUST02908,Rafiki Supplies,Company,,Nairobi,Kasarani,SME,2024-11-13
CUST02909,Joseph Jepkoech,Male,67,Kajiado,Kitengela,Loyal,2025-03-17
CUST02910,Rafiki Enterprises,Company,,Nairobi,Lang'ata,SME,2024-03-21
CUST02911,Joseph Njuguna,Male,51,Nairobi,Lang'ata,Retail,2022-11-20
CUST02912,Pamoja Traders,Company,,Kiambu,Ruiru,SME,2024-06-22
CUST02913,Ann Barasa,Female,46,Nyeri,Nyeri,Retail,2024-03-26
CUST02914,Aisha Otieno,Male,34,Nairobi,Westlands,Retail,2026-01-24
CUST02915,Hassan Kiprotich,Male,64,Nairobi,Embakasi,Loyal,2023-11-21
CUST02916,Mercy Karanja,Female,24,Mombasa,Likoni,Retail,2026-01-21
CUST02917,James Atieno,Male,61,Nairobi,Westlands,Loyal,2026-05-07
CUST02918,Beatrice Hassan,Female,26,Kiambu,Kiambu,Retail,2023-09-14
CUST02919,Martin Muthoni,Male,26,Uasin Gishu,Eldoret,Retail,2023-01-05
CUST02920,Ali Karanja,Male,49,Kiambu,Kiambu,Retail,2024-02-18
CUST02921,Dennis Wafula,Male,46,Nairobi,Embakasi,Retail,2025-01-15
CUST02922,Jambo Traders,Company,,Nyeri,Nyeri,Corporate,2025-11-13
CUST02923,Aisha Jepkoech,Male,47,Nairobi,Westlands,Retail,2023-10-20
CUST02924,Dennis Wafula,Male,62,Nakuru,Nakuru,Retail,2023-05-20
CUST02925,Dennis Wanjiku,Male,45,Machakos,Machakos,Retail,2025-03-22
CUST02926,Cynthia Maina,Female,45,Uasin Gishu,Eldoret,Loyal,2023-03-31
CUST02927,Jambo Supplies,Company,,Nyeri,Nyeri,SME,2022-11-18
CUST02928,Dennis Odhiambo,Female,39,Nairobi,Westlands,Retail,2024-07-01
CUST02929,Joy Karanja,Male,45,Nairobi,Embakasi,Retail,2023-10-08
CUST02930,Sharon Wambua,Male,33,Nyeri,Nyeri,Retail,2025-04-18
CUST02931,Jane Mwangi,Female,41,Machakos,Machakos,Retail,2025-03-19
CUST02932,Lucy Jepkoech,Male,66,Mombasa,Likoni,Retail,2023-07-13
CUST02933,David Muthoni,Male,56,Kisumu,Kisumu,Retail,2023-11-05
CUST02934,Joseph Jepkoech,Female,44,Mombasa,Nyali,Retail,2022-08-23
CUST02935,Caroline Njeri,Male,46,Kisumu,Kisumu,Loyal,2023-10-02
CUST02936,Jane Mutua,Male,68,Mombasa,Likoni,Retail,2023-05-17
CUST02937,Grace Wafula,Male,68,Nairobi,Kasarani,Retail,2024-02-24
CUST02938,Kevin Wambua,Female,60,Machakos,Machakos,Retail,2022-02-15
CUST02939,Fatma Odhiambo,Male,66,Kisumu,Kisumu,Retail,2023-06-01
CUST02940,Martin Njuguna,Female,55,Kisumu,Kisumu,Loyal,2022-03-10
CUST02941,Grace Chebet,Male,20,Uasin Gishu,Eldoret,Retail,2026-02-06
CUST02942,Mwangaza Supplies,Company,,Nairobi,Westlands,Corporate,2022-02-14
CUST02943,Peter Hassan,Female,41,Kisumu,Kisumu,Retail,2022-10-12
CUST02944,Beatrice Wambua,Male,28,Nairobi,Westlands,Loyal,2024-09-11
CUST02945,Joy Mutua,Male,58,Nairobi,Kasarani,Retail,2026-05-30
CUST02946,David Akinyi,Male,51,Kisumu,Kisumu,Loyal,2022-12-12
CUST02947,Grace Muthoni,Female,36,Nairobi,Kasarani,Retail,2025-04-26
CUST02948,Imara Enterprises,Company,,Machakos,Machakos,SME,2025-07-22
CUST02949,Kevin Wafula,Female,58,Kisumu,Kisumu,Retail,2022-08-29
CUST02950,George Kamau,Female,54,Nairobi,Embakasi,Retail,2024-03-18
CUST02951,Grace Muthoni,Male,36,Uasin Gishu,Eldoret,Retail,2024-08-16
CUST02952,Caroline Atieno,Male,64,Mombasa,Likoni,Retail,2025-12-26
CUST02953,Beatrice Barasa,Male,25,Mombasa,Likoni,Retail,2026-05-06
CUST02954,Esther Kariuki,Female,38,Nairobi,Lang'ata,Retail,2023-05-21
CUST02955,Esther Wambua,Male,38,Nairobi,Embakasi,Retail,2025-07-16
CUST02956,Joseph Wanjiku,Female,58,Mombasa,Nyali,Retail,2022-10-31
CUST02957,Martin Ochieng,Female,26,Kiambu,Kiambu,Retail,2023-12-27
CUST02958,Joseph Odhiambo,Female,48,Nyeri,Nyeri,Retail,2026-05-20
CUST02959,Peter Jepkoech,Male,24,Kiambu,Thika,Retail,2025-10-08
CUST02960,Jane Chebet,Female,25,Nyeri,Nyeri,Loyal,2024-10-21
CUST02961,Joseph Karanja,Male,51,Mombasa,Nyali,Wholesale,2023-05-23
CUST02962,Rafiki Ltd,Company,,Kakamega,Kakamega,Corporate,2022-01-12
CUST02963,Joy Barasa,Female,44,Mombasa,Likoni,Loyal,2025-03-11
CUST02964,Hassan Mutua,Female,53,Uasin Gishu,Eldoret,Wholesale,2022-09-29
CUST02965,Sharon Njuguna,Female,32,Kiambu,Thika,Retail,2025-03-02
CUST02966,Martin Mutua,Male,34,Nairobi,Embakasi,Retail,2022-10-18
CUST02967,Savannah Traders,Company,,Mombasa,Nyali,SME,2024-03-27
CUST02968,Esther Wambua,Female,19,Kajiado,Kitengela,Retail,2024-10-22
CUST02969,Mwangaza Supplies,Company,,Nairobi,Westlands,SME,2026-02-01
CUST02970,Hassan Akinyi,Male,39,Nairobi,Westlands,Retail,2024-06-10
CUST02971,Ann Njuguna,Male,54,Kiambu,Thika,Retail,2022-02-03
CUST02972,Fatma Kiptoo,Female,27,Kiambu,Kiambu,Retail,2026-01-25
CUST02973,George Kamau,Female,48,Mombasa,Likoni,Retail,2022-11-10
CUST02974,Esther Mwangi,Male,27,Nairobi,Kasarani,Retail,2024-01-28
CUST02975,Fatma Muthoni,Male,42,Uasin Gishu,Eldoret,Retail,2026-07-29
CUST02976,John Mutua,Male,63,Kiambu,Ruiru,Retail,2026-07-02
CUST02977,Kevin Ochieng,Female,46,Meru,Meru,Retail,2023-11-15
CUST02978,Hassan Atieno,Male,38,Nairobi,Westlands,Loyal,2023-10-25
CUST02979,Samuel Maina,Female,53,Kiambu,Thika,Retail,2023-07-12
CUST02980,Caroline Hassan,Female,27,Kisumu,Kisumu,Retail,2023-03-30
CUST02981,James Atieno,Female,27,Kajiado,Kitengela,Loyal,2026-03-26
CUST02982,Aisha Mwangi,Male,39,Kajiado,Kitengela,Retail,2024-12-15
CUST02983,Jane Kiprotich,Female,25,Kisumu,Kisumu,Retail,2023-12-16
CUST02984,Dennis Kiprotich,Male,57,Kakamega,Kakamega,Retail,2025-11-11
CUST02985,Lucy Njuguna,Male,55,Mombasa,Nyali,Loyal,2026-01-12
CUST02986,David Akinyi,Male,30,Nyeri,Nyeri,Loyal,2026-02-09
CUST02987,Brian Chebet,Male,35,Nairobi,Westlands,Retail,2022-04-12
CUST02988,Mary Wekesa,Female,43,Nairobi,Embakasi,Retail,2026-07-04
CUST02989,Savannah Supplies,Company,,Nairobi,Kasarani,SME,2024-02-04
CUST02990,Ann Akinyi,Male,44,Meru,Meru,Retail,2023-01-01
CUST02991,Jane Mutua,Female,47,Nairobi,Lang'ata,Retail,2025-03-21
CUST02992,Caroline Mwangi,Male,61,Nairobi,Kasarani,Wholesale,2023-10-03
CUST02993,Ann Chebet,Female,46,Kiambu,Thika,Retail,2026-06-01
CUST02994,Peter Jepkoech,Male,65,Machakos,Machakos,Retail,2023-11-19
CUST02995,James Muthoni,Male,48,Meru,Meru,Retail,2022-01-23
CUST02996,Jambo Stores,Company,,Machakos,Machakos,Corporate,2022-03-22
CUST02997,David Chebet,Female,21,Kiambu,Thika,Retail,2022-09-13
CUST02998,Victor Otieno,Female,51,Mombasa,Likoni,Wholesale,2023-06-15
CUST02999,Martin Wanjiku,Female,46,Nakuru,Nakuru,Retail,2024-08-05
CUST03000,Joseph Mutua,Male,36,Mombasa,Nyali,Retail,2024-09-03
