Expense_ID,Date,Branch_ID,Expense_Category,Amount_KES,Payment_Status
EXP000001,2025-01-10,BR001,Rent,416247.23,Paid
EXP000002,2025-01-04,BR001,Electricity,34903.04,Paid
EXP000003,2025-01-10,BR001,Internet,27009.51,Paid
EXP000004,2025-01-21,BR001,Transport,50214.77,Pending
EXP000005,2025-01-16,BR001,Marketing,56744.84,Paid
EXP000006,2025-01-01,BR001,Security,28946.07,Paid
EXP000007,2025-01-26,BR001,Maintenance,48831.46,Pending
EXP000008,2025-01-10,BR001,Staff Welfare,19877.23,Pending
EXP000009,2025-01-11,BR002,Rent,397060.25,Paid
EXP000010,2025-01-16,BR002,Electricity,72513.97,Paid
EXP000011,2025-01-22,BR002,Internet,14520.98,Paid
EXP000012,2025-01-19,BR002,Transport,49488.79,Paid
EXP000013,2025-01-12,BR002,Marketing,46614.56,Paid
EXP000014,2025-01-21,BR002,Security,37057.22,Pending
EXP000015,2025-01-21,BR002,Maintenance,44286.63,Paid
EXP000016,2025-01-19,BR002,Staff Welfare,10989.79,Pending
EXP000017,2025-01-04,BR003,Rent,241866.32,Paid
EXP000018,2025-01-06,BR003,Electricity,76315.81,Paid
EXP000019,2025-01-17,BR003,Internet,15443.33,Paid
EXP000020,2025-01-05,BR003,Transport,44523.08,Paid
EXP000021,2025-01-21,BR003,Marketing,21929.87,Paid
EXP000022,2025-01-05,BR003,Security,38437.76,Paid
EXP000023,2025-01-04,BR003,Maintenance,37932.06,Paid
EXP000024,2025-01-11,BR003,Staff Welfare,26057.15,Paid
EXP000025,2025-01-22,BR004,Rent,174459.91,Pending
EXP000026,2025-01-05,BR004,Electricity,38532.95,Paid
EXP000027,2025-01-02,BR004,Internet,25287.72,Paid
EXP000028,2025-01-26,BR004,Transport,21693.63,Paid
EXP000029,2025-01-15,BR004,Marketing,42911.28,Paid
EXP000030,2025-01-13,BR004,Security,32128.27,Paid
EXP000031,2025-01-26,BR004,Maintenance,22838.3,Pending
EXP000032,2025-01-07,BR004,Staff Welfare,22878.89,Pending
EXP000033,2025-01-01,BR005,Rent,215140.42,Paid
EXP000034,2025-01-03,BR005,Electricity,37645.32,Paid
EXP000035,2025-01-02,BR005,Internet,14306.99,Paid
EXP000036,2025-01-21,BR005,Transport,45545.51,Paid
EXP000037,2025-01-20,BR005,Marketing,66115.9,Pending
EXP000038,2025-01-06,BR005,Security,42961.42,Paid
EXP000039,2025-01-17,BR005,Maintenance,28925.37,Paid
EXP000040,2025-01-02,BR005,Staff Welfare,15351.37,Paid
EXP000041,2025-01-02,BR006,Rent,254646.93,Paid
EXP000042,2025-01-26,BR006,Electricity,79127.4,Paid
EXP000043,2025-01-23,BR006,Internet,21352.64,Paid
EXP000044,2025-01-13,BR006,Transport,67391.42,Pending
EXP000045,2025-01-17,BR006,Marketing,20811.97,Pending
EXP000046,2025-01-08,BR006,Security,37771.53,Pending
EXP000047,2025-01-19,BR006,Maintenance,42252.79,Pending
EXP000048,2025-01-03,BR006,Staff Welfare,28379.81,Paid
EXP000049,2025-01-10,BR007,Rent,271391.79,Paid
EXP000050,2025-01-12,BR007,Electricity,70217.53,Pending
EXP000051,2025-01-05,BR007,Internet,27444.88,Paid
EXP000052,2025-01-24,BR007,Transport,69839.2,Paid
EXP000053,2025-01-01,BR007,Marketing,80773.17,Pending
EXP000054,2025-01-09,BR007,Security,26929.84,Pending
EXP000055,2025-01-18,BR007,Maintenance,39910.57,Paid
EXP000056,2025-01-20,BR007,Staff Welfare,23599.01,Pending
EXP000057,2025-01-21,BR008,Rent,239589.82,Paid
EXP000058,2025-01-25,BR008,Electricity,50825.78,Paid
EXP000059,2025-01-04,BR008,Internet,14996.98,Paid
EXP000060,2025-01-15,BR008,Transport,38559.82,Pending
EXP000061,2025-01-01,BR008,Marketing,52844.97,Paid
EXP000062,2025-01-02,BR008,Security,39511.52,Paid
EXP000063,2025-01-06,BR008,Maintenance,13037.85,Paid
EXP000064,2025-01-13,BR008,Staff Welfare,11055.12,Paid
EXP000065,2025-01-21,BR009,Rent,216137.45,Paid
EXP000066,2025-01-15,BR009,Electricity,59676.48,Paid
EXP000067,2025-01-21,BR009,Internet,28289.12,Paid
EXP000068,2025-01-07,BR009,Transport,30571.26,Paid
EXP000069,2025-01-09,BR009,Marketing,14526.7,Paid
EXP000070,2025-01-21,BR009,Security,24924.3,Pending
EXP000071,2025-01-25,BR009,Maintenance,49188.67,Paid
EXP000072,2025-01-07,BR009,Staff Welfare,28957.61,Paid
EXP000073,2025-01-08,BR010,Rent,163395.06,Paid
EXP000074,2025-01-06,BR010,Electricity,36220.34,Paid
EXP000075,2025-01-13,BR010,Internet,28684.85,Pending
EXP000076,2025-01-12,BR010,Transport,25765.1,Paid
EXP000077,2025-01-25,BR010,Marketing,23531.08,Paid
EXP000078,2025-01-16,BR010,Security,29168.67,Paid
EXP000079,2025-01-20,BR010,Maintenance,9590.36,Pending
EXP000080,2025-01-25,BR010,Staff Welfare,28212.5,Paid
EXP000081,2025-01-06,BR011,Rent,183796.57,Paid
EXP000082,2025-01-11,BR011,Electricity,28219.81,Paid
EXP000083,2025-01-24,BR011,Internet,25811.66,Pending
EXP000084,2025-01-10,BR011,Transport,45045.46,Paid
EXP000085,2025-01-01,BR011,Marketing,54794.4,Pending
EXP000086,2025-01-18,BR011,Security,19766.87,Paid
EXP000087,2025-01-16,BR011,Maintenance,33258.07,Pending
EXP000088,2025-01-12,BR011,Staff Welfare,31834.1,Paid
EXP000089,2025-01-18,BR012,Rent,149660.94,Paid
EXP000090,2025-01-12,BR012,Electricity,34764.31,Paid
EXP000091,2025-01-18,BR012,Internet,17863.29,Paid
EXP000092,2025-01-04,BR012,Transport,50149.8,Paid
EXP000093,2025-01-06,BR012,Marketing,48571.62,Paid
EXP000094,2025-01-15,BR012,Security,19013.31,Paid
EXP000095,2025-01-12,BR012,Maintenance,48251.23,Pending
EXP000096,2025-01-06,BR012,Staff Welfare,32763.78,Pending
EXP000097,2025-02-03,BR001,Rent,422959.53,Paid
EXP000098,2025-02-04,BR001,Electricity,35710.35,Pending
EXP000099,2025-02-12,BR001,Internet,23532.51,Paid
EXP000100,2025-02-08,BR001,Transport,31591.93,Paid
EXP000101,2025-02-07,BR001,Marketing,16491.36,Pending
EXP000102,2025-02-04,BR001,Security,41782.8,Paid
EXP000103,2025-02-14,BR001,Maintenance,7058.34,Paid
EXP000104,2025-02-01,BR001,Staff Welfare,10159.56,Paid
EXP000105,2025-02-21,BR002,Rent,408597.85,Paid
EXP000106,2025-02-14,BR002,Electricity,35801.98,Paid
EXP000107,2025-02-18,BR002,Internet,12773.97,Paid
EXP000108,2025-02-24,BR002,Transport,66145.39,Paid
EXP000109,2025-02-12,BR002,Marketing,86195.18,Paid
EXP000110,2025-02-14,BR002,Security,33642.6,Paid
EXP000111,2025-02-26,BR002,Maintenance,35455.12,Paid
EXP000112,2025-02-21,BR002,Staff Welfare,13229.95,Paid
EXP000113,2025-02-26,BR003,Rent,243467.25,Paid
EXP000114,2025-02-24,BR003,Electricity,34737.75,Pending
EXP000115,2025-02-18,BR003,Internet,26694.03,Paid
EXP000116,2025-02-11,BR003,Transport,53088.33,Paid
EXP000117,2025-02-16,BR003,Marketing,21354.56,Paid
EXP000118,2025-02-08,BR003,Security,19606.75,Paid
EXP000119,2025-02-26,BR003,Maintenance,19589.35,Paid
EXP000120,2025-02-18,BR003,Staff Welfare,32632.31,Pending
EXP000121,2025-02-13,BR004,Rent,172298.5,Paid
EXP000122,2025-02-09,BR004,Electricity,81516.35,Paid
EXP000123,2025-02-22,BR004,Internet,22816.29,Paid
EXP000124,2025-02-04,BR004,Transport,38682.47,Paid
EXP000125,2025-02-12,BR004,Marketing,63996.89,Paid
EXP000126,2025-02-20,BR004,Security,38781.95,Paid
EXP000127,2025-02-02,BR004,Maintenance,30189.41,Paid
EXP000128,2025-02-11,BR004,Staff Welfare,20132.28,Paid
EXP000129,2025-02-19,BR005,Rent,213700.11,Paid
EXP000130,2025-02-18,BR005,Electricity,27944.99,Paid
EXP000131,2025-02-03,BR005,Internet,19800.31,Paid
EXP000132,2025-02-05,BR005,Transport,40389.93,Pending
EXP000133,2025-02-04,BR005,Marketing,67665.31,Paid
EXP000134,2025-02-01,BR005,Security,34967.35,Pending
EXP000135,2025-02-08,BR005,Maintenance,27368.88,Paid
EXP000136,2025-02-03,BR005,Staff Welfare,23731.08,Pending
EXP000137,2025-02-11,BR006,Rent,247860.25,Pending
EXP000138,2025-02-12,BR006,Electricity,30214.96,Paid
EXP000139,2025-02-04,BR006,Internet,12945.71,Pending
EXP000140,2025-02-13,BR006,Transport,25229.31,Pending
EXP000141,2025-02-17,BR006,Marketing,16152.44,Paid
EXP000142,2025-02-19,BR006,Security,39906.92,Paid
EXP000143,2025-02-25,BR006,Maintenance,28235.94,Paid
EXP000144,2025-02-17,BR006,Staff Welfare,33908.67,Paid
EXP000145,2025-02-23,BR007,Rent,279285.14,Paid
EXP000146,2025-02-11,BR007,Electricity,67994.63,Pending
EXP000147,2025-02-02,BR007,Internet,25354.42,Paid
EXP000148,2025-02-08,BR007,Transport,50222.22,Paid
EXP000149,2025-02-23,BR007,Marketing,28725.83,Paid
EXP000150,2025-02-24,BR007,Security,28858.4,Paid
EXP000151,2025-02-04,BR007,Maintenance,9987.29,Pending
EXP000152,2025-02-10,BR007,Staff Welfare,30671.55,Paid
EXP000153,2025-02-01,BR008,Rent,225598.77,Paid
EXP000154,2025-02-20,BR008,Electricity,76997.08,Paid
EXP000155,2025-02-25,BR008,Internet,15692.75,Paid
EXP000156,2025-02-11,BR008,Transport,44257.01,Paid
EXP000157,2025-02-04,BR008,Marketing,14649.97,Paid
EXP000158,2025-02-13,BR008,Security,32759.55,Paid
EXP000159,2025-02-11,BR008,Maintenance,15217.47,Paid
EXP000160,2025-02-14,BR008,Staff Welfare,13204.0,Paid
EXP000161,2025-02-16,BR009,Rent,209273.98,Paid
EXP000162,2025-02-06,BR009,Electricity,35310.27,Pending
EXP000163,2025-02-22,BR009,Internet,12083.26,Paid
EXP000164,2025-02-09,BR009,Transport,53548.87,Paid
EXP000165,2025-02-01,BR009,Marketing,83366.79,Paid
EXP000166,2025-02-24,BR009,Security,21778.17,Pending
EXP000167,2025-02-07,BR009,Maintenance,18116.53,Paid
EXP000168,2025-02-03,BR009,Staff Welfare,10798.25,Paid
EXP000169,2025-02-06,BR010,Rent,161133.15,Paid
EXP000170,2025-02-03,BR010,Electricity,43231.45,Paid
EXP000171,2025-02-18,BR010,Internet,21613.6,Paid
EXP000172,2025-02-19,BR010,Transport,46749.52,Paid
EXP000173,2025-02-07,BR010,Marketing,10966.4,Paid
EXP000174,2025-02-14,BR010,Security,19446.59,Paid
EXP000175,2025-02-10,BR010,Maintenance,9288.74,Pending
EXP000176,2025-02-11,BR010,Staff Welfare,16424.21,Paid
EXP000177,2025-02-02,BR011,Rent,189513.53,Paid
EXP000178,2025-02-20,BR011,Electricity,76944.12,Paid
EXP000179,2025-02-26,BR011,Internet,15806.6,Paid
EXP000180,2025-02-25,BR011,Transport,29450.48,Paid
EXP000181,2025-02-22,BR011,Marketing,44089.2,Paid
EXP000182,2025-02-03,BR011,Security,21690.57,Pending
EXP000183,2025-02-12,BR011,Maintenance,21048.68,Pending
EXP000184,2025-02-21,BR011,Staff Welfare,18828.64,Paid
EXP000185,2025-02-23,BR012,Rent,143934.41,Paid
EXP000186,2025-02-20,BR012,Electricity,46402.52,Paid
EXP000187,2025-02-18,BR012,Internet,27356.37,Paid
EXP000188,2025-02-25,BR012,Transport,28038.15,Paid
EXP000189,2025-02-18,BR012,Marketing,71322.3,Paid
EXP000190,2025-02-12,BR012,Security,43042.56,Paid
EXP000191,2025-02-20,BR012,Maintenance,30323.08,Paid
EXP000192,2025-02-14,BR012,Staff Welfare,23787.96,Paid
EXP000193,2025-03-09,BR001,Rent,433737.41,Pending
EXP000194,2025-03-23,BR001,Electricity,57400.42,Paid
EXP000195,2025-03-16,BR001,Internet,24868.35,Paid
EXP000196,2025-03-21,BR001,Transport,58906.75,Paid
EXP000197,2025-03-12,BR001,Marketing,48796.24,Paid
EXP000198,2025-03-11,BR001,Security,25309.19,Paid
EXP000199,2025-03-25,BR001,Maintenance,22076.23,Pending
EXP000200,2025-03-20,BR001,Staff Welfare,31139.08,Paid
EXP000201,2025-03-20,BR002,Rent,406993.98,Paid
EXP000202,2025-03-21,BR002,Electricity,73316.74,Paid
EXP000203,2025-03-11,BR002,Internet,28923.67,Paid
EXP000204,2025-03-01,BR002,Transport,47025.74,Paid
EXP000205,2025-03-16,BR002,Marketing,85211.61,Pending
EXP000206,2025-03-23,BR002,Security,27107.97,Pending
EXP000207,2025-03-25,BR002,Maintenance,32588.37,Paid
EXP000208,2025-03-09,BR002,Staff Welfare,10470.36,Paid
EXP000209,2025-03-16,BR003,Rent,234343.31,Pending
EXP000210,2025-03-11,BR003,Electricity,79277.01,Pending
EXP000211,2025-03-03,BR003,Internet,13753.14,Paid
EXP000212,2025-03-19,BR003,Transport,28132.83,Paid
EXP000213,2025-03-17,BR003,Marketing,22517.86,Paid
EXP000214,2025-03-02,BR003,Security,33983.27,Paid
EXP000215,2025-03-18,BR003,Maintenance,25837.98,Paid
EXP000216,2025-03-13,BR003,Staff Welfare,13274.19,Pending
EXP000217,2025-03-23,BR004,Rent,173950.48,Paid
EXP000218,2025-03-01,BR004,Electricity,61279.96,Paid
EXP000219,2025-03-14,BR004,Internet,27721.31,Paid
EXP000220,2025-03-08,BR004,Transport,58444.61,Paid
EXP000221,2025-03-14,BR004,Marketing,81042.4,Pending
EXP000222,2025-03-21,BR004,Security,25874.73,Paid
EXP000223,2025-03-12,BR004,Maintenance,49083.58,Pending
EXP000224,2025-03-15,BR004,Staff Welfare,34193.13,Pending
EXP000225,2025-03-21,BR005,Rent,217327.55,Paid
EXP000226,2025-03-23,BR005,Electricity,28994.75,Pending
EXP000227,2025-03-08,BR005,Internet,27614.16,Pending
EXP000228,2025-03-02,BR005,Transport,22281.26,Paid
EXP000229,2025-03-22,BR005,Marketing,31898.5,Pending
EXP000230,2025-03-03,BR005,Security,39730.0,Paid
EXP000231,2025-03-22,BR005,Maintenance,13747.4,Pending
EXP000232,2025-03-23,BR005,Staff Welfare,14562.25,Paid
EXP000233,2025-03-06,BR006,Rent,251122.13,Paid
EXP000234,2025-03-24,BR006,Electricity,31110.57,Paid
EXP000235,2025-03-15,BR006,Internet,24992.33,Paid
EXP000236,2025-03-24,BR006,Transport,54392.31,Pending
EXP000237,2025-03-10,BR006,Marketing,17141.68,Paid
EXP000238,2025-03-09,BR006,Security,32852.02,Pending
EXP000239,2025-03-21,BR006,Maintenance,8808.43,Paid
EXP000240,2025-03-23,BR006,Staff Welfare,25018.64,Paid
EXP000241,2025-03-21,BR007,Rent,289129.47,Pending
EXP000242,2025-03-04,BR007,Electricity,51862.69,Paid
EXP000243,2025-03-05,BR007,Internet,16314.87,Paid
EXP000244,2025-03-24,BR007,Transport,61966.28,Pending
EXP000245,2025-03-26,BR007,Marketing,26713.19,Paid
EXP000246,2025-03-19,BR007,Security,23295.89,Paid
EXP000247,2025-03-14,BR007,Maintenance,12665.85,Paid
EXP000248,2025-03-17,BR007,Staff Welfare,20696.14,Paid
EXP000249,2025-03-01,BR008,Rent,228762.6,Pending
EXP000250,2025-03-11,BR008,Electricity,80144.4,Paid
EXP000251,2025-03-26,BR008,Internet,16788.0,Paid
EXP000252,2025-03-01,BR008,Transport,19054.89,Paid
EXP000253,2025-03-08,BR008,Marketing,29118.26,Paid
EXP000254,2025-03-09,BR008,Security,43977.39,Paid
EXP000255,2025-03-22,BR008,Maintenance,18544.52,Paid
EXP000256,2025-03-10,BR008,Staff Welfare,24785.98,Paid
EXP000257,2025-03-12,BR009,Rent,230814.2,Paid
EXP000258,2025-03-07,BR009,Electricity,34203.13,Pending
EXP000259,2025-03-19,BR009,Internet,17247.86,Paid
EXP000260,2025-03-07,BR009,Transport,58024.01,Paid
EXP000261,2025-03-12,BR009,Marketing,19657.49,Paid
EXP000262,2025-03-18,BR009,Security,31476.61,Paid
EXP000263,2025-03-17,BR009,Maintenance,12832.19,Pending
EXP000264,2025-03-04,BR009,Staff Welfare,13367.68,Paid
EXP000265,2025-03-10,BR010,Rent,153328.01,Paid
EXP000266,2025-03-03,BR010,Electricity,48449.13,Pending
EXP000267,2025-03-07,BR010,Internet,28182.24,Paid
EXP000268,2025-03-09,BR010,Transport,62868.32,Paid
EXP000269,2025-03-22,BR010,Marketing,78839.34,Pending
EXP000270,2025-03-16,BR010,Security,35225.6,Paid
EXP000271,2025-03-08,BR010,Maintenance,49818.11,Paid
EXP000272,2025-03-23,BR010,Staff Welfare,31122.22,Paid
EXP000273,2025-03-15,BR011,Rent,182889.79,Paid
EXP000274,2025-03-15,BR011,Electricity,71144.62,Paid
EXP000275,2025-03-04,BR011,Internet,19333.38,Pending
EXP000276,2025-03-10,BR011,Transport,48044.75,Paid
EXP000277,2025-03-10,BR011,Marketing,82984.0,Paid
EXP000278,2025-03-12,BR011,Security,24524.7,Paid
EXP000279,2025-03-03,BR011,Maintenance,49261.95,Paid
EXP000280,2025-03-02,BR011,Staff Welfare,15028.62,Pending
EXP000281,2025-03-21,BR012,Rent,152305.6,Paid
EXP000282,2025-03-14,BR012,Electricity,58097.23,Pending
EXP000283,2025-03-03,BR012,Internet,19770.11,Paid
EXP000284,2025-03-26,BR012,Transport,57288.47,Paid
EXP000285,2025-03-17,BR012,Marketing,75538.1,Paid
EXP000286,2025-03-01,BR012,Security,22020.85,Paid
EXP000287,2025-03-13,BR012,Maintenance,39233.9,Paid
EXP000288,2025-03-07,BR012,Staff Welfare,5390.44,Pending
EXP000289,2025-04-05,BR001,Rent,405445.89,Paid
EXP000290,2025-04-26,BR001,Electricity,38073.55,Pending
EXP000291,2025-04-10,BR001,Internet,13297.77,Pending
EXP000292,2025-04-14,BR001,Transport,34683.38,Paid
EXP000293,2025-04-16,BR001,Marketing,88781.48,Paid
EXP000294,2025-04-05,BR001,Security,38998.98,Paid
EXP000295,2025-04-07,BR001,Maintenance,9075.52,Pending
EXP000296,2025-04-01,BR001,Staff Welfare,10200.71,Paid
EXP000297,2025-04-19,BR002,Rent,381176.0,Paid
EXP000298,2025-04-02,BR002,Electricity,72633.25,Paid
EXP000299,2025-04-17,BR002,Internet,28973.96,Pending
EXP000300,2025-04-17,BR002,Transport,27428.07,Paid
EXP000301,2025-04-02,BR002,Marketing,26796.33,Pending
EXP000302,2025-04-01,BR002,Security,21611.06,Pending
EXP000303,2025-04-24,BR002,Maintenance,35885.63,Pending
EXP000304,2025-04-10,BR002,Staff Welfare,12612.7,Paid
EXP000305,2025-04-05,BR003,Rent,249229.73,Pending
EXP000306,2025-04-25,BR003,Electricity,39262.7,Paid
EXP000307,2025-04-03,BR003,Internet,24481.42,Paid
EXP000308,2025-04-05,BR003,Transport,56818.22,Paid
EXP000309,2025-04-03,BR003,Marketing,13903.63,Paid
EXP000310,2025-04-26,BR003,Security,19812.85,Pending
EXP000311,2025-04-07,BR003,Maintenance,35948.62,Paid
EXP000312,2025-04-06,BR003,Staff Welfare,34601.76,Paid
EXP000313,2025-04-15,BR004,Rent,176142.61,Pending
EXP000314,2025-04-03,BR004,Electricity,50613.45,Paid
EXP000315,2025-04-07,BR004,Internet,17948.85,Pending
EXP000316,2025-04-20,BR004,Transport,20879.48,Paid
EXP000317,2025-04-26,BR004,Marketing,45664.06,Paid
EXP000318,2025-04-15,BR004,Security,34516.99,Paid
EXP000319,2025-04-20,BR004,Maintenance,8102.25,Paid
EXP000320,2025-04-23,BR004,Staff Welfare,6143.51,Paid
EXP000321,2025-04-20,BR005,Rent,205445.14,Paid
EXP000322,2025-04-10,BR005,Electricity,40771.71,Pending
EXP000323,2025-04-24,BR005,Internet,29422.97,Paid
EXP000324,2025-04-10,BR005,Transport,59011.7,Paid
EXP000325,2025-04-21,BR005,Marketing,52518.37,Paid
EXP000326,2025-04-07,BR005,Security,37479.5,Paid
EXP000327,2025-04-19,BR005,Maintenance,37016.05,Paid
EXP000328,2025-04-18,BR005,Staff Welfare,18188.89,Paid
EXP000329,2025-04-01,BR006,Rent,239104.65,Paid
EXP000330,2025-04-21,BR006,Electricity,43861.9,Pending
EXP000331,2025-04-25,BR006,Internet,26235.7,Paid
EXP000332,2025-04-16,BR006,Transport,29594.99,Paid
EXP000333,2025-04-14,BR006,Marketing,36788.62,Paid
EXP000334,2025-04-05,BR006,Security,19601.65,Paid
EXP000335,2025-04-02,BR006,Maintenance,29965.5,Paid
EXP000336,2025-04-03,BR006,Staff Welfare,13109.23,Pending
EXP000337,2025-04-13,BR007,Rent,290160.96,Paid
EXP000338,2025-04-22,BR007,Electricity,74821.89,Paid
EXP000339,2025-04-25,BR007,Internet,18128.22,Paid
EXP000340,2025-04-04,BR007,Transport,29962.97,Pending
EXP000341,2025-04-06,BR007,Marketing,82304.26,Paid
EXP000342,2025-04-19,BR007,Security,36394.87,Pending
EXP000343,2025-04-21,BR007,Maintenance,34205.25,Paid
EXP000344,2025-04-05,BR007,Staff Welfare,5807.61,Paid
EXP000345,2025-04-13,BR008,Rent,226700.07,Paid
EXP000346,2025-04-26,BR008,Electricity,41512.1,Paid
EXP000347,2025-04-18,BR008,Internet,28850.03,Paid
EXP000348,2025-04-02,BR008,Transport,60161.64,Paid
EXP000349,2025-04-02,BR008,Marketing,52275.42,Paid
EXP000350,2025-04-26,BR008,Security,27737.59,Paid
EXP000351,2025-04-12,BR008,Maintenance,18446.34,Paid
EXP000352,2025-04-25,BR008,Staff Welfare,12661.59,Paid
EXP000353,2025-04-18,BR009,Rent,213145.49,Paid
EXP000354,2025-04-01,BR009,Electricity,40791.74,Pending
EXP000355,2025-04-16,BR009,Internet,23400.7,Pending
EXP000356,2025-04-08,BR009,Transport,49866.51,Pending
EXP000357,2025-04-06,BR009,Marketing,35435.37,Pending
EXP000358,2025-04-21,BR009,Security,23847.32,Paid
EXP000359,2025-04-23,BR009,Maintenance,35068.87,Paid
EXP000360,2025-04-16,BR009,Staff Welfare,23672.96,Paid
EXP000361,2025-04-11,BR010,Rent,155306.42,Paid
EXP000362,2025-04-13,BR010,Electricity,71564.5,Pending
EXP000363,2025-04-07,BR010,Internet,21740.77,Pending
EXP000364,2025-04-09,BR010,Transport,15675.24,Paid
EXP000365,2025-04-11,BR010,Marketing,51848.84,Paid
EXP000366,2025-04-16,BR010,Security,24398.04,Paid
EXP000367,2025-04-02,BR010,Maintenance,20920.68,Paid
EXP000368,2025-04-03,BR010,Staff Welfare,21720.41,Pending
EXP000369,2025-04-24,BR011,Rent,190581.69,Pending
EXP000370,2025-04-04,BR011,Electricity,53721.52,Paid
EXP000371,2025-04-17,BR011,Internet,15586.08,Pending
EXP000372,2025-04-11,BR011,Transport,57261.64,Pending
EXP000373,2025-04-26,BR011,Marketing,80094.77,Paid
EXP000374,2025-04-02,BR011,Security,44450.46,Paid
EXP000375,2025-04-11,BR011,Maintenance,17982.41,Paid
EXP000376,2025-04-13,BR011,Staff Welfare,5217.43,Paid
EXP000377,2025-04-24,BR012,Rent,155304.31,Paid
EXP000378,2025-04-21,BR012,Electricity,53509.72,Paid
EXP000379,2025-04-23,BR012,Internet,26946.93,Paid
EXP000380,2025-04-21,BR012,Transport,59050.15,Paid
EXP000381,2025-04-19,BR012,Marketing,20104.17,Paid
EXP000382,2025-04-16,BR012,Security,41335.88,Paid
EXP000383,2025-04-10,BR012,Maintenance,28432.09,Paid
EXP000384,2025-04-10,BR012,Staff Welfare,30200.93,Paid
EXP000385,2025-05-11,BR001,Rent,439597.81,Pending
EXP000386,2025-05-21,BR001,Electricity,36552.4,Paid
EXP000387,2025-05-24,BR001,Internet,14699.24,Paid
EXP000388,2025-05-07,BR001,Transport,23381.02,Paid
EXP000389,2025-05-12,BR001,Marketing,20620.39,Paid
EXP000390,2025-05-07,BR001,Security,22285.68,Paid
EXP000391,2025-05-11,BR001,Maintenance,31260.05,Paid
EXP000392,2025-05-12,BR001,Staff Welfare,10770.2,Pending
EXP000393,2025-05-01,BR002,Rent,378428.31,Paid
EXP000394,2025-05-07,BR002,Electricity,30271.43,Pending
EXP000395,2025-05-09,BR002,Internet,28531.43,Paid
EXP000396,2025-05-05,BR002,Transport,59344.32,Paid
EXP000397,2025-05-13,BR002,Marketing,46928.16,Paid
EXP000398,2025-05-12,BR002,Security,18017.91,Paid
EXP000399,2025-05-25,BR002,Maintenance,40692.51,Paid
EXP000400,2025-05-06,BR002,Staff Welfare,26876.93,Paid
EXP000401,2025-05-24,BR003,Rent,231000.48,Paid
EXP000402,2025-05-01,BR003,Electricity,49005.65,Pending
EXP000403,2025-05-09,BR003,Internet,20891.97,Paid
EXP000404,2025-05-14,BR003,Transport,46078.53,Pending
EXP000405,2025-05-03,BR003,Marketing,44151.23,Pending
EXP000406,2025-05-20,BR003,Security,39552.47,Pending
EXP000407,2025-05-02,BR003,Maintenance,38205.02,Paid
EXP000408,2025-05-26,BR003,Staff Welfare,23976.24,Paid
EXP000409,2025-05-02,BR004,Rent,177575.5,Paid
EXP000410,2025-05-03,BR004,Electricity,43287.22,Paid
EXP000411,2025-05-10,BR004,Internet,22850.09,Paid
EXP000412,2025-05-23,BR004,Transport,24932.47,Paid
EXP000413,2025-05-10,BR004,Marketing,71982.85,Pending
EXP000414,2025-05-12,BR004,Security,32621.93,Paid
EXP000415,2025-05-04,BR004,Maintenance,43299.08,Paid
EXP000416,2025-05-10,BR004,Staff Welfare,20451.76,Paid
EXP000417,2025-05-07,BR005,Rent,216735.88,Paid
EXP000418,2025-05-21,BR005,Electricity,74676.68,Pending
EXP000419,2025-05-11,BR005,Internet,26563.8,Paid
EXP000420,2025-05-26,BR005,Transport,36821.57,Paid
EXP000421,2025-05-25,BR005,Marketing,28211.86,Paid
EXP000422,2025-05-20,BR005,Security,42886.5,Paid
EXP000423,2025-05-23,BR005,Maintenance,6220.7,Paid
EXP000424,2025-05-17,BR005,Staff Welfare,14702.73,Paid
EXP000425,2025-05-16,BR006,Rent,259515.3,Paid
EXP000426,2025-05-04,BR006,Electricity,70268.34,Paid
EXP000427,2025-05-26,BR006,Internet,17814.85,Paid
EXP000428,2025-05-21,BR006,Transport,29038.53,Paid
EXP000429,2025-05-14,BR006,Marketing,69284.85,Pending
EXP000430,2025-05-18,BR006,Security,38713.93,Paid
EXP000431,2025-05-22,BR006,Maintenance,18125.93,Paid
EXP000432,2025-05-05,BR006,Staff Welfare,23450.11,Paid
EXP000433,2025-05-04,BR007,Rent,286498.14,Paid
EXP000434,2025-05-04,BR007,Electricity,68938.26,Pending
EXP000435,2025-05-14,BR007,Internet,17307.09,Paid
EXP000436,2025-05-01,BR007,Transport,57975.2,Pending
EXP000437,2025-05-25,BR007,Marketing,89204.7,Pending
EXP000438,2025-05-13,BR007,Security,27647.19,Paid
EXP000439,2025-05-09,BR007,Maintenance,44768.44,Paid
EXP000440,2025-05-17,BR007,Staff Welfare,18929.39,Paid
EXP000441,2025-05-07,BR008,Rent,222004.07,Pending
EXP000442,2025-05-09,BR008,Electricity,77269.23,Paid
EXP000443,2025-05-08,BR008,Internet,20972.83,Paid
EXP000444,2025-05-10,BR008,Transport,67939.97,Pending
EXP000445,2025-05-16,BR008,Marketing,69139.1,Paid
EXP000446,2025-05-08,BR008,Security,36080.02,Paid
EXP000447,2025-05-22,BR008,Maintenance,9249.01,Paid
EXP000448,2025-05-08,BR008,Staff Welfare,25086.21,Pending
EXP000449,2025-05-09,BR009,Rent,218700.12,Paid
EXP000450,2025-05-09,BR009,Electricity,48990.66,Paid
EXP000451,2025-05-02,BR009,Internet,26317.26,Pending
EXP000452,2025-05-03,BR009,Transport,22325.39,Pending
EXP000453,2025-05-13,BR009,Marketing,83585.05,Paid
EXP000454,2025-05-02,BR009,Security,44850.18,Pending
EXP000455,2025-05-24,BR009,Maintenance,46642.12,Pending
EXP000456,2025-05-25,BR009,Staff Welfare,21207.88,Paid
EXP000457,2025-05-15,BR010,Rent,152795.75,Paid
EXP000458,2025-05-11,BR010,Electricity,73539.14,Paid
EXP000459,2025-05-05,BR010,Internet,21563.1,Paid
EXP000460,2025-05-23,BR010,Transport,58729.9,Paid
EXP000461,2025-05-12,BR010,Marketing,41521.27,Pending
EXP000462,2025-05-13,BR010,Security,26410.52,Pending
EXP000463,2025-05-03,BR010,Maintenance,20812.83,Paid
EXP000464,2025-05-21,BR010,Staff Welfare,17827.89,Paid
EXP000465,2025-05-18,BR011,Rent,189274.91,Paid
EXP000466,2025-05-01,BR011,Electricity,41293.52,Paid
EXP000467,2025-05-26,BR011,Internet,27754.64,Pending
EXP000468,2025-05-05,BR011,Transport,26479.16,Paid
EXP000469,2025-05-16,BR011,Marketing,69491.76,Paid
EXP000470,2025-05-10,BR011,Security,22999.3,Paid
EXP000471,2025-05-09,BR011,Maintenance,48290.88,Pending
EXP000472,2025-05-25,BR011,Staff Welfare,10060.44,Paid
EXP000473,2025-05-02,BR012,Rent,147809.89,Pending
EXP000474,2025-05-20,BR012,Electricity,47699.49,Pending
EXP000475,2025-05-17,BR012,Internet,21448.1,Pending
EXP000476,2025-05-12,BR012,Transport,62042.16,Paid
EXP000477,2025-05-10,BR012,Marketing,66824.92,Paid
EXP000478,2025-05-24,BR012,Security,25448.76,Paid
EXP000479,2025-05-10,BR012,Maintenance,41541.01,Paid
EXP000480,2025-05-21,BR012,Staff Welfare,9009.02,Paid
EXP000481,2025-06-18,BR001,Rent,412896.67,Paid
EXP000482,2025-06-22,BR001,Electricity,76942.95,Paid
EXP000483,2025-06-20,BR001,Internet,14997.83,Paid
EXP000484,2025-06-14,BR001,Transport,43059.75,Paid
EXP000485,2025-06-06,BR001,Marketing,32352.86,Paid
EXP000486,2025-06-12,BR001,Security,39742.09,Paid
EXP000487,2025-06-25,BR001,Maintenance,44807.89,Paid
EXP000488,2025-06-17,BR001,Staff Welfare,8190.06,Paid
EXP000489,2025-06-24,BR002,Rent,380919.18,Paid
EXP000490,2025-06-25,BR002,Electricity,79236.46,Paid
EXP000491,2025-06-04,BR002,Internet,27418.63,Pending
EXP000492,2025-06-10,BR002,Transport,32738.71,Paid
EXP000493,2025-06-18,BR002,Marketing,67697.91,Paid
EXP000494,2025-06-02,BR002,Security,27486.78,Paid
EXP000495,2025-06-25,BR002,Maintenance,20400.99,Paid
EXP000496,2025-06-03,BR002,Staff Welfare,34480.51,Paid
EXP000497,2025-06-12,BR003,Rent,229923.36,Paid
EXP000498,2025-06-19,BR003,Electricity,38000.42,Paid
EXP000499,2025-06-18,BR003,Internet,14646.17,Pending
EXP000500,2025-06-05,BR003,Transport,69779.88,Paid
EXP000501,2025-06-20,BR003,Marketing,25060.69,Paid
EXP000502,2025-06-19,BR003,Security,30639.28,Pending
EXP000503,2025-06-23,BR003,Maintenance,9357.73,Pending
EXP000504,2025-06-12,BR003,Staff Welfare,8391.5,Paid
EXP000505,2025-06-16,BR004,Rent,181333.86,Paid
EXP000506,2025-06-05,BR004,Electricity,31782.92,Pending
EXP000507,2025-06-02,BR004,Internet,29440.62,Paid
EXP000508,2025-06-02,BR004,Transport,18926.57,Paid
EXP000509,2025-06-01,BR004,Marketing,75527.23,Paid
EXP000510,2025-06-11,BR004,Security,26908.33,Paid
EXP000511,2025-06-08,BR004,Maintenance,39342.53,Paid
EXP000512,2025-06-13,BR004,Staff Welfare,26008.93,Paid
EXP000513,2025-06-22,BR005,Rent,207491.58,Paid
EXP000514,2025-06-05,BR005,Electricity,63498.92,Paid
EXP000515,2025-06-21,BR005,Internet,24257.09,Paid
EXP000516,2025-06-05,BR005,Transport,33244.38,Paid
EXP000517,2025-06-06,BR005,Marketing,30287.62,Paid
EXP000518,2025-06-05,BR005,Security,27620.51,Paid
EXP000519,2025-06-25,BR005,Maintenance,48477.7,Paid
EXP000520,2025-06-09,BR005,Staff Welfare,6167.47,Paid
EXP000521,2025-06-13,BR006,Rent,261489.39,Paid
EXP000522,2025-06-07,BR006,Electricity,52558.58,Paid
EXP000523,2025-06-02,BR006,Internet,13869.06,Paid
EXP000524,2025-06-20,BR006,Transport,63171.92,Paid
EXP000525,2025-06-13,BR006,Marketing,50816.44,Paid
EXP000526,2025-06-24,BR006,Security,29201.07,Paid
EXP000527,2025-06-23,BR006,Maintenance,31031.81,Paid
EXP000528,2025-06-13,BR006,Staff Welfare,8833.36,Paid
EXP000529,2025-06-21,BR007,Rent,277384.31,Paid
EXP000530,2025-06-16,BR007,Electricity,47527.51,Paid
EXP000531,2025-06-16,BR007,Internet,17087.99,Paid
EXP000532,2025-06-24,BR007,Transport,59993.39,Pending
EXP000533,2025-06-22,BR007,Marketing,74434.0,Paid
EXP000534,2025-06-11,BR007,Security,28845.55,Paid
EXP000535,2025-06-03,BR007,Maintenance,39750.45,Paid
EXP000536,2025-06-09,BR007,Staff Welfare,14763.4,Paid
EXP000537,2025-06-22,BR008,Rent,234732.55,Paid
EXP000538,2025-06-03,BR008,Electricity,36033.59,Paid
EXP000539,2025-06-05,BR008,Internet,26303.12,Paid
EXP000540,2025-06-21,BR008,Transport,47525.77,Paid
EXP000541,2025-06-13,BR008,Marketing,65633.82,Paid
EXP000542,2025-06-26,BR008,Security,22752.61,Pending
EXP000543,2025-06-19,BR008,Maintenance,34985.28,Paid
EXP000544,2025-06-22,BR008,Staff Welfare,15630.33,Paid
EXP000545,2025-06-15,BR009,Rent,223547.15,Paid
EXP000546,2025-06-17,BR009,Electricity,67398.75,Pending
EXP000547,2025-06-22,BR009,Internet,22652.36,Paid
EXP000548,2025-06-07,BR009,Transport,32553.87,Paid
EXP000549,2025-06-06,BR009,Marketing,62210.61,Pending
EXP000550,2025-06-16,BR009,Security,42147.43,Paid
EXP000551,2025-06-21,BR009,Maintenance,37821.76,Paid
EXP000552,2025-06-21,BR009,Staff Welfare,26221.87,Paid
EXP000553,2025-06-04,BR010,Rent,156952.24,Paid
EXP000554,2025-06-22,BR010,Electricity,35737.89,Pending
EXP000555,2025-06-07,BR010,Internet,22354.81,Pending
EXP000556,2025-06-15,BR010,Transport,64370.32,Pending
EXP000557,2025-06-15,BR010,Marketing,66958.03,Paid
EXP000558,2025-06-18,BR010,Security,30765.81,Paid
EXP000559,2025-06-01,BR010,Maintenance,14496.49,Pending
EXP000560,2025-06-24,BR010,Staff Welfare,22478.86,Paid
EXP000561,2025-06-04,BR011,Rent,196504.37,Paid
EXP000562,2025-06-05,BR011,Electricity,28448.68,Paid
EXP000563,2025-06-16,BR011,Internet,12471.05,Paid
EXP000564,2025-06-01,BR011,Transport,63537.5,Paid
EXP000565,2025-06-20,BR011,Marketing,76825.42,Paid
EXP000566,2025-06-25,BR011,Security,18304.89,Paid
EXP000567,2025-06-03,BR011,Maintenance,36077.74,Paid
EXP000568,2025-06-11,BR011,Staff Welfare,20242.86,Paid
EXP000569,2025-06-23,BR012,Rent,144131.15,Paid
EXP000570,2025-06-15,BR012,Electricity,57284.28,Paid
EXP000571,2025-06-06,BR012,Internet,18818.43,Paid
EXP000572,2025-06-08,BR012,Transport,37749.4,Paid
EXP000573,2025-06-13,BR012,Marketing,47762.76,Pending
EXP000574,2025-06-25,BR012,Security,22705.12,Pending
EXP000575,2025-06-14,BR012,Maintenance,18499.22,Pending
EXP000576,2025-06-20,BR012,Staff Welfare,7611.69,Paid
EXP000577,2025-07-06,BR001,Rent,437185.39,Paid
EXP000578,2025-07-25,BR001,Electricity,73014.1,Paid
EXP000579,2025-07-05,BR001,Internet,23893.69,Paid
EXP000580,2025-07-02,BR001,Transport,61985.74,Paid
EXP000581,2025-07-03,BR001,Marketing,14336.6,Paid
EXP000582,2025-07-06,BR001,Security,29112.97,Pending
EXP000583,2025-07-11,BR001,Maintenance,6315.06,Paid
EXP000584,2025-07-22,BR001,Staff Welfare,14976.31,Paid
EXP000585,2025-07-05,BR002,Rent,395404.99,Paid
EXP000586,2025-07-13,BR002,Electricity,83137.19,Paid
EXP000587,2025-07-23,BR002,Internet,28150.74,Paid
EXP000588,2025-07-10,BR002,Transport,19014.38,Pending
EXP000589,2025-07-09,BR002,Marketing,21444.29,Paid
EXP000590,2025-07-16,BR002,Security,35209.22,Pending
EXP000591,2025-07-03,BR002,Maintenance,17484.01,Pending
EXP000592,2025-07-18,BR002,Staff Welfare,27347.96,Paid
EXP000593,2025-07-10,BR003,Rent,232056.53,Paid
EXP000594,2025-07-03,BR003,Electricity,29760.95,Paid
EXP000595,2025-07-12,BR003,Internet,18664.06,Paid
EXP000596,2025-07-15,BR003,Transport,55310.03,Pending
EXP000597,2025-07-25,BR003,Marketing,22743.48,Pending
EXP000598,2025-07-07,BR003,Security,25068.89,Paid
EXP000599,2025-07-17,BR003,Maintenance,43699.78,Paid
EXP000600,2025-07-24,BR003,Staff Welfare,11740.27,Paid
EXP000601,2025-07-09,BR004,Rent,176681.9,Pending
EXP000602,2025-07-23,BR004,Electricity,74448.83,Paid
EXP000603,2025-07-12,BR004,Internet,23028.85,Paid
EXP000604,2025-07-10,BR004,Transport,61089.84,Pending
EXP000605,2025-07-17,BR004,Marketing,22286.87,Paid
EXP000606,2025-07-05,BR004,Security,35234.19,Pending
EXP000607,2025-07-18,BR004,Maintenance,23034.03,Pending
EXP000608,2025-07-20,BR004,Staff Welfare,10711.89,Paid
EXP000609,2025-07-18,BR005,Rent,201625.46,Paid
EXP000610,2025-07-22,BR005,Electricity,73204.0,Paid
EXP000611,2025-07-20,BR005,Internet,18205.42,Paid
EXP000612,2025-07-06,BR005,Transport,25307.86,Pending
EXP000613,2025-07-11,BR005,Marketing,53968.58,Paid
EXP000614,2025-07-19,BR005,Security,25261.64,Paid
EXP000615,2025-07-05,BR005,Maintenance,35986.22,Paid
EXP000616,2025-07-05,BR005,Staff Welfare,18554.67,Paid
EXP000617,2025-07-11,BR006,Rent,259070.12,Pending
EXP000618,2025-07-23,BR006,Electricity,46924.78,Paid
EXP000619,2025-07-05,BR006,Internet,25431.03,Paid
EXP000620,2025-07-22,BR006,Transport,29799.51,Paid
EXP000621,2025-07-17,BR006,Marketing,58166.54,Pending
EXP000622,2025-07-04,BR006,Security,23105.09,Paid
EXP000623,2025-07-09,BR006,Maintenance,19562.86,Paid
EXP000624,2025-07-11,BR006,Staff Welfare,30138.66,Pending
EXP000625,2025-07-22,BR007,Rent,277002.25,Paid
EXP000626,2025-07-02,BR007,Electricity,32652.11,Paid
EXP000627,2025-07-13,BR007,Internet,27775.57,Paid
EXP000628,2025-07-11,BR007,Transport,58228.88,Paid
EXP000629,2025-07-06,BR007,Marketing,18111.08,Paid
EXP000630,2025-07-20,BR007,Security,18878.29,Paid
EXP000631,2025-07-04,BR007,Maintenance,41435.42,Paid
EXP000632,2025-07-16,BR007,Staff Welfare,31011.16,Pending
EXP000633,2025-07-17,BR008,Rent,230358.17,Pending
EXP000634,2025-07-02,BR008,Electricity,45994.97,Paid
EXP000635,2025-07-24,BR008,Internet,27009.13,Pending
EXP000636,2025-07-09,BR008,Transport,15052.91,Pending
EXP000637,2025-07-20,BR008,Marketing,70206.11,Paid
EXP000638,2025-07-17,BR008,Security,20907.12,Paid
EXP000639,2025-07-20,BR008,Maintenance,9813.93,Paid
EXP000640,2025-07-14,BR008,Staff Welfare,33227.15,Paid
EXP000641,2025-07-22,BR009,Rent,221370.05,Paid
EXP000642,2025-07-06,BR009,Electricity,40840.24,Pending
EXP000643,2025-07-19,BR009,Internet,22024.59,Pending
EXP000644,2025-07-14,BR009,Transport,61363.79,Paid
EXP000645,2025-07-20,BR009,Marketing,56384.48,Paid
EXP000646,2025-07-23,BR009,Security,28494.41,Paid
EXP000647,2025-07-18,BR009,Maintenance,17052.8,Paid
EXP000648,2025-07-18,BR009,Staff Welfare,27438.16,Pending
EXP000649,2025-07-23,BR010,Rent,154910.05,Paid
EXP000650,2025-07-02,BR010,Electricity,70373.24,Pending
EXP000651,2025-07-06,BR010,Internet,13933.74,Paid
EXP000652,2025-07-20,BR010,Transport,29290.05,Paid
EXP000653,2025-07-04,BR010,Marketing,40460.58,Paid
EXP000654,2025-07-01,BR010,Security,20465.53,Pending
EXP000655,2025-07-01,BR010,Maintenance,26440.33,Paid
EXP000656,2025-07-24,BR010,Staff Welfare,16367.27,Paid
EXP000657,2025-07-09,BR011,Rent,194154.18,Paid
EXP000658,2025-07-08,BR011,Electricity,75911.69,Paid
EXP000659,2025-07-13,BR011,Internet,19354.12,Paid
EXP000660,2025-07-05,BR011,Transport,42503.45,Paid
EXP000661,2025-07-02,BR011,Marketing,64547.07,Paid
EXP000662,2025-07-23,BR011,Security,28632.43,Paid
EXP000663,2025-07-11,BR011,Maintenance,23002.56,Paid
EXP000664,2025-07-01,BR011,Staff Welfare,8029.06,Paid
EXP000665,2025-07-18,BR012,Rent,152793.72,Paid
EXP000666,2025-07-22,BR012,Electricity,84359.11,Paid
EXP000667,2025-07-07,BR012,Internet,14151.78,Paid
EXP000668,2025-07-07,BR012,Transport,19352.65,Paid
EXP000669,2025-07-24,BR012,Marketing,18770.61,Pending
EXP000670,2025-07-01,BR012,Security,28773.96,Pending
EXP000671,2025-07-21,BR012,Maintenance,11341.16,Pending
EXP000672,2025-07-21,BR012,Staff Welfare,8513.52,Paid
EXP000673,2025-08-21,BR001,Rent,437079.44,Paid
EXP000674,2025-08-10,BR001,Electricity,67728.7,Paid
EXP000675,2025-08-10,BR001,Internet,23923.13,Paid
EXP000676,2025-08-02,BR001,Transport,69174.18,Paid
EXP000677,2025-08-09,BR001,Marketing,55756.85,Paid
EXP000678,2025-08-25,BR001,Security,40388.35,Paid
EXP000679,2025-08-22,BR001,Maintenance,46530.0,Paid
EXP000680,2025-08-16,BR001,Staff Welfare,32855.8,Pending
EXP000681,2025-08-03,BR002,Rent,370911.63,Pending
EXP000682,2025-08-21,BR002,Electricity,30945.89,Paid
EXP000683,2025-08-09,BR002,Internet,13375.26,Paid
EXP000684,2025-08-05,BR002,Transport,44285.06,Paid
EXP000685,2025-08-13,BR002,Marketing,79602.56,Pending
EXP000686,2025-08-20,BR002,Security,35654.52,Paid
EXP000687,2025-08-19,BR002,Maintenance,10300.66,Paid
EXP000688,2025-08-02,BR002,Staff Welfare,10949.16,Paid
EXP000689,2025-08-06,BR003,Rent,250328.32,Paid
EXP000690,2025-08-22,BR003,Electricity,29469.6,Paid
EXP000691,2025-08-21,BR003,Internet,26503.33,Paid
EXP000692,2025-08-08,BR003,Transport,50904.34,Paid
EXP000693,2025-08-04,BR003,Marketing,55890.63,Paid
EXP000694,2025-08-22,BR003,Security,35848.67,Paid
EXP000695,2025-08-02,BR003,Maintenance,48050.5,Pending
EXP000696,2025-08-09,BR003,Staff Welfare,19919.24,Paid
EXP000697,2025-08-11,BR004,Rent,183081.26,Paid
EXP000698,2025-08-18,BR004,Electricity,39104.23,Paid
EXP000699,2025-08-18,BR004,Internet,25881.14,Paid
EXP000700,2025-08-13,BR004,Transport,60795.22,Pending
EXP000701,2025-08-24,BR004,Marketing,42617.1,Pending
EXP000702,2025-08-24,BR004,Security,21074.66,Pending
EXP000703,2025-08-13,BR004,Maintenance,39339.74,Pending
EXP000704,2025-08-16,BR004,Staff Welfare,19622.73,Paid
EXP000705,2025-08-23,BR005,Rent,208567.48,Paid
EXP000706,2025-08-11,BR005,Electricity,31678.6,Paid
EXP000707,2025-08-14,BR005,Internet,24164.99,Paid
EXP000708,2025-08-13,BR005,Transport,33310.33,Paid
EXP000709,2025-08-19,BR005,Marketing,33557.56,Pending
EXP000710,2025-08-16,BR005,Security,41949.25,Paid
EXP000711,2025-08-07,BR005,Maintenance,29577.15,Paid
EXP000712,2025-08-04,BR005,Staff Welfare,11496.83,Pending
EXP000713,2025-08-18,BR006,Rent,246774.24,Paid
EXP000714,2025-08-09,BR006,Electricity,49346.9,Pending
EXP000715,2025-08-18,BR006,Internet,23499.48,Paid
EXP000716,2025-08-15,BR006,Transport,56230.54,Paid
EXP000717,2025-08-11,BR006,Marketing,49741.69,Pending
EXP000718,2025-08-25,BR006,Security,27085.43,Paid
EXP000719,2025-08-14,BR006,Maintenance,37581.14,Paid
EXP000720,2025-08-25,BR006,Staff Welfare,20419.23,Paid
EXP000721,2025-08-03,BR007,Rent,290100.88,Pending
EXP000722,2025-08-24,BR007,Electricity,36370.42,Paid
EXP000723,2025-08-18,BR007,Internet,12422.95,Paid
EXP000724,2025-08-16,BR007,Transport,32198.58,Paid
EXP000725,2025-08-15,BR007,Marketing,85580.42,Paid
EXP000726,2025-08-10,BR007,Security,42479.29,Paid
EXP000727,2025-08-04,BR007,Maintenance,31513.83,Paid
EXP000728,2025-08-23,BR007,Staff Welfare,5191.38,Pending
EXP000729,2025-08-21,BR008,Rent,224781.92,Paid
EXP000730,2025-08-20,BR008,Electricity,78226.6,Paid
EXP000731,2025-08-20,BR008,Internet,15829.82,Pending
EXP000732,2025-08-04,BR008,Transport,57716.61,Paid
EXP000733,2025-08-02,BR008,Marketing,40331.62,Pending
EXP000734,2025-08-23,BR008,Security,34634.7,Paid
EXP000735,2025-08-20,BR008,Maintenance,16053.18,Paid
EXP000736,2025-08-24,BR008,Staff Welfare,18730.22,Paid
EXP000737,2025-08-26,BR009,Rent,224825.49,Paid
EXP000738,2025-08-22,BR009,Electricity,60428.62,Paid
EXP000739,2025-08-07,BR009,Internet,27726.03,Paid
EXP000740,2025-08-20,BR009,Transport,47937.02,Paid
EXP000741,2025-08-16,BR009,Marketing,72273.13,Paid
EXP000742,2025-08-01,BR009,Security,40079.61,Paid
EXP000743,2025-08-10,BR009,Maintenance,25593.48,Paid
EXP000744,2025-08-07,BR009,Staff Welfare,29085.8,Paid
EXP000745,2025-08-22,BR010,Rent,155086.79,Pending
EXP000746,2025-08-17,BR010,Electricity,82270.55,Paid
EXP000747,2025-08-23,BR010,Internet,18456.33,Paid
EXP000748,2025-08-22,BR010,Transport,58018.93,Pending
EXP000749,2025-08-05,BR010,Marketing,25594.26,Paid
EXP000750,2025-08-26,BR010,Security,26424.6,Paid
EXP000751,2025-08-05,BR010,Maintenance,30373.54,Paid
EXP000752,2025-08-01,BR010,Staff Welfare,21331.03,Paid
EXP000753,2025-08-11,BR011,Rent,186226.82,Paid
EXP000754,2025-08-15,BR011,Electricity,48978.7,Paid
EXP000755,2025-08-10,BR011,Internet,26284.92,Pending
EXP000756,2025-08-22,BR011,Transport,37263.07,Pending
EXP000757,2025-08-04,BR011,Marketing,55636.93,Paid
EXP000758,2025-08-21,BR011,Security,28835.78,Paid
EXP000759,2025-08-20,BR011,Maintenance,14552.64,Paid
EXP000760,2025-08-07,BR011,Staff Welfare,19012.53,Pending
EXP000761,2025-08-12,BR012,Rent,153185.09,Paid
EXP000762,2025-08-09,BR012,Electricity,51687.62,Paid
EXP000763,2025-08-02,BR012,Internet,14823.78,Paid
EXP000764,2025-08-03,BR012,Transport,50791.14,Paid
EXP000765,2025-08-04,BR012,Marketing,47442.96,Paid
EXP000766,2025-08-09,BR012,Security,35408.88,Paid
EXP000767,2025-08-19,BR012,Maintenance,32102.37,Pending
EXP000768,2025-08-18,BR012,Staff Welfare,34834.73,Paid
EXP000769,2025-09-19,BR001,Rent,402723.3,Paid
EXP000770,2025-09-07,BR001,Electricity,53923.96,Paid
EXP000771,2025-09-22,BR001,Internet,26163.37,Pending
EXP000772,2025-09-20,BR001,Transport,37605.11,Pending
EXP000773,2025-09-19,BR001,Marketing,19590.3,Paid
EXP000774,2025-09-10,BR001,Security,38790.91,Paid
EXP000775,2025-09-08,BR001,Maintenance,47848.32,Pending
EXP000776,2025-09-21,BR001,Staff Welfare,26995.54,Pending
EXP000777,2025-09-17,BR002,Rent,408307.52,Paid
EXP000778,2025-09-23,BR002,Electricity,77661.69,Paid
EXP000779,2025-09-08,BR002,Internet,18752.83,Pending
EXP000780,2025-09-20,BR002,Transport,56166.3,Paid
EXP000781,2025-09-22,BR002,Marketing,45777.22,Pending
EXP000782,2025-09-20,BR002,Security,38806.17,Paid
EXP000783,2025-09-14,BR002,Maintenance,5012.59,Paid
EXP000784,2025-09-18,BR002,Staff Welfare,9958.94,Paid
EXP000785,2025-09-08,BR003,Rent,241831.89,Paid
EXP000786,2025-09-24,BR003,Electricity,63723.13,Paid
EXP000787,2025-09-08,BR003,Internet,13907.52,Paid
EXP000788,2025-09-22,BR003,Transport,39845.07,Paid
EXP000789,2025-09-09,BR003,Marketing,54304.81,Paid
EXP000790,2025-09-25,BR003,Security,32847.32,Paid
EXP000791,2025-09-22,BR003,Maintenance,19335.62,Pending
EXP000792,2025-09-20,BR003,Staff Welfare,19087.91,Paid
EXP000793,2025-09-25,BR004,Rent,175181.96,Paid
EXP000794,2025-09-18,BR004,Electricity,59217.31,Pending
EXP000795,2025-09-26,BR004,Internet,19488.66,Paid
EXP000796,2025-09-18,BR004,Transport,53099.69,Paid
EXP000797,2025-09-06,BR004,Marketing,62766.82,Pending
EXP000798,2025-09-01,BR004,Security,27925.79,Paid
EXP000799,2025-09-04,BR004,Maintenance,13400.18,Paid
EXP000800,2025-09-06,BR004,Staff Welfare,28122.74,Paid
EXP000801,2025-09-12,BR005,Rent,208750.37,Pending
EXP000802,2025-09-23,BR005,Electricity,64518.16,Paid
EXP000803,2025-09-05,BR005,Internet,14823.09,Paid
EXP000804,2025-09-09,BR005,Transport,24804.87,Pending
EXP000805,2025-09-12,BR005,Marketing,50388.31,Paid
EXP000806,2025-09-18,BR005,Security,27015.83,Pending
EXP000807,2025-09-25,BR005,Maintenance,8082.95,Paid
EXP000808,2025-09-21,BR005,Staff Welfare,22791.34,Paid
EXP000809,2025-09-26,BR006,Rent,241087.67,Paid
EXP000810,2025-09-26,BR006,Electricity,83234.5,Paid
EXP000811,2025-09-20,BR006,Internet,17992.37,Paid
EXP000812,2025-09-02,BR006,Transport,40677.85,Pending
EXP000813,2025-09-23,BR006,Marketing,39393.98,Paid
EXP000814,2025-09-08,BR006,Security,34423.16,Paid
EXP000815,2025-09-12,BR006,Maintenance,26367.23,Paid
EXP000816,2025-09-23,BR006,Staff Welfare,10376.69,Paid
EXP000817,2025-09-09,BR007,Rent,291185.25,Paid
EXP000818,2025-09-02,BR007,Electricity,77482.77,Paid
EXP000819,2025-09-13,BR007,Internet,22773.44,Paid
EXP000820,2025-09-04,BR007,Transport,64572.05,Paid
EXP000821,2025-09-16,BR007,Marketing,59159.17,Paid
EXP000822,2025-09-25,BR007,Security,18788.37,Paid
EXP000823,2025-09-05,BR007,Maintenance,49154.69,Paid
EXP000824,2025-09-06,BR007,Staff Welfare,28436.52,Paid
EXP000825,2025-09-17,BR008,Rent,224562.72,Paid
EXP000826,2025-09-06,BR008,Electricity,61578.46,Paid
EXP000827,2025-09-22,BR008,Internet,22636.56,Paid
EXP000828,2025-09-08,BR008,Transport,69771.74,Paid
EXP000829,2025-09-08,BR008,Marketing,85900.13,Paid
EXP000830,2025-09-13,BR008,Security,33952.97,Pending
EXP000831,2025-09-13,BR008,Maintenance,8079.97,Pending
EXP000832,2025-09-21,BR008,Staff Welfare,9483.23,Paid
EXP000833,2025-09-11,BR009,Rent,221998.82,Pending
EXP000834,2025-09-25,BR009,Electricity,57343.45,Paid
EXP000835,2025-09-08,BR009,Internet,14803.36,Pending
EXP000836,2025-09-02,BR009,Transport,55409.64,Paid
EXP000837,2025-09-23,BR009,Marketing,75062.93,Paid
EXP000838,2025-09-01,BR009,Security,28604.27,Paid
EXP000839,2025-09-11,BR009,Maintenance,8806.21,Paid
EXP000840,2025-09-07,BR009,Staff Welfare,15783.98,Paid
EXP000841,2025-09-20,BR010,Rent,152370.91,Paid
EXP000842,2025-09-17,BR010,Electricity,71893.98,Pending
EXP000843,2025-09-12,BR010,Internet,15757.03,Paid
EXP000844,2025-09-25,BR010,Transport,15029.18,Paid
EXP000845,2025-09-15,BR010,Marketing,25156.01,Pending
EXP000846,2025-09-21,BR010,Security,33035.12,Paid
EXP000847,2025-09-12,BR010,Maintenance,23979.75,Pending
EXP000848,2025-09-05,BR010,Staff Welfare,24788.41,Paid
EXP000849,2025-09-10,BR011,Rent,184222.85,Pending
EXP000850,2025-09-01,BR011,Electricity,29367.44,Paid
EXP000851,2025-09-02,BR011,Internet,18328.25,Paid
EXP000852,2025-09-02,BR011,Transport,44713.88,Paid
EXP000853,2025-09-19,BR011,Marketing,13681.32,Paid
EXP000854,2025-09-21,BR011,Security,43106.41,Paid
EXP000855,2025-09-21,BR011,Maintenance,32078.02,Pending
EXP000856,2025-09-11,BR011,Staff Welfare,17432.55,Paid
EXP000857,2025-09-24,BR012,Rent,144931.88,Paid
EXP000858,2025-09-19,BR012,Electricity,28887.62,Paid
EXP000859,2025-09-24,BR012,Internet,13359.98,Paid
EXP000860,2025-09-09,BR012,Transport,62474.92,Paid
EXP000861,2025-09-16,BR012,Marketing,15120.48,Paid
EXP000862,2025-09-26,BR012,Security,43963.33,Paid
EXP000863,2025-09-05,BR012,Maintenance,20365.8,Paid
EXP000864,2025-09-21,BR012,Staff Welfare,16214.46,Pending
EXP000865,2025-10-22,BR001,Rent,431289.82,Paid
EXP000866,2025-10-06,BR001,Electricity,44159.47,Paid
EXP000867,2025-10-13,BR001,Internet,18391.46,Paid
EXP000868,2025-10-23,BR001,Transport,54848.53,Pending
EXP000869,2025-10-09,BR001,Marketing,27286.76,Paid
EXP000870,2025-10-08,BR001,Security,22581.89,Paid
EXP000871,2025-10-22,BR001,Maintenance,36378.11,Pending
EXP000872,2025-10-19,BR001,Staff Welfare,34449.57,Paid
EXP000873,2025-10-04,BR002,Rent,373641.06,Paid
EXP000874,2025-10-05,BR002,Electricity,74567.1,Paid
EXP000875,2025-10-24,BR002,Internet,25004.99,Pending
EXP000876,2025-10-08,BR002,Transport,25462.55,Paid
EXP000877,2025-10-06,BR002,Marketing,44127.35,Paid
EXP000878,2025-10-11,BR002,Security,39143.47,Paid
EXP000879,2025-10-25,BR002,Maintenance,9808.59,Paid
EXP000880,2025-10-08,BR002,Staff Welfare,19906.53,Paid
EXP000881,2025-10-21,BR003,Rent,251371.42,Paid
EXP000882,2025-10-18,BR003,Electricity,26677.52,Paid
EXP000883,2025-10-02,BR003,Internet,28731.8,Paid
EXP000884,2025-10-26,BR003,Transport,47408.16,Paid
EXP000885,2025-10-13,BR003,Marketing,86307.41,Pending
EXP000886,2025-10-07,BR003,Security,40762.87,Paid
EXP000887,2025-10-05,BR003,Maintenance,10325.53,Pending
EXP000888,2025-10-17,BR003,Staff Welfare,20563.23,Paid
EXP000889,2025-10-15,BR004,Rent,186528.06,Paid
EXP000890,2025-10-07,BR004,Electricity,75723.58,Paid
EXP000891,2025-10-20,BR004,Internet,20986.64,Paid
EXP000892,2025-10-13,BR004,Transport,57268.87,Paid
EXP000893,2025-10-19,BR004,Marketing,74093.98,Paid
EXP000894,2025-10-16,BR004,Security,33718.99,Paid
EXP000895,2025-10-21,BR004,Maintenance,18291.84,Paid
EXP000896,2025-10-01,BR004,Staff Welfare,16054.34,Paid
EXP000897,2025-10-18,BR005,Rent,204845.63,Paid
EXP000898,2025-10-16,BR005,Electricity,36967.79,Paid
EXP000899,2025-10-25,BR005,Internet,22306.35,Paid
EXP000900,2025-10-05,BR005,Transport,66608.85,Paid
EXP000901,2025-10-20,BR005,Marketing,17988.68,Pending
EXP000902,2025-10-11,BR005,Security,32322.98,Paid
EXP000903,2025-10-06,BR005,Maintenance,24428.69,Paid
EXP000904,2025-10-13,BR005,Staff Welfare,20954.74,Paid
EXP000905,2025-10-08,BR006,Rent,251525.0,Pending
EXP000906,2025-10-07,BR006,Electricity,42354.74,Paid
EXP000907,2025-10-08,BR006,Internet,26808.06,Paid
EXP000908,2025-10-20,BR006,Transport,32768.59,Paid
EXP000909,2025-10-09,BR006,Marketing,45517.19,Paid
EXP000910,2025-10-24,BR006,Security,37017.74,Pending
EXP000911,2025-10-09,BR006,Maintenance,31456.22,Paid
EXP000912,2025-10-08,BR006,Staff Welfare,6105.73,Paid
EXP000913,2025-10-17,BR007,Rent,285425.53,Paid
EXP000914,2025-10-24,BR007,Electricity,82467.71,Paid
EXP000915,2025-10-16,BR007,Internet,18637.05,Pending
EXP000916,2025-10-16,BR007,Transport,23195.72,Pending
EXP000917,2025-10-25,BR007,Marketing,58543.85,Paid
EXP000918,2025-10-03,BR007,Security,32520.04,Pending
EXP000919,2025-10-15,BR007,Maintenance,8324.21,Paid
EXP000920,2025-10-07,BR007,Staff Welfare,19499.23,Paid
EXP000921,2025-10-21,BR008,Rent,227814.44,Paid
EXP000922,2025-10-03,BR008,Electricity,79642.29,Paid
EXP000923,2025-10-06,BR008,Internet,21141.92,Paid
EXP000924,2025-10-02,BR008,Transport,34117.18,Paid
EXP000925,2025-10-10,BR008,Marketing,64604.09,Paid
EXP000926,2025-10-20,BR008,Security,31789.07,Pending
EXP000927,2025-10-04,BR008,Maintenance,38091.45,Paid
EXP000928,2025-10-02,BR008,Staff Welfare,27286.27,Paid
EXP000929,2025-10-17,BR009,Rent,212669.58,Paid
EXP000930,2025-10-14,BR009,Electricity,52077.16,Paid
EXP000931,2025-10-17,BR009,Internet,25449.74,Pending
EXP000932,2025-10-05,BR009,Transport,30212.21,Pending
EXP000933,2025-10-09,BR009,Marketing,62719.27,Paid
EXP000934,2025-10-18,BR009,Security,21802.0,Paid
EXP000935,2025-10-04,BR009,Maintenance,9418.79,Pending
EXP000936,2025-10-23,BR009,Staff Welfare,9885.26,Paid
EXP000937,2025-10-24,BR010,Rent,167334.33,Pending
EXP000938,2025-10-19,BR010,Electricity,66160.09,Paid
EXP000939,2025-10-15,BR010,Internet,29016.65,Pending
EXP000940,2025-10-12,BR010,Transport,34335.62,Paid
EXP000941,2025-10-24,BR010,Marketing,78740.51,Paid
EXP000942,2025-10-18,BR010,Security,29116.41,Paid
EXP000943,2025-10-05,BR010,Maintenance,27698.7,Pending
EXP000944,2025-10-20,BR010,Staff Welfare,16685.58,Paid
EXP000945,2025-10-26,BR011,Rent,184499.24,Paid
EXP000946,2025-10-11,BR011,Electricity,52043.92,Paid
EXP000947,2025-10-26,BR011,Internet,19344.16,Pending
EXP000948,2025-10-22,BR011,Transport,35661.6,Paid
EXP000949,2025-10-06,BR011,Marketing,62016.72,Paid
EXP000950,2025-10-09,BR011,Security,34383.81,Paid
EXP000951,2025-10-16,BR011,Maintenance,12677.35,Paid
EXP000952,2025-10-03,BR011,Staff Welfare,31949.9,Paid
EXP000953,2025-10-13,BR012,Rent,146771.32,Paid
EXP000954,2025-10-07,BR012,Electricity,42087.61,Paid
EXP000955,2025-10-08,BR012,Internet,18054.08,Paid
EXP000956,2025-10-03,BR012,Transport,35564.07,Paid
EXP000957,2025-10-14,BR012,Marketing,27361.02,Paid
EXP000958,2025-10-15,BR012,Security,35419.12,Paid
EXP000959,2025-10-22,BR012,Maintenance,41371.4,Paid
EXP000960,2025-10-13,BR012,Staff Welfare,19496.46,Paid
EXP000961,2025-11-19,BR001,Rent,405969.54,Paid
EXP000962,2025-11-24,BR001,Electricity,37350.75,Paid
EXP000963,2025-11-02,BR001,Internet,27049.33,Pending
EXP000964,2025-11-25,BR001,Transport,28462.71,Pending
EXP000965,2025-11-15,BR001,Marketing,24761.26,Paid
EXP000966,2025-11-18,BR001,Security,33715.54,Pending
EXP000967,2025-11-08,BR001,Maintenance,35043.83,Paid
EXP000968,2025-11-07,BR001,Staff Welfare,12996.11,Paid
EXP000969,2025-11-20,BR002,Rent,373437.94,Paid
EXP000970,2025-11-19,BR002,Electricity,67580.76,Pending
EXP000971,2025-11-07,BR002,Internet,18229.0,Paid
EXP000972,2025-11-13,BR002,Transport,43177.23,Paid
EXP000973,2025-11-09,BR002,Marketing,59599.19,Paid
EXP000974,2025-11-26,BR002,Security,35198.07,Paid
EXP000975,2025-11-14,BR002,Maintenance,13278.86,Paid
EXP000976,2025-11-13,BR002,Staff Welfare,13226.96,Paid
EXP000977,2025-11-21,BR003,Rent,248406.68,Pending
EXP000978,2025-11-05,BR003,Electricity,37893.13,Paid
EXP000979,2025-11-25,BR003,Internet,20365.92,Paid
EXP000980,2025-11-14,BR003,Transport,33842.5,Paid
EXP000981,2025-11-16,BR003,Marketing,87628.23,Paid
EXP000982,2025-11-26,BR003,Security,22410.76,Paid
EXP000983,2025-11-06,BR003,Maintenance,41370.18,Paid
EXP000984,2025-11-24,BR003,Staff Welfare,9195.25,Pending
EXP000985,2025-11-19,BR004,Rent,182200.29,Paid
EXP000986,2025-11-06,BR004,Electricity,56523.86,Paid
EXP000987,2025-11-25,BR004,Internet,24790.78,Pending
EXP000988,2025-11-17,BR004,Transport,46266.61,Pending
EXP000989,2025-11-13,BR004,Marketing,46276.49,Pending
EXP000990,2025-11-03,BR004,Security,39378.06,Pending
EXP000991,2025-11-22,BR004,Maintenance,29304.54,Paid
EXP000992,2025-11-26,BR004,Staff Welfare,27035.74,Paid
EXP000993,2025-11-17,BR005,Rent,216666.99,Paid
EXP000994,2025-11-04,BR005,Electricity,67297.9,Paid
EXP000995,2025-11-24,BR005,Internet,21582.68,Pending
EXP000996,2025-11-14,BR005,Transport,46146.6,Pending
EXP000997,2025-11-18,BR005,Marketing,70303.43,Pending
EXP000998,2025-11-06,BR005,Security,34029.29,Paid
EXP000999,2025-11-03,BR005,Maintenance,25151.18,Pending
EXP001000,2025-11-05,BR005,Staff Welfare,25149.4,Paid
EXP001001,2025-11-17,BR006,Rent,238399.31,Paid
EXP001002,2025-11-11,BR006,Electricity,34659.14,Paid
EXP001003,2025-11-11,BR006,Internet,13954.05,Pending
EXP001004,2025-11-14,BR006,Transport,64507.45,Paid
EXP001005,2025-11-24,BR006,Marketing,79980.25,Paid
EXP001006,2025-11-21,BR006,Security,19740.33,Pending
EXP001007,2025-11-10,BR006,Maintenance,31468.12,Paid
EXP001008,2025-11-07,BR006,Staff Welfare,9357.57,Paid
EXP001009,2025-11-10,BR007,Rent,290571.71,Paid
EXP001010,2025-11-19,BR007,Electricity,58927.67,Paid
EXP001011,2025-11-24,BR007,Internet,17909.89,Paid
EXP001012,2025-11-18,BR007,Transport,25739.79,Paid
EXP001013,2025-11-13,BR007,Marketing,88102.08,Paid
EXP001014,2025-11-13,BR007,Security,34496.96,Pending
EXP001015,2025-11-01,BR007,Maintenance,47334.19,Pending
EXP001016,2025-11-24,BR007,Staff Welfare,27845.71,Pending
EXP001017,2025-11-21,BR008,Rent,231835.97,Pending
EXP001018,2025-11-26,BR008,Electricity,41424.15,Pending
EXP001019,2025-11-11,BR008,Internet,17456.7,Paid
EXP001020,2025-11-09,BR008,Transport,36692.91,Paid
EXP001021,2025-11-26,BR008,Marketing,68178.98,Pending
EXP001022,2025-11-08,BR008,Security,44365.54,Pending
EXP001023,2025-11-02,BR008,Maintenance,13070.54,Paid
EXP001024,2025-11-26,BR008,Staff Welfare,16581.98,Paid
EXP001025,2025-11-16,BR009,Rent,216922.82,Pending
EXP001026,2025-11-09,BR009,Electricity,81944.73,Paid
EXP001027,2025-11-05,BR009,Internet,18335.06,Paid
EXP001028,2025-11-25,BR009,Transport,59194.62,Paid
EXP001029,2025-11-14,BR009,Marketing,42047.56,Paid
EXP001030,2025-11-18,BR009,Security,35463.13,Paid
EXP001031,2025-11-02,BR009,Maintenance,13977.61,Pending
EXP001032,2025-11-26,BR009,Staff Welfare,17778.31,Paid
EXP001033,2025-11-25,BR010,Rent,162398.01,Paid
EXP001034,2025-11-22,BR010,Electricity,76164.71,Pending
EXP001035,2025-11-02,BR010,Internet,13274.96,Paid
EXP001036,2025-11-15,BR010,Transport,42851.22,Paid
EXP001037,2025-11-13,BR010,Marketing,62804.75,Paid
EXP001038,2025-11-02,BR010,Security,34105.2,Paid
EXP001039,2025-11-09,BR010,Maintenance,38780.08,Pending
EXP001040,2025-11-25,BR010,Staff Welfare,23200.36,Paid
EXP001041,2025-11-02,BR011,Rent,185732.97,Paid
EXP001042,2025-11-05,BR011,Electricity,69713.59,Pending
EXP001043,2025-11-20,BR011,Internet,16685.53,Paid
EXP001044,2025-11-13,BR011,Transport,30635.15,Pending
EXP001045,2025-11-10,BR011,Marketing,88667.56,Paid
EXP001046,2025-11-24,BR011,Security,43693.96,Pending
EXP001047,2025-11-05,BR011,Maintenance,48520.63,Paid
EXP001048,2025-11-07,BR011,Staff Welfare,31441.3,Paid
EXP001049,2025-11-14,BR012,Rent,151062.97,Paid
EXP001050,2025-11-02,BR012,Electricity,36380.18,Paid
EXP001051,2025-11-10,BR012,Internet,27046.15,Paid
EXP001052,2025-11-24,BR012,Transport,68267.26,Pending
EXP001053,2025-11-21,BR012,Marketing,44256.12,Paid
EXP001054,2025-11-13,BR012,Security,43303.61,Paid
EXP001055,2025-11-05,BR012,Maintenance,18470.2,Pending
EXP001056,2025-11-22,BR012,Staff Welfare,29928.08,Paid
EXP001057,2025-12-16,BR001,Rent,423794.92,Paid
EXP001058,2025-12-19,BR001,Electricity,73579.41,Pending
EXP001059,2025-12-12,BR001,Internet,24539.37,Paid
EXP001060,2025-12-24,BR001,Transport,21710.27,Paid
EXP001061,2025-12-17,BR001,Marketing,88343.14,Paid
EXP001062,2025-12-23,BR001,Security,24003.7,Paid
EXP001063,2025-12-04,BR001,Maintenance,36750.37,Paid
EXP001064,2025-12-07,BR001,Staff Welfare,14046.8,Paid
EXP001065,2025-12-14,BR002,Rent,405740.99,Paid
EXP001066,2025-12-24,BR002,Electricity,53290.71,Pending
EXP001067,2025-12-11,BR002,Internet,13340.31,Pending
EXP001068,2025-12-07,BR002,Transport,51076.85,Paid
EXP001069,2025-12-07,BR002,Marketing,78995.4,Pending
EXP001070,2025-12-21,BR002,Security,25123.98,Paid
EXP001071,2025-12-26,BR002,Maintenance,16417.65,Pending
EXP001072,2025-12-22,BR002,Staff Welfare,18881.61,Paid
EXP001073,2025-12-20,BR003,Rent,242834.89,Paid
EXP001074,2025-12-15,BR003,Electricity,61416.97,Paid
EXP001075,2025-12-01,BR003,Internet,16319.26,Paid
EXP001076,2025-12-09,BR003,Transport,54461.6,Paid
EXP001077,2025-12-16,BR003,Marketing,70908.8,Paid
EXP001078,2025-12-19,BR003,Security,18398.75,Paid
EXP001079,2025-12-07,BR003,Maintenance,26777.41,Paid
EXP001080,2025-12-25,BR003,Staff Welfare,21960.78,Paid
EXP001081,2025-12-21,BR004,Rent,188030.31,Paid
EXP001082,2025-12-04,BR004,Electricity,84471.28,Pending
EXP001083,2025-12-03,BR004,Internet,28500.37,Paid
EXP001084,2025-12-15,BR004,Transport,51417.76,Pending
EXP001085,2025-12-03,BR004,Marketing,22689.31,Paid
EXP001086,2025-12-21,BR004,Security,23077.92,Paid
EXP001087,2025-12-19,BR004,Maintenance,16428.2,Paid
EXP001088,2025-12-26,BR004,Staff Welfare,29970.01,Paid
EXP001089,2025-12-13,BR005,Rent,218075.67,Paid
EXP001090,2025-12-20,BR005,Electricity,48866.66,Paid
EXP001091,2025-12-14,BR005,Internet,21431.43,Paid
EXP001092,2025-12-17,BR005,Transport,23097.23,Paid
EXP001093,2025-12-03,BR005,Marketing,56053.34,Paid
EXP001094,2025-12-11,BR005,Security,27569.58,Paid
EXP001095,2025-12-15,BR005,Maintenance,19806.63,Pending
EXP001096,2025-12-16,BR005,Staff Welfare,26232.72,Paid
EXP001097,2025-12-14,BR006,Rent,249758.8,Paid
EXP001098,2025-12-05,BR006,Electricity,32429.62,Paid
EXP001099,2025-12-10,BR006,Internet,21041.71,Paid
EXP001100,2025-12-20,BR006,Transport,33331.88,Pending
EXP001101,2025-12-17,BR006,Marketing,62774.19,Paid
EXP001102,2025-12-09,BR006,Security,33601.96,Paid
EXP001103,2025-12-07,BR006,Maintenance,8347.92,Paid
EXP001104,2025-12-08,BR006,Staff Welfare,6186.76,Paid
EXP001105,2025-12-19,BR007,Rent,269336.53,Paid
EXP001106,2025-12-26,BR007,Electricity,63348.46,Pending
EXP001107,2025-12-20,BR007,Internet,15581.9,Paid
EXP001108,2025-12-19,BR007,Transport,56048.2,Paid
EXP001109,2025-12-26,BR007,Marketing,42612.19,Paid
EXP001110,2025-12-12,BR007,Security,25678.87,Pending
EXP001111,2025-12-01,BR007,Maintenance,38110.69,Paid
EXP001112,2025-12-19,BR007,Staff Welfare,15225.12,Pending
EXP001113,2025-12-20,BR008,Rent,240852.28,Paid
EXP001114,2025-12-14,BR008,Electricity,39142.36,Pending
EXP001115,2025-12-24,BR008,Internet,27735.23,Paid
EXP001116,2025-12-13,BR008,Transport,62502.22,Paid
EXP001117,2025-12-03,BR008,Marketing,20099.55,Paid
EXP001118,2025-12-17,BR008,Security,22811.69,Pending
EXP001119,2025-12-07,BR008,Maintenance,41884.55,Paid
EXP001120,2025-12-24,BR008,Staff Welfare,34236.59,Pending
EXP001121,2025-12-18,BR009,Rent,226748.75,Paid
EXP001122,2025-12-13,BR009,Electricity,38010.63,Paid
EXP001123,2025-12-02,BR009,Internet,18708.1,Paid
EXP001124,2025-12-19,BR009,Transport,19950.98,Paid
EXP001125,2025-12-07,BR009,Marketing,40869.93,Paid
EXP001126,2025-12-24,BR009,Security,44777.53,Paid
EXP001127,2025-12-06,BR009,Maintenance,7593.21,Paid
EXP001128,2025-12-07,BR009,Staff Welfare,15379.67,Paid
EXP001129,2025-12-16,BR010,Rent,163150.8,Pending
EXP001130,2025-12-19,BR010,Electricity,41813.37,Paid
EXP001131,2025-12-11,BR010,Internet,21914.8,Paid
EXP001132,2025-12-20,BR010,Transport,42964.8,Pending
EXP001133,2025-12-18,BR010,Marketing,16811.2,Paid
EXP001134,2025-12-10,BR010,Security,28432.21,Paid
EXP001135,2025-12-23,BR010,Maintenance,24182.52,Paid
EXP001136,2025-12-23,BR010,Staff Welfare,7774.31,Pending
EXP001137,2025-12-18,BR011,Rent,193104.14,Paid
EXP001138,2025-12-08,BR011,Electricity,62555.36,Paid
EXP001139,2025-12-01,BR011,Internet,14090.28,Paid
EXP001140,2025-12-13,BR011,Transport,29058.77,Paid
EXP001141,2025-12-17,BR011,Marketing,51151.63,Paid
EXP001142,2025-12-09,BR011,Security,24642.57,Paid
EXP001143,2025-12-24,BR011,Maintenance,27712.51,Paid
EXP001144,2025-12-16,BR011,Staff Welfare,17675.94,Paid
EXP001145,2025-12-05,BR012,Rent,145235.03,Pending
EXP001146,2025-12-08,BR012,Electricity,84185.56,Pending
EXP001147,2025-12-15,BR012,Internet,26869.97,Paid
EXP001148,2025-12-05,BR012,Transport,57776.57,Pending
EXP001149,2025-12-06,BR012,Marketing,22118.25,Paid
EXP001150,2025-12-12,BR012,Security,41777.69,Pending
EXP001151,2025-12-13,BR012,Maintenance,19742.36,Paid
EXP001152,2025-12-12,BR012,Staff Welfare,28736.99,Pending
EXP001153,2026-01-04,BR001,Rent,434215.48,Pending
EXP001154,2026-01-21,BR001,Electricity,61512.69,Paid
EXP001155,2026-01-01,BR001,Internet,27199.95,Paid
EXP001156,2026-01-26,BR001,Transport,22882.75,Paid
EXP001157,2026-01-11,BR001,Marketing,61964.98,Paid
EXP001158,2026-01-26,BR001,Security,34096.14,Pending
EXP001159,2026-01-02,BR001,Maintenance,27072.55,Pending
EXP001160,2026-01-22,BR001,Staff Welfare,12555.97,Paid
EXP001161,2026-01-21,BR002,Rent,396314.69,Paid
EXP001162,2026-01-03,BR002,Electricity,75426.46,Paid
EXP001163,2026-01-09,BR002,Internet,22963.39,Paid
EXP001164,2026-01-25,BR002,Transport,57865.78,Paid
EXP001165,2026-01-19,BR002,Marketing,42262.61,Paid
EXP001166,2026-01-22,BR002,Security,43056.44,Paid
EXP001167,2026-01-13,BR002,Maintenance,44891.1,Pending
EXP001168,2026-01-22,BR002,Staff Welfare,11672.36,Paid
EXP001169,2026-01-11,BR003,Rent,247416.91,Paid
EXP001170,2026-01-03,BR003,Electricity,31411.11,Pending
EXP001171,2026-01-26,BR003,Internet,26203.51,Paid
EXP001172,2026-01-21,BR003,Transport,42947.97,Pending
EXP001173,2026-01-09,BR003,Marketing,32011.73,Paid
EXP001174,2026-01-09,BR003,Security,44067.85,Pending
EXP001175,2026-01-09,BR003,Maintenance,33641.03,Paid
EXP001176,2026-01-15,BR003,Staff Welfare,34823.72,Paid
EXP001177,2026-01-24,BR004,Rent,187378.89,Paid
EXP001178,2026-01-08,BR004,Electricity,84411.92,Paid
EXP001179,2026-01-24,BR004,Internet,19256.75,Paid
EXP001180,2026-01-13,BR004,Transport,45561.78,Pending
EXP001181,2026-01-16,BR004,Marketing,27247.87,Paid
EXP001182,2026-01-15,BR004,Security,25251.53,Paid
EXP001183,2026-01-04,BR004,Maintenance,39982.46,Pending
EXP001184,2026-01-13,BR004,Staff Welfare,11918.19,Paid
EXP001185,2026-01-23,BR005,Rent,212598.5,Paid
EXP001186,2026-01-07,BR005,Electricity,44460.58,Paid
EXP001187,2026-01-11,BR005,Internet,25118.06,Paid
EXP001188,2026-01-17,BR005,Transport,37219.13,Paid
EXP001189,2026-01-01,BR005,Marketing,74994.54,Paid
EXP001190,2026-01-07,BR005,Security,25402.08,Pending
EXP001191,2026-01-16,BR005,Maintenance,6731.5,Paid
EXP001192,2026-01-05,BR005,Staff Welfare,33251.81,Paid
EXP001193,2026-01-15,BR006,Rent,244046.54,Paid
EXP001194,2026-01-06,BR006,Electricity,50603.12,Pending
EXP001195,2026-01-26,BR006,Internet,19783.65,Paid
EXP001196,2026-01-01,BR006,Transport,53206.91,Paid
EXP001197,2026-01-01,BR006,Marketing,82419.1,Paid
EXP001198,2026-01-15,BR006,Security,25181.23,Pending
EXP001199,2026-01-23,BR006,Maintenance,16659.37,Paid
EXP001200,2026-01-17,BR006,Staff Welfare,34854.63,Pending
EXP001201,2026-01-05,BR007,Rent,273932.48,Paid
EXP001202,2026-01-07,BR007,Electricity,78319.78,Pending
EXP001203,2026-01-16,BR007,Internet,23761.06,Paid
EXP001204,2026-01-07,BR007,Transport,68759.4,Paid
EXP001205,2026-01-02,BR007,Marketing,78166.28,Paid
EXP001206,2026-01-08,BR007,Security,44783.36,Pending
EXP001207,2026-01-03,BR007,Maintenance,42339.47,Paid
EXP001208,2026-01-22,BR007,Staff Welfare,26530.88,Pending
EXP001209,2026-01-15,BR008,Rent,237208.49,Paid
EXP001210,2026-01-11,BR008,Electricity,31818.58,Paid
EXP001211,2026-01-05,BR008,Internet,14637.24,Paid
EXP001212,2026-01-21,BR008,Transport,30593.78,Paid
EXP001213,2026-01-21,BR008,Marketing,40761.84,Paid
EXP001214,2026-01-01,BR008,Security,25341.09,Paid
EXP001215,2026-01-06,BR008,Maintenance,14460.64,Paid
EXP001216,2026-01-01,BR008,Staff Welfare,14603.98,Paid
EXP001217,2026-01-18,BR009,Rent,222496.25,Pending
EXP001218,2026-01-25,BR009,Electricity,28677.84,Pending
EXP001219,2026-01-22,BR009,Internet,27393.6,Paid
EXP001220,2026-01-21,BR009,Transport,53883.36,Pending
EXP001221,2026-01-13,BR009,Marketing,45011.64,Paid
EXP001222,2026-01-06,BR009,Security,41143.97,Paid
EXP001223,2026-01-15,BR009,Maintenance,27850.71,Paid
EXP001224,2026-01-10,BR009,Staff Welfare,32300.41,Pending
EXP001225,2026-01-13,BR010,Rent,161293.81,Pending
EXP001226,2026-01-17,BR010,Electricity,67021.4,Paid
EXP001227,2026-01-14,BR010,Internet,23282.79,Paid
EXP001228,2026-01-04,BR010,Transport,16900.88,Paid
EXP001229,2026-01-11,BR010,Marketing,56150.94,Paid
EXP001230,2026-01-23,BR010,Security,21901.98,Paid
EXP001231,2026-01-22,BR010,Maintenance,40290.58,Paid
EXP001232,2026-01-07,BR010,Staff Welfare,23782.13,Pending
EXP001233,2026-01-05,BR011,Rent,192342.17,Paid
EXP001234,2026-01-21,BR011,Electricity,37731.08,Paid
EXP001235,2026-01-06,BR011,Internet,19998.83,Paid
EXP001236,2026-01-11,BR011,Transport,59309.3,Paid
EXP001237,2026-01-18,BR011,Marketing,26293.45,Pending
EXP001238,2026-01-05,BR011,Security,42340.93,Paid
EXP001239,2026-01-20,BR011,Maintenance,25514.19,Paid
EXP001240,2026-01-23,BR011,Staff Welfare,25768.9,Paid
EXP001241,2026-01-25,BR012,Rent,145798.45,Paid
EXP001242,2026-01-23,BR012,Electricity,75563.61,Paid
EXP001243,2026-01-08,BR012,Internet,17141.63,Pending
EXP001244,2026-01-11,BR012,Transport,15443.99,Paid
EXP001245,2026-01-13,BR012,Marketing,21150.57,Paid
EXP001246,2026-01-22,BR012,Security,23322.03,Paid
EXP001247,2026-01-20,BR012,Maintenance,45437.08,Paid
EXP001248,2026-01-11,BR012,Staff Welfare,11257.4,Paid
EXP001249,2026-02-11,BR001,Rent,425299.42,Paid
EXP001250,2026-02-17,BR001,Electricity,64272.44,Paid
EXP001251,2026-02-13,BR001,Internet,28497.52,Pending
EXP001252,2026-02-18,BR001,Transport,65693.82,Paid
EXP001253,2026-02-04,BR001,Marketing,74014.29,Paid
EXP001254,2026-02-15,BR001,Security,40463.43,Pending
EXP001255,2026-02-06,BR001,Maintenance,47101.89,Paid
EXP001256,2026-02-07,BR001,Staff Welfare,21304.29,Pending
EXP001257,2026-02-08,BR002,Rent,382589.34,Paid
EXP001258,2026-02-09,BR002,Electricity,68747.62,Pending
EXP001259,2026-02-19,BR002,Internet,23860.33,Paid
EXP001260,2026-02-13,BR002,Transport,51614.0,Pending
EXP001261,2026-02-01,BR002,Marketing,21366.0,Pending
EXP001262,2026-02-11,BR002,Security,42489.76,Paid
EXP001263,2026-02-25,BR002,Maintenance,12164.69,Paid
EXP001264,2026-02-15,BR002,Staff Welfare,28661.55,Paid
EXP001265,2026-02-17,BR003,Rent,250336.0,Paid
EXP001266,2026-02-10,BR003,Electricity,80850.72,Pending
EXP001267,2026-02-21,BR003,Internet,26101.99,Paid
EXP001268,2026-02-01,BR003,Transport,61308.94,Paid
EXP001269,2026-02-08,BR003,Marketing,72727.96,Paid
EXP001270,2026-02-08,BR003,Security,18510.41,Pending
EXP001271,2026-02-19,BR003,Maintenance,11487.78,Paid
EXP001272,2026-02-08,BR003,Staff Welfare,12376.29,Paid
EXP001273,2026-02-10,BR004,Rent,187006.96,Paid
EXP001274,2026-02-13,BR004,Electricity,28343.44,Pending
EXP001275,2026-02-03,BR004,Internet,25622.15,Pending
EXP001276,2026-02-07,BR004,Transport,68896.3,Pending
EXP001277,2026-02-26,BR004,Marketing,39253.9,Paid
EXP001278,2026-02-23,BR004,Security,27080.97,Pending
EXP001279,2026-02-12,BR004,Maintenance,25297.66,Paid
EXP001280,2026-02-22,BR004,Staff Welfare,15200.07,Paid
EXP001281,2026-02-19,BR005,Rent,215119.49,Paid
EXP001282,2026-02-18,BR005,Electricity,75278.73,Paid
EXP001283,2026-02-15,BR005,Internet,24448.41,Paid
EXP001284,2026-02-07,BR005,Transport,63306.06,Paid
EXP001285,2026-02-04,BR005,Marketing,52527.09,Paid
EXP001286,2026-02-14,BR005,Security,21709.69,Paid
EXP001287,2026-02-06,BR005,Maintenance,49827.2,Pending
EXP001288,2026-02-26,BR005,Staff Welfare,18633.87,Paid
EXP001289,2026-02-09,BR006,Rent,255913.8,Paid
EXP001290,2026-02-26,BR006,Electricity,72557.47,Paid
EXP001291,2026-02-01,BR006,Internet,29010.11,Pending
EXP001292,2026-02-17,BR006,Transport,25801.62,Paid
EXP001293,2026-02-11,BR006,Marketing,69488.18,Paid
EXP001294,2026-02-21,BR006,Security,32475.58,Paid
EXP001295,2026-02-12,BR006,Maintenance,36702.01,Pending
EXP001296,2026-02-14,BR006,Staff Welfare,27203.26,Paid
EXP001297,2026-02-16,BR007,Rent,274130.23,Paid
EXP001298,2026-02-11,BR007,Electricity,42802.69,Pending
EXP001299,2026-02-09,BR007,Internet,27372.27,Paid
EXP001300,2026-02-20,BR007,Transport,50044.28,Paid
EXP001301,2026-02-26,BR007,Marketing,52795.15,Paid
EXP001302,2026-02-02,BR007,Security,37446.23,Paid
EXP001303,2026-02-25,BR007,Maintenance,27545.39,Paid
EXP001304,2026-02-13,BR007,Staff Welfare,11310.02,Paid
EXP001305,2026-02-15,BR008,Rent,228191.53,Paid
EXP001306,2026-02-19,BR008,Electricity,79466.91,Paid
EXP001307,2026-02-22,BR008,Internet,14325.72,Paid
EXP001308,2026-02-24,BR008,Transport,64290.58,Pending
EXP001309,2026-02-12,BR008,Marketing,50626.23,Pending
EXP001310,2026-02-02,BR008,Security,24151.44,Pending
EXP001311,2026-02-11,BR008,Maintenance,37370.44,Pending
EXP001312,2026-02-12,BR008,Staff Welfare,8684.38,Paid
EXP001313,2026-02-14,BR009,Rent,221557.5,Paid
EXP001314,2026-02-14,BR009,Electricity,50054.6,Paid
EXP001315,2026-02-24,BR009,Internet,20172.78,Paid
EXP001316,2026-02-17,BR009,Transport,46539.52,Paid
EXP001317,2026-02-05,BR009,Marketing,23713.96,Paid
EXP001318,2026-02-13,BR009,Security,42356.3,Paid
EXP001319,2026-02-22,BR009,Maintenance,6591.07,Paid
EXP001320,2026-02-04,BR009,Staff Welfare,31867.79,Paid
EXP001321,2026-02-07,BR010,Rent,157779.31,Paid
EXP001322,2026-02-06,BR010,Electricity,60836.63,Pending
EXP001323,2026-02-26,BR010,Internet,24920.94,Paid
EXP001324,2026-02-05,BR010,Transport,46716.52,Paid
EXP001325,2026-02-13,BR010,Marketing,27308.88,Paid
EXP001326,2026-02-02,BR010,Security,19443.57,Pending
EXP001327,2026-02-07,BR010,Maintenance,29650.42,Paid
EXP001328,2026-02-24,BR010,Staff Welfare,18386.31,Pending
EXP001329,2026-02-17,BR011,Rent,190949.49,Paid
EXP001330,2026-02-23,BR011,Electricity,58044.2,Paid
EXP001331,2026-02-13,BR011,Internet,26518.77,Paid
EXP001332,2026-02-01,BR011,Transport,41752.35,Paid
EXP001333,2026-02-04,BR011,Marketing,10418.41,Paid
EXP001334,2026-02-16,BR011,Security,43955.47,Paid
EXP001335,2026-02-06,BR011,Maintenance,39059.47,Paid
EXP001336,2026-02-08,BR011,Staff Welfare,13827.27,Paid
EXP001337,2026-02-01,BR012,Rent,146872.03,Pending
EXP001338,2026-02-26,BR012,Electricity,28528.72,Paid
EXP001339,2026-02-09,BR012,Internet,16818.38,Paid
EXP001340,2026-02-08,BR012,Transport,29636.34,Pending
EXP001341,2026-02-13,BR012,Marketing,36212.55,Pending
EXP001342,2026-02-10,BR012,Security,20317.69,Paid
EXP001343,2026-02-14,BR012,Maintenance,9178.94,Pending
EXP001344,2026-02-10,BR012,Staff Welfare,10522.73,Paid
EXP001345,2026-03-02,BR001,Rent,417313.79,Paid
EXP001346,2026-03-07,BR001,Electricity,27882.51,Pending
EXP001347,2026-03-17,BR001,Internet,23426.06,Paid
EXP001348,2026-03-03,BR001,Transport,40277.42,Paid
EXP001349,2026-03-11,BR001,Marketing,57786.01,Pending
EXP001350,2026-03-19,BR001,Security,34447.22,Paid
EXP001351,2026-03-18,BR001,Maintenance,28476.34,Paid
EXP001352,2026-03-16,BR001,Staff Welfare,15063.5,Pending
EXP001353,2026-03-04,BR002,Rent,375630.29,Paid
EXP001354,2026-03-26,BR002,Electricity,52327.23,Paid
EXP001355,2026-03-08,BR002,Internet,23014.16,Paid
EXP001356,2026-03-01,BR002,Transport,62839.03,Paid
EXP001357,2026-03-25,BR002,Marketing,26591.04,Paid
EXP001358,2026-03-19,BR002,Security,42487.12,Paid
EXP001359,2026-03-08,BR002,Maintenance,44283.51,Paid
EXP001360,2026-03-17,BR002,Staff Welfare,27360.5,Paid
EXP001361,2026-03-21,BR003,Rent,245080.33,Paid
EXP001362,2026-03-20,BR003,Electricity,47822.71,Paid
EXP001363,2026-03-03,BR003,Internet,26679.4,Paid
EXP001364,2026-03-22,BR003,Transport,60978.5,Paid
EXP001365,2026-03-16,BR003,Marketing,55098.74,Paid
EXP001366,2026-03-09,BR003,Security,36055.09,Paid
EXP001367,2026-03-25,BR003,Maintenance,7670.86,Paid
EXP001368,2026-03-08,BR003,Staff Welfare,29621.21,Paid
EXP001369,2026-03-23,BR004,Rent,182168.48,Paid
EXP001370,2026-03-17,BR004,Electricity,81913.96,Pending
EXP001371,2026-03-01,BR004,Internet,21274.46,Paid
EXP001372,2026-03-20,BR004,Transport,29108.87,Pending
EXP001373,2026-03-23,BR004,Marketing,13973.12,Paid
EXP001374,2026-03-18,BR004,Security,40177.19,Pending
EXP001375,2026-03-15,BR004,Maintenance,18908.5,Paid
EXP001376,2026-03-09,BR004,Staff Welfare,11345.05,Paid
EXP001377,2026-03-01,BR005,Rent,206496.87,Paid
EXP001378,2026-03-14,BR005,Electricity,29364.32,Pending
EXP001379,2026-03-17,BR005,Internet,25171.14,Paid
EXP001380,2026-03-03,BR005,Transport,52076.3,Paid
EXP001381,2026-03-11,BR005,Marketing,34332.48,Paid
EXP001382,2026-03-11,BR005,Security,21884.88,Paid
EXP001383,2026-03-14,BR005,Maintenance,20654.87,Pending
EXP001384,2026-03-21,BR005,Staff Welfare,17664.43,Paid
EXP001385,2026-03-01,BR006,Rent,241716.35,Pending
EXP001386,2026-03-25,BR006,Electricity,79358.71,Pending
EXP001387,2026-03-19,BR006,Internet,21467.33,Paid
EXP001388,2026-03-15,BR006,Transport,33642.12,Paid
EXP001389,2026-03-24,BR006,Marketing,53998.67,Paid
EXP001390,2026-03-16,BR006,Security,24821.94,Paid
EXP001391,2026-03-20,BR006,Maintenance,16275.2,Paid
EXP001392,2026-03-17,BR006,Staff Welfare,18067.3,Paid
EXP001393,2026-03-22,BR007,Rent,269892.05,Paid
EXP001394,2026-03-22,BR007,Electricity,53567.1,Paid
EXP001395,2026-03-10,BR007,Internet,28616.2,Paid
EXP001396,2026-03-12,BR007,Transport,37545.43,Pending
EXP001397,2026-03-18,BR007,Marketing,57114.7,Pending
EXP001398,2026-03-04,BR007,Security,18256.97,Pending
EXP001399,2026-03-19,BR007,Maintenance,32082.72,Pending
EXP001400,2026-03-19,BR007,Staff Welfare,9146.81,Paid
EXP001401,2026-03-12,BR008,Rent,223758.94,Pending
EXP001402,2026-03-07,BR008,Electricity,76869.86,Pending
EXP001403,2026-03-05,BR008,Internet,25198.33,Pending
EXP001404,2026-03-02,BR008,Transport,17839.39,Paid
EXP001405,2026-03-26,BR008,Marketing,34414.1,Pending
EXP001406,2026-03-24,BR008,Security,32678.44,Paid
EXP001407,2026-03-21,BR008,Maintenance,30334.0,Paid
EXP001408,2026-03-13,BR008,Staff Welfare,27327.85,Paid
EXP001409,2026-03-16,BR009,Rent,224633.45,Paid
EXP001410,2026-03-11,BR009,Electricity,83383.21,Paid
EXP001411,2026-03-17,BR009,Internet,17149.53,Pending
EXP001412,2026-03-13,BR009,Transport,17176.5,Pending
EXP001413,2026-03-06,BR009,Marketing,76744.84,Paid
EXP001414,2026-03-05,BR009,Security,43058.22,Paid
EXP001415,2026-03-21,BR009,Maintenance,14006.32,Paid
EXP001416,2026-03-15,BR009,Staff Welfare,26471.35,Paid
EXP001417,2026-03-13,BR010,Rent,155845.85,Paid
EXP001418,2026-03-22,BR010,Electricity,31212.58,Paid
EXP001419,2026-03-11,BR010,Internet,12979.51,Paid
EXP001420,2026-03-12,BR010,Transport,55457.02,Paid
EXP001421,2026-03-16,BR010,Marketing,85365.42,Pending
EXP001422,2026-03-08,BR010,Security,42097.01,Paid
EXP001423,2026-03-26,BR010,Maintenance,28736.92,Paid
EXP001424,2026-03-10,BR010,Staff Welfare,20977.12,Paid
EXP001425,2026-03-04,BR011,Rent,198152.56,Pending
EXP001426,2026-03-07,BR011,Electricity,55178.16,Paid
EXP001427,2026-03-24,BR011,Internet,19546.23,Pending
EXP001428,2026-03-02,BR011,Transport,48370.63,Paid
EXP001429,2026-03-12,BR011,Marketing,67658.26,Pending
EXP001430,2026-03-23,BR011,Security,28774.08,Paid
EXP001431,2026-03-23,BR011,Maintenance,35323.58,Paid
EXP001432,2026-03-20,BR011,Staff Welfare,5667.31,Paid
EXP001433,2026-03-08,BR012,Rent,150371.28,Pending
EXP001434,2026-03-23,BR012,Electricity,29244.51,Paid
EXP001435,2026-03-26,BR012,Internet,17093.83,Paid
EXP001436,2026-03-02,BR012,Transport,47665.27,Paid
EXP001437,2026-03-22,BR012,Marketing,62028.41,Pending
EXP001438,2026-03-06,BR012,Security,30886.26,Pending
EXP001439,2026-03-16,BR012,Maintenance,7661.7,Pending
EXP001440,2026-03-23,BR012,Staff Welfare,29264.36,Paid
EXP001441,2026-04-16,BR001,Rent,401454.62,Paid
EXP001442,2026-04-19,BR001,Electricity,53143.55,Paid
EXP001443,2026-04-06,BR001,Internet,24846.45,Paid
EXP001444,2026-04-21,BR001,Transport,36366.04,Paid
EXP001445,2026-04-19,BR001,Marketing,34800.43,Paid
EXP001446,2026-04-02,BR001,Security,22614.16,Paid
EXP001447,2026-04-10,BR001,Maintenance,28057.86,Pending
EXP001448,2026-04-13,BR001,Staff Welfare,17409.82,Paid
EXP001449,2026-04-10,BR002,Rent,381165.62,Pending
EXP001450,2026-04-24,BR002,Electricity,65339.17,Paid
EXP001451,2026-04-26,BR002,Internet,25320.77,Paid
EXP001452,2026-04-12,BR002,Transport,22806.94,Paid
EXP001453,2026-04-09,BR002,Marketing,46140.78,Paid
EXP001454,2026-04-22,BR002,Security,28015.46,Paid
EXP001455,2026-04-18,BR002,Maintenance,49176.73,Pending
EXP001456,2026-04-13,BR002,Staff Welfare,19723.32,Paid
EXP001457,2026-04-23,BR003,Rent,248896.13,Paid
EXP001458,2026-04-26,BR003,Electricity,84091.21,Paid
EXP001459,2026-04-05,BR003,Internet,16523.67,Paid
EXP001460,2026-04-17,BR003,Transport,26116.55,Pending
EXP001461,2026-04-06,BR003,Marketing,22729.44,Pending
EXP001462,2026-04-22,BR003,Security,27515.47,Paid
EXP001463,2026-04-06,BR003,Maintenance,26688.9,Paid
EXP001464,2026-04-08,BR003,Staff Welfare,11810.98,Pending
EXP001465,2026-04-25,BR004,Rent,177622.67,Paid
EXP001466,2026-04-03,BR004,Electricity,45922.63,Paid
EXP001467,2026-04-14,BR004,Internet,29525.13,Paid
EXP001468,2026-04-24,BR004,Transport,67424.17,Pending
EXP001469,2026-04-25,BR004,Marketing,31438.76,Paid
EXP001470,2026-04-21,BR004,Security,43384.52,Pending
EXP001471,2026-04-07,BR004,Maintenance,6781.98,Pending
EXP001472,2026-04-16,BR004,Staff Welfare,32199.27,Pending
EXP001473,2026-04-06,BR005,Rent,202265.99,Paid
EXP001474,2026-04-11,BR005,Electricity,70731.74,Pending
EXP001475,2026-04-17,BR005,Internet,20358.34,Paid
EXP001476,2026-04-10,BR005,Transport,62351.63,Paid
EXP001477,2026-04-21,BR005,Marketing,41398.89,Paid
EXP001478,2026-04-07,BR005,Security,19959.62,Paid
EXP001479,2026-04-05,BR005,Maintenance,20686.55,Paid
EXP001480,2026-04-04,BR005,Staff Welfare,26418.03,Pending
EXP001481,2026-04-17,BR006,Rent,241029.9,Paid
EXP001482,2026-04-02,BR006,Electricity,73341.08,Paid
EXP001483,2026-04-07,BR006,Internet,13091.72,Paid
EXP001484,2026-04-06,BR006,Transport,56250.16,Paid
EXP001485,2026-04-23,BR006,Marketing,32717.95,Pending
EXP001486,2026-04-16,BR006,Security,24284.68,Paid
EXP001487,2026-04-06,BR006,Maintenance,41276.46,Paid
EXP001488,2026-04-25,BR006,Staff Welfare,9804.58,Paid
EXP001489,2026-04-14,BR007,Rent,274546.65,Pending
EXP001490,2026-04-22,BR007,Electricity,62893.86,Pending
EXP001491,2026-04-10,BR007,Internet,15881.68,Pending
EXP001492,2026-04-19,BR007,Transport,64616.01,Paid
EXP001493,2026-04-15,BR007,Marketing,13642.46,Pending
EXP001494,2026-04-21,BR007,Security,26265.13,Paid
EXP001495,2026-04-11,BR007,Maintenance,19918.22,Paid
EXP001496,2026-04-04,BR007,Staff Welfare,20835.23,Paid
EXP001497,2026-04-03,BR008,Rent,224512.15,Paid
EXP001498,2026-04-14,BR008,Electricity,28233.13,Paid
EXP001499,2026-04-03,BR008,Internet,23858.24,Paid
EXP001500,2026-04-16,BR008,Transport,31961.0,Paid
EXP001501,2026-04-08,BR008,Marketing,31555.38,Paid
EXP001502,2026-04-11,BR008,Security,22711.18,Paid
EXP001503,2026-04-12,BR008,Maintenance,35078.09,Paid
EXP001504,2026-04-21,BR008,Staff Welfare,32449.24,Paid
EXP001505,2026-04-21,BR009,Rent,218849.03,Paid
EXP001506,2026-04-23,BR009,Electricity,40272.68,Pending
EXP001507,2026-04-14,BR009,Internet,19931.65,Pending
EXP001508,2026-04-14,BR009,Transport,60896.03,Paid
EXP001509,2026-04-07,BR009,Marketing,56692.84,Paid
EXP001510,2026-04-02,BR009,Security,38964.81,Paid
EXP001511,2026-04-15,BR009,Maintenance,42813.89,Pending
EXP001512,2026-04-15,BR009,Staff Welfare,31401.17,Pending
EXP001513,2026-04-09,BR010,Rent,161127.03,Pending
EXP001514,2026-04-24,BR010,Electricity,69614.46,Paid
EXP001515,2026-04-02,BR010,Internet,20962.99,Paid
EXP001516,2026-04-11,BR010,Transport,37779.48,Paid
EXP001517,2026-04-15,BR010,Marketing,13616.12,Paid
EXP001518,2026-04-06,BR010,Security,44697.6,Paid
EXP001519,2026-04-02,BR010,Maintenance,48588.17,Pending
EXP001520,2026-04-12,BR010,Staff Welfare,24204.91,Paid
EXP001521,2026-04-03,BR011,Rent,193272.58,Paid
EXP001522,2026-04-05,BR011,Electricity,34779.9,Pending
EXP001523,2026-04-12,BR011,Internet,25735.88,Pending
EXP001524,2026-04-14,BR011,Transport,46700.27,Paid
EXP001525,2026-04-15,BR011,Marketing,70335.62,Paid
EXP001526,2026-04-05,BR011,Security,34381.67,Pending
EXP001527,2026-04-24,BR011,Maintenance,28549.91,Pending
EXP001528,2026-04-26,BR011,Staff Welfare,8371.48,Pending
EXP001529,2026-04-18,BR012,Rent,156788.36,Paid
EXP001530,2026-04-09,BR012,Electricity,84847.05,Paid
EXP001531,2026-04-18,BR012,Internet,25843.57,Paid
EXP001532,2026-04-22,BR012,Transport,63924.16,Paid
EXP001533,2026-04-07,BR012,Marketing,88926.78,Pending
EXP001534,2026-04-12,BR012,Security,18117.35,Pending
EXP001535,2026-04-05,BR012,Maintenance,24157.95,Paid
EXP001536,2026-04-10,BR012,Staff Welfare,11327.15,Pending
EXP001537,2026-05-12,BR001,Rent,418836.6,Paid
EXP001538,2026-05-21,BR001,Electricity,41066.03,Paid
EXP001539,2026-05-21,BR001,Internet,19890.59,Paid
EXP001540,2026-05-01,BR001,Transport,48515.27,Paid
EXP001541,2026-05-26,BR001,Marketing,34062.09,Paid
EXP001542,2026-05-23,BR001,Security,18565.9,Paid
EXP001543,2026-05-04,BR001,Maintenance,11670.37,Paid
EXP001544,2026-05-08,BR001,Staff Welfare,28023.79,Paid
EXP001545,2026-05-06,BR002,Rent,387828.46,Paid
EXP001546,2026-05-25,BR002,Electricity,59533.45,Pending
EXP001547,2026-05-12,BR002,Internet,24382.25,Paid
EXP001548,2026-05-01,BR002,Transport,24747.46,Paid
EXP001549,2026-05-04,BR002,Marketing,86718.42,Pending
EXP001550,2026-05-07,BR002,Security,19107.32,Paid
EXP001551,2026-05-18,BR002,Maintenance,32757.31,Paid
EXP001552,2026-05-06,BR002,Staff Welfare,29998.89,Paid
EXP001553,2026-05-18,BR003,Rent,240732.2,Paid
EXP001554,2026-05-16,BR003,Electricity,71822.63,Paid
EXP001555,2026-05-04,BR003,Internet,25030.56,Paid
EXP001556,2026-05-26,BR003,Transport,17287.05,Pending
EXP001557,2026-05-02,BR003,Marketing,49930.73,Paid
EXP001558,2026-05-20,BR003,Security,44932.13,Paid
EXP001559,2026-05-20,BR003,Maintenance,45473.47,Pending
EXP001560,2026-05-14,BR003,Staff Welfare,11541.9,Paid
EXP001561,2026-05-07,BR004,Rent,179536.26,Paid
EXP001562,2026-05-02,BR004,Electricity,71018.01,Paid
EXP001563,2026-05-04,BR004,Internet,21974.73,Paid
EXP001564,2026-05-03,BR004,Transport,21685.11,Pending
EXP001565,2026-05-14,BR004,Marketing,36270.16,Paid
EXP001566,2026-05-07,BR004,Security,29848.54,Paid
EXP001567,2026-05-04,BR004,Maintenance,28274.98,Pending
EXP001568,2026-05-09,BR004,Staff Welfare,12902.01,Paid
EXP001569,2026-05-24,BR005,Rent,206492.19,Paid
EXP001570,2026-05-26,BR005,Electricity,53249.33,Paid
EXP001571,2026-05-19,BR005,Internet,20170.26,Paid
EXP001572,2026-05-16,BR005,Transport,45241.45,Paid
EXP001573,2026-05-23,BR005,Marketing,70483.96,Paid
EXP001574,2026-05-02,BR005,Security,26956.03,Paid
EXP001575,2026-05-04,BR005,Maintenance,24049.3,Paid
EXP001576,2026-05-10,BR005,Staff Welfare,27385.01,Pending
EXP001577,2026-05-18,BR006,Rent,251326.49,Paid
EXP001578,2026-05-15,BR006,Electricity,78824.01,Paid
EXP001579,2026-05-19,BR006,Internet,12004.76,Paid
EXP001580,2026-05-14,BR006,Transport,45538.87,Pending
EXP001581,2026-05-14,BR006,Marketing,11487.36,Pending
EXP001582,2026-05-24,BR006,Security,18848.15,Paid
EXP001583,2026-05-03,BR006,Maintenance,46779.16,Paid
EXP001584,2026-05-08,BR006,Staff Welfare,5540.26,Paid
EXP001585,2026-05-17,BR007,Rent,275398.31,Paid
EXP001586,2026-05-08,BR007,Electricity,80709.3,Paid
EXP001587,2026-05-07,BR007,Internet,14479.03,Paid
EXP001588,2026-05-01,BR007,Transport,21959.48,Paid
EXP001589,2026-05-21,BR007,Marketing,46639.4,Pending
EXP001590,2026-05-03,BR007,Security,42844.47,Pending
EXP001591,2026-05-18,BR007,Maintenance,12239.08,Paid
EXP001592,2026-05-07,BR007,Staff Welfare,24095.78,Pending
EXP001593,2026-05-10,BR008,Rent,227082.6,Pending
EXP001594,2026-05-24,BR008,Electricity,25939.77,Pending
EXP001595,2026-05-04,BR008,Internet,12206.35,Pending
EXP001596,2026-05-12,BR008,Transport,38855.93,Paid
EXP001597,2026-05-16,BR008,Marketing,72264.81,Paid
EXP001598,2026-05-17,BR008,Security,18332.47,Paid
EXP001599,2026-05-24,BR008,Maintenance,13892.0,Paid
EXP001600,2026-05-11,BR008,Staff Welfare,11689.16,Pending
EXP001601,2026-05-16,BR009,Rent,216208.91,Paid
EXP001602,2026-05-04,BR009,Electricity,71266.1,Paid
EXP001603,2026-05-19,BR009,Internet,29521.49,Paid
EXP001604,2026-05-22,BR009,Transport,33283.36,Paid
EXP001605,2026-05-08,BR009,Marketing,64474.21,Paid
EXP001606,2026-05-15,BR009,Security,20486.23,Paid
EXP001607,2026-05-18,BR009,Maintenance,14786.0,Paid
EXP001608,2026-05-07,BR009,Staff Welfare,33002.6,Pending
EXP001609,2026-05-20,BR010,Rent,165106.26,Paid
EXP001610,2026-05-24,BR010,Electricity,70706.63,Paid
EXP001611,2026-05-04,BR010,Internet,19436.38,Paid
EXP001612,2026-05-15,BR010,Transport,57406.18,Pending
EXP001613,2026-05-15,BR010,Marketing,78010.42,Paid
EXP001614,2026-05-03,BR010,Security,19940.12,Paid
EXP001615,2026-05-23,BR010,Maintenance,24178.22,Paid
EXP001616,2026-05-16,BR010,Staff Welfare,12941.08,Paid
EXP001617,2026-05-25,BR011,Rent,180773.11,Paid
EXP001618,2026-05-19,BR011,Electricity,64630.12,Paid
EXP001619,2026-05-20,BR011,Internet,25322.72,Paid
EXP001620,2026-05-17,BR011,Transport,17178.74,Paid
EXP001621,2026-05-07,BR011,Marketing,33742.22,Paid
EXP001622,2026-05-08,BR011,Security,28379.88,Paid
EXP001623,2026-05-11,BR011,Maintenance,47829.94,Paid
EXP001624,2026-05-07,BR011,Staff Welfare,13242.76,Paid
EXP001625,2026-05-09,BR012,Rent,156421.81,Paid
EXP001626,2026-05-16,BR012,Electricity,65076.96,Paid
EXP001627,2026-05-02,BR012,Internet,23825.0,Paid
EXP001628,2026-05-20,BR012,Transport,15561.1,Pending
EXP001629,2026-05-01,BR012,Marketing,86265.01,Paid
EXP001630,2026-05-10,BR012,Security,37417.21,Paid
EXP001631,2026-05-14,BR012,Maintenance,31264.91,Paid
EXP001632,2026-05-19,BR012,Staff Welfare,7792.52,Paid
EXP001633,2026-06-17,BR001,Rent,438235.79,Pending
EXP001634,2026-06-17,BR001,Electricity,41539.32,Paid
EXP001635,2026-06-22,BR001,Internet,17785.13,Pending
EXP001636,2026-06-18,BR001,Transport,59545.04,Paid
EXP001637,2026-06-05,BR001,Marketing,22946.48,Paid
EXP001638,2026-06-24,BR001,Security,34833.98,Pending
EXP001639,2026-06-21,BR001,Maintenance,33960.76,Paid
EXP001640,2026-06-03,BR001,Staff Welfare,12636.12,Pending
EXP001641,2026-06-23,BR002,Rent,373691.84,Paid
EXP001642,2026-06-17,BR002,Electricity,68528.36,Paid
EXP001643,2026-06-19,BR002,Internet,23729.68,Paid
EXP001644,2026-06-09,BR002,Transport,49743.26,Paid
EXP001645,2026-06-09,BR002,Marketing,21003.68,Paid
EXP001646,2026-06-09,BR002,Security,25939.37,Pending
EXP001647,2026-06-12,BR002,Maintenance,46915.06,Paid
EXP001648,2026-06-19,BR002,Staff Welfare,29545.33,Paid
EXP001649,2026-06-19,BR003,Rent,235440.3,Paid
EXP001650,2026-06-21,BR003,Electricity,44974.96,Pending
EXP001651,2026-06-19,BR003,Internet,28916.13,Paid
EXP001652,2026-06-20,BR003,Transport,15752.87,Paid
EXP001653,2026-06-13,BR003,Marketing,64412.5,Paid
EXP001654,2026-06-21,BR003,Security,18120.0,Paid
EXP001655,2026-06-05,BR003,Maintenance,11363.46,Paid
EXP001656,2026-06-24,BR003,Staff Welfare,25047.39,Paid
EXP001657,2026-06-05,BR004,Rent,172934.86,Paid
EXP001658,2026-06-20,BR004,Electricity,49827.05,Pending
EXP001659,2026-06-08,BR004,Internet,26002.18,Paid
EXP001660,2026-06-14,BR004,Transport,39454.06,Paid
EXP001661,2026-06-07,BR004,Marketing,81027.95,Paid
EXP001662,2026-06-26,BR004,Security,40923.92,Paid
EXP001663,2026-06-04,BR004,Maintenance,15216.11,Pending
EXP001664,2026-06-17,BR004,Staff Welfare,10557.58,Pending
EXP001665,2026-06-14,BR005,Rent,201413.53,Paid
EXP001666,2026-06-25,BR005,Electricity,28754.87,Pending
EXP001667,2026-06-05,BR005,Internet,25705.46,Paid
EXP001668,2026-06-09,BR005,Transport,33993.44,Paid
EXP001669,2026-06-22,BR005,Marketing,79974.17,Pending
EXP001670,2026-06-13,BR005,Security,40497.68,Paid
EXP001671,2026-06-24,BR005,Maintenance,16120.71,Paid
EXP001672,2026-06-19,BR005,Staff Welfare,24692.78,Pending
EXP001673,2026-06-11,BR006,Rent,239863.38,Paid
EXP001674,2026-06-15,BR006,Electricity,34758.2,Paid
EXP001675,2026-06-05,BR006,Internet,25403.87,Paid
EXP001676,2026-06-07,BR006,Transport,51314.98,Pending
EXP001677,2026-06-10,BR006,Marketing,28120.74,Paid
EXP001678,2026-06-19,BR006,Security,22963.94,Paid
EXP001679,2026-06-24,BR006,Maintenance,36614.81,Pending
EXP001680,2026-06-12,BR006,Staff Welfare,31002.47,Pending
EXP001681,2026-06-24,BR007,Rent,284635.82,Paid
EXP001682,2026-06-09,BR007,Electricity,31571.58,Pending
EXP001683,2026-06-15,BR007,Internet,24952.56,Paid
EXP001684,2026-06-07,BR007,Transport,31744.57,Paid
EXP001685,2026-06-08,BR007,Marketing,37060.57,Paid
EXP001686,2026-06-10,BR007,Security,24311.6,Pending
EXP001687,2026-06-07,BR007,Maintenance,49328.27,Paid
EXP001688,2026-06-23,BR007,Staff Welfare,10142.85,Pending
EXP001689,2026-06-22,BR008,Rent,219836.83,Paid
EXP001690,2026-06-10,BR008,Electricity,34388.6,Pending
EXP001691,2026-06-24,BR008,Internet,29294.74,Pending
EXP001692,2026-06-01,BR008,Transport,45159.66,Pending
EXP001693,2026-06-21,BR008,Marketing,42356.7,Paid
EXP001694,2026-06-20,BR008,Security,21229.78,Paid
EXP001695,2026-06-21,BR008,Maintenance,7219.89,Pending
EXP001696,2026-06-03,BR008,Staff Welfare,17439.06,Paid
EXP001697,2026-06-02,BR009,Rent,223313.57,Pending
EXP001698,2026-06-10,BR009,Electricity,39438.26,Paid
EXP001699,2026-06-25,BR009,Internet,24764.89,Paid
EXP001700,2026-06-09,BR009,Transport,61992.16,Pending
EXP001701,2026-06-03,BR009,Marketing,60490.14,Pending
EXP001702,2026-06-12,BR009,Security,18851.91,Paid
EXP001703,2026-06-04,BR009,Maintenance,8127.2,Paid
EXP001704,2026-06-25,BR009,Staff Welfare,26051.27,Paid
EXP001705,2026-06-26,BR010,Rent,166710.35,Paid
EXP001706,2026-06-18,BR010,Electricity,49990.59,Pending
EXP001707,2026-06-26,BR010,Internet,26057.05,Pending
EXP001708,2026-06-07,BR010,Transport,63262.47,Paid
EXP001709,2026-06-13,BR010,Marketing,64664.83,Pending
EXP001710,2026-06-07,BR010,Security,39801.23,Pending
EXP001711,2026-06-08,BR010,Maintenance,32867.33,Paid
EXP001712,2026-06-10,BR010,Staff Welfare,31711.56,Pending
EXP001713,2026-06-22,BR011,Rent,192518.37,Paid
EXP001714,2026-06-01,BR011,Electricity,62044.75,Paid
EXP001715,2026-06-02,BR011,Internet,13314.31,Paid
EXP001716,2026-06-16,BR011,Transport,68223.01,Paid
EXP001717,2026-06-09,BR011,Marketing,48715.64,Paid
EXP001718,2026-06-18,BR011,Security,40394.87,Paid
EXP001719,2026-06-24,BR011,Maintenance,16428.33,Paid
EXP001720,2026-06-05,BR011,Staff Welfare,22267.94,Paid
EXP001721,2026-06-23,BR012,Rent,144900.54,Paid
EXP001722,2026-06-06,BR012,Electricity,32903.9,Paid
EXP001723,2026-06-18,BR012,Internet,19932.72,Paid
EXP001724,2026-06-15,BR012,Transport,69456.44,Pending
EXP001725,2026-06-19,BR012,Marketing,11448.1,Paid
EXP001726,2026-06-12,BR012,Security,22077.3,Paid
EXP001727,2026-06-12,BR012,Maintenance,47766.0,Paid
EXP001728,2026-06-14,BR012,Staff Welfare,18620.43,Pending
EXP001729,2026-07-01,BR001,Rent,421980.22,Pending
EXP001730,2026-07-19,BR001,Electricity,41749.2,Paid
EXP001731,2026-07-16,BR001,Internet,25774.1,Paid
EXP001732,2026-07-13,BR001,Transport,16587.08,Paid
EXP001733,2026-07-01,BR001,Marketing,60583.03,Paid
EXP001734,2026-07-26,BR001,Security,24057.22,Paid
EXP001735,2026-07-12,BR001,Maintenance,20885.74,Paid
EXP001736,2026-07-10,BR001,Staff Welfare,12572.38,Pending
EXP001737,2026-07-24,BR002,Rent,383858.11,Paid
EXP001738,2026-07-07,BR002,Electricity,73452.78,Paid
EXP001739,2026-07-04,BR002,Internet,19120.9,Paid
EXP001740,2026-07-20,BR002,Transport,42840.54,Paid
EXP001741,2026-07-03,BR002,Marketing,19265.4,Paid
EXP001742,2026-07-21,BR002,Security,21524.22,Paid
EXP001743,2026-07-20,BR002,Maintenance,23045.68,Paid
EXP001744,2026-07-16,BR002,Staff Welfare,32594.15,Pending
EXP001745,2026-07-02,BR003,Rent,244537.12,Pending
EXP001746,2026-07-06,BR003,Electricity,58537.07,Paid
EXP001747,2026-07-20,BR003,Internet,22550.94,Pending
EXP001748,2026-07-01,BR003,Transport,35838.52,Paid
EXP001749,2026-07-19,BR003,Marketing,30784.94,Paid
EXP001750,2026-07-26,BR003,Security,36752.34,Pending
EXP001751,2026-07-17,BR003,Maintenance,35160.85,Pending
EXP001752,2026-07-07,BR003,Staff Welfare,11585.28,Paid
EXP001753,2026-07-24,BR004,Rent,186507.36,Pending
EXP001754,2026-07-10,BR004,Electricity,59286.68,Pending
EXP001755,2026-07-16,BR004,Internet,25326.69,Paid
EXP001756,2026-07-01,BR004,Transport,23772.95,Paid
EXP001757,2026-07-01,BR004,Marketing,86330.99,Paid
EXP001758,2026-07-02,BR004,Security,31853.05,Paid
EXP001759,2026-07-07,BR004,Maintenance,20511.19,Paid
EXP001760,2026-07-16,BR004,Staff Welfare,22567.27,Paid
EXP001761,2026-07-22,BR005,Rent,204941.99,Paid
EXP001762,2026-07-18,BR005,Electricity,36653.87,Paid
EXP001763,2026-07-20,BR005,Internet,12122.53,Paid
EXP001764,2026-07-17,BR005,Transport,49516.29,Pending
EXP001765,2026-07-11,BR005,Marketing,56053.06,Paid
EXP001766,2026-07-07,BR005,Security,34778.2,Pending
EXP001767,2026-07-07,BR005,Maintenance,34702.32,Paid
EXP001768,2026-07-07,BR005,Staff Welfare,33623.71,Pending
EXP001769,2026-07-25,BR006,Rent,262471.71,Paid
EXP001770,2026-07-07,BR006,Electricity,83356.33,Paid
EXP001771,2026-07-11,BR006,Internet,28028.06,Pending
EXP001772,2026-07-13,BR006,Transport,24890.73,Paid
EXP001773,2026-07-20,BR006,Marketing,35343.65,Paid
EXP001774,2026-07-19,BR006,Security,35869.31,Paid
EXP001775,2026-07-10,BR006,Maintenance,10239.3,Pending
EXP001776,2026-07-08,BR006,Staff Welfare,19202.85,Pending
EXP001777,2026-07-21,BR007,Rent,284275.72,Paid
EXP001778,2026-07-19,BR007,Electricity,77517.44,Pending
EXP001779,2026-07-18,BR007,Internet,27386.41,Paid
EXP001780,2026-07-11,BR007,Transport,32253.21,Paid
EXP001781,2026-07-17,BR007,Marketing,63862.72,Paid
EXP001782,2026-07-05,BR007,Security,28060.41,Pending
EXP001783,2026-07-06,BR007,Maintenance,29926.11,Paid
EXP001784,2026-07-15,BR007,Staff Welfare,21721.25,Paid
EXP001785,2026-07-12,BR008,Rent,229588.37,Pending
EXP001786,2026-07-04,BR008,Electricity,41596.9,Paid
EXP001787,2026-07-13,BR008,Internet,28501.03,Paid
EXP001788,2026-07-25,BR008,Transport,48715.2,Pending
EXP001789,2026-07-24,BR008,Marketing,64084.19,Paid
EXP001790,2026-07-20,BR008,Security,24041.68,Paid
EXP001791,2026-07-25,BR008,Maintenance,40277.59,Paid
EXP001792,2026-07-13,BR008,Staff Welfare,31706.33,Paid
EXP001793,2026-07-12,BR009,Rent,220667.56,Pending
EXP001794,2026-07-18,BR009,Electricity,31014.26,Paid
EXP001795,2026-07-21,BR009,Internet,25287.28,Pending
EXP001796,2026-07-04,BR009,Transport,34729.74,Pending
EXP001797,2026-07-07,BR009,Marketing,47025.17,Pending
EXP001798,2026-07-18,BR009,Security,42075.35,Paid
EXP001799,2026-07-15,BR009,Maintenance,14381.57,Pending
EXP001800,2026-07-26,BR009,Staff Welfare,24224.01,Paid
EXP001801,2026-07-13,BR010,Rent,160816.83,Paid
EXP001802,2026-07-13,BR010,Electricity,74798.41,Paid
EXP001803,2026-07-07,BR010,Internet,15012.43,Paid
EXP001804,2026-07-04,BR010,Transport,43751.91,Pending
EXP001805,2026-07-10,BR010,Marketing,82101.79,Pending
EXP001806,2026-07-17,BR010,Security,23797.89,Pending
EXP001807,2026-07-04,BR010,Maintenance,18712.18,Paid
EXP001808,2026-07-06,BR010,Staff Welfare,18229.35,Paid
EXP001809,2026-07-18,BR011,Rent,188337.68,Pending
EXP001810,2026-07-09,BR011,Electricity,39574.99,Paid
EXP001811,2026-07-22,BR011,Internet,21800.74,Paid
EXP001812,2026-07-16,BR011,Transport,57539.83,Paid
EXP001813,2026-07-10,BR011,Marketing,39727.44,Paid
EXP001814,2026-07-07,BR011,Security,33621.03,Paid
EXP001815,2026-07-02,BR011,Maintenance,18256.57,Paid
EXP001816,2026-07-01,BR011,Staff Welfare,32734.55,Paid
EXP001817,2026-07-05,BR012,Rent,150900.57,Paid
EXP001818,2026-07-21,BR012,Electricity,82468.19,Paid
EXP001819,2026-07-22,BR012,Internet,28287.78,Paid
EXP001820,2026-07-05,BR012,Transport,21987.04,Paid
EXP001821,2026-07-04,BR012,Marketing,76641.42,Paid
EXP001822,2026-07-06,BR012,Security,44699.25,Paid
EXP001823,2026-07-02,BR012,Maintenance,27413.54,Pending
EXP001824,2026-07-12,BR012,Staff Welfare,23858.66,Paid
EXP001825,2026-08-05,BR001,Rent,432152.1,Paid
EXP001826,2026-08-26,BR001,Electricity,39206.28,Paid
EXP001827,2026-08-05,BR001,Internet,24130.27,Paid
EXP001828,2026-08-01,BR001,Transport,18603.52,Paid
EXP001829,2026-08-01,BR001,Marketing,88749.19,Pending
EXP001830,2026-08-05,BR001,Security,39154.95,Paid
EXP001831,2026-08-18,BR001,Maintenance,10421.17,Paid
EXP001832,2026-08-21,BR001,Staff Welfare,34428.49,Paid
EXP001833,2026-08-08,BR002,Rent,374895.24,Pending
EXP001834,2026-08-18,BR002,Electricity,28445.37,Pending
EXP001835,2026-08-11,BR002,Internet,21750.5,Paid
EXP001836,2026-08-22,BR002,Transport,29490.74,Paid
EXP001837,2026-08-01,BR002,Marketing,73816.44,Paid
EXP001838,2026-08-19,BR002,Security,29457.81,Paid
EXP001839,2026-08-13,BR002,Maintenance,15419.24,Paid
EXP001840,2026-08-22,BR002,Staff Welfare,7631.06,Paid
EXP001841,2026-08-01,BR003,Rent,233207.62,Pending
EXP001842,2026-08-01,BR003,Electricity,38199.06,Pending
EXP001843,2026-08-11,BR003,Internet,18275.03,Paid
EXP001844,2026-08-04,BR003,Transport,28939.62,Paid
EXP001845,2026-08-21,BR003,Marketing,14134.18,Paid
EXP001846,2026-08-16,BR003,Security,32655.49,Paid
EXP001847,2026-08-13,BR003,Maintenance,29033.89,Paid
EXP001848,2026-08-05,BR003,Staff Welfare,28883.65,Paid
EXP001849,2026-08-05,BR004,Rent,177718.32,Paid
EXP001850,2026-08-09,BR004,Electricity,71531.44,Pending
EXP001851,2026-08-25,BR004,Internet,15428.4,Paid
EXP001852,2026-08-09,BR004,Transport,62430.12,Paid
EXP001853,2026-08-26,BR004,Marketing,46754.04,Paid
EXP001854,2026-08-24,BR004,Security,44477.41,Paid
EXP001855,2026-08-20,BR004,Maintenance,10047.32,Paid
EXP001856,2026-08-23,BR004,Staff Welfare,18988.96,Paid
EXP001857,2026-08-05,BR005,Rent,204934.27,Pending
EXP001858,2026-08-06,BR005,Electricity,51719.54,Paid
EXP001859,2026-08-21,BR005,Internet,29979.76,Pending
EXP001860,2026-08-25,BR005,Transport,50392.41,Paid
EXP001861,2026-08-02,BR005,Marketing,40710.63,Pending
EXP001862,2026-08-14,BR005,Security,43653.34,Paid
EXP001863,2026-08-07,BR005,Maintenance,23224.33,Paid
EXP001864,2026-08-22,BR005,Staff Welfare,17886.78,Paid
EXP001865,2026-08-23,BR006,Rent,259178.38,Paid
EXP001866,2026-08-18,BR006,Electricity,45549.39,Pending
EXP001867,2026-08-09,BR006,Internet,13339.47,Paid
EXP001868,2026-08-11,BR006,Transport,25504.68,Paid
EXP001869,2026-08-08,BR006,Marketing,25232.98,Paid
EXP001870,2026-08-04,BR006,Security,23185.06,Paid
EXP001871,2026-08-19,BR006,Maintenance,29583.83,Paid
EXP001872,2026-08-05,BR006,Staff Welfare,26164.82,Pending
EXP001873,2026-08-13,BR007,Rent,267696.27,Pending
EXP001874,2026-08-11,BR007,Electricity,50649.31,Paid
EXP001875,2026-08-08,BR007,Internet,25597.67,Paid
EXP001876,2026-08-12,BR007,Transport,24487.72,Paid
EXP001877,2026-08-09,BR007,Marketing,75159.95,Paid
EXP001878,2026-08-02,BR007,Security,42328.13,Paid
EXP001879,2026-08-10,BR007,Maintenance,40657.03,Paid
EXP001880,2026-08-17,BR007,Staff Welfare,17869.47,Paid
EXP001881,2026-08-04,BR008,Rent,238712.76,Paid
EXP001882,2026-08-16,BR008,Electricity,68688.99,Paid
EXP001883,2026-08-18,BR008,Internet,14527.3,Pending
EXP001884,2026-08-05,BR008,Transport,33907.57,Paid
EXP001885,2026-08-26,BR008,Marketing,38059.61,Pending
EXP001886,2026-08-10,BR008,Security,31382.07,Paid
EXP001887,2026-08-06,BR008,Maintenance,40771.83,Paid
EXP001888,2026-08-21,BR008,Staff Welfare,33521.67,Paid
EXP001889,2026-08-03,BR009,Rent,227697.96,Paid
EXP001890,2026-08-04,BR009,Electricity,57536.33,Paid
EXP001891,2026-08-11,BR009,Internet,24457.34,Paid
EXP001892,2026-08-22,BR009,Transport,25161.43,Paid
EXP001893,2026-08-16,BR009,Marketing,54052.83,Paid
EXP001894,2026-08-10,BR009,Security,30315.53,Paid
EXP001895,2026-08-17,BR009,Maintenance,27767.44,Pending
EXP001896,2026-08-01,BR009,Staff Welfare,21585.99,Paid
EXP001897,2026-08-26,BR010,Rent,158112.55,Paid
EXP001898,2026-08-12,BR010,Electricity,82191.36,Paid
EXP001899,2026-08-25,BR010,Internet,21712.63,Paid
EXP001900,2026-08-15,BR010,Transport,48541.17,Paid
EXP001901,2026-08-06,BR010,Marketing,42845.6,Pending
EXP001902,2026-08-01,BR010,Security,40175.75,Pending
EXP001903,2026-08-05,BR010,Maintenance,47264.94,Paid
EXP001904,2026-08-19,BR010,Staff Welfare,23337.81,Paid
EXP001905,2026-08-20,BR011,Rent,186337.92,Paid
EXP001906,2026-08-23,BR011,Electricity,81978.67,Paid
EXP001907,2026-08-02,BR011,Internet,14306.65,Paid
EXP001908,2026-08-25,BR011,Transport,29799.72,Paid
EXP001909,2026-08-08,BR011,Marketing,11732.69,Paid
EXP001910,2026-08-18,BR011,Security,43414.92,Paid
EXP001911,2026-08-03,BR011,Maintenance,20634.83,Paid
EXP001912,2026-08-01,BR011,Staff Welfare,17052.29,Paid
EXP001913,2026-08-03,BR012,Rent,152910.17,Paid
EXP001914,2026-08-03,BR012,Electricity,40631.4,Paid
EXP001915,2026-08-23,BR012,Internet,15000.61,Paid
EXP001916,2026-08-23,BR012,Transport,32919.24,Paid
EXP001917,2026-08-15,BR012,Marketing,25688.1,Paid
EXP001918,2026-08-18,BR012,Security,30821.45,Paid
EXP001919,2026-08-14,BR012,Maintenance,20342.62,Paid
EXP001920,2026-08-12,BR012,Staff Welfare,24256.38,Paid
