listing_id,listing_date,listing_weekday,neighbourhood,sub_county,county,market_segment,property_category,unit_type,bedrooms,bathrooms,balconies,floor_level,building_id,rent_kes_2026,deposit_kes,distance_to_cbd_km,size_sqm,building_age_years,furnished,parking,gym,borehole,peak_commute_min,rent_kes_2025,days_on_market,building_occupancy_pct,tenant_satisfaction_10,listed_by
NRB00001,2025-12-16,Tue,Matangi,Ruiru,Kiambu,Affordable,Apartment,2 Bedroom,2,1,1,2,B0454,20000,20000,35.9,78,8,No,No,No,Yes,53,19500,2,99.7,7.6,Property manager
NRB00002,2025-12-16,Tue,Car Wash,Kasarani,Nairobi,Affordable,Apartment,1 Bedroom,1,1,1,3,B0678,18000,18000,17.4,40,6,No,No,No,Yes,56,17500,3,98.8,8.7,Landlord direct
NRB00003,2025-12-16,Tue,Car Wash,Kasarani,Nairobi,Student Friendly,Apartment,1 Bedroom,1,1,0,3,B0265,16500,16500,16.8,45,2,No,Yes,No,Yes,59,16000,63,93.6,8.6,Agency
NRB00004,2025-12-17,Wed,Syokimau,Athi River,Machakos,Family Friendly,Apartment,2 Bedroom,2,1,1,2,B0496,36000,36000,20.5,74,4,No,Yes,No,No,45,34500,80,89.8,6.1,Agency
NRB00005,2025-12-17,Wed,Kitengela,Kajiado North,Kajiado,Family Friendly,Apartment,2 Bedroom,2,2,1,3,B0831,27000,27000,31.3,82,17,Yes,Yes,No,No,30,24500,2,84.7,5.5,Agency
NRB00006,2025-12-17,Wed,Roysambu,Kasarani,Nairobi,Student Friendly,Apartment,1 Bedroom,1,1,1,1,B0380,20000,20000,13.6,41,4,No,No,No,Yes,56,18000,8,87.0,7.9,Property manager
NRB00007,2025-12-17,Wed,Roysambu,Kasarani,Nairobi,Student Friendly,Apartment,Studio / Bedsitter,0,1,0,1,B0380,15000,15000,14.0,23,7,No,No,No,Yes,44,14000,29,94.7,9.0,Agency
NRB00008,2025-12-17,Wed,Kamakis,Ruiru,Kiambu,Family Friendly,Apartment,2 Bedroom,2,2,1,3,B0887,45000,45000,28.0,78,7,No,Yes,No,Yes,50,39500,73,74.7,7.3,Agency
NRB00009,2025-12-17,Wed,Kitengela,Kajiado North,Kajiado,Family Friendly,Apartment,2 Bedroom,2,2,1,0,B0574,20000,20000,30.9,70,10,No,Yes,No,Yes,50,19500,4,98.6,5.8,Agency
NRB00010,2025-12-17,Wed,Kamakis,Ruiru,Kiambu,Family Friendly,Apartment,2 Bedroom,2,2,1,4,B0392,38000,38000,27.2,80,10,No,Yes,No,Yes,51,36000,22,82.0,7.6,Landlord direct
NRB00011,2025-12-17,Wed,Kamakis,Ruiru,Kiambu,Family Friendly,Apartment,2 Bedroom,2,2,1,3,B0461,33000,33000,26.4,72,3,No,Yes,No,Yes,60,31000,68,86.5,5.3,Property manager
NRB00012,2025-12-17,Wed,Kamakis,Ruiru,Kiambu,Family Friendly,Apartment,2 Bedroom,2,2,1,6,B0392,35000,35000,28.7,75,10,No,Yes,No,Yes,51,34500,45,95.5,6.5,Landlord direct
NRB00013,2025-12-17,Wed,Kahawa Wendani,Ruiru,Kiambu,Family Friendly,Apartment,2 Bedroom,2,2,1,1,B0559,30000,30000,21.5,77,6,No,No,No,Yes,37,30000,23,89.6,6.6,Property manager
NRB00014,2025-12-17,Wed,Kamakis,Ruiru,Kiambu,Family Friendly,Apartment,2 Bedroom,2,2,1,4,B0392,32000,32000,27.9,65,0,No,Yes,No,Yes,56,32000,18,94.9,9.0,Property manager
NRB00015,2025-12-17,Wed,Githurai 45,Kasarani,Nairobi,Family Friendly,Apartment,2 Bedroom,2,1,0,0,B0957,18000,18000,17.8,79,9,No,No,No,No,56,18000,15,75.3,5.3,Agency
NRB00016,2025-12-17,Wed,Githurai 45,Kasarani,Nairobi,Student Friendly,Apartment,1 Bedroom,1,1,0,2,B0277,12000,12000,17.8,42,7,No,No,No,No,30,12000,62,95.4,7.4,Agency
NRB00017,2025-12-17,Wed,Muthiga,Kikuyu,Kiambu,Family Friendly,Apartment,2 Bedroom,2,2,2,6,B0549,42000,42000,20.6,64,3,Yes,Yes,No,Yes,58,38500,50,79.6,9.1,Landlord direct
NRB00018,2025-12-17,Wed,Uthiru,Kikuyu,Kiambu,Family Friendly,Apartment,3 Bedroom,3,3,1,7,B0745,65000,65000,14.5,121,9,No,Yes,No,No,53,62500,50,66.6,8.6,Property manager
NRB00019,2025-12-17,Wed,Kitengela,Kajiado North,Kajiado,Family Friendly,Apartment,2 Bedroom,2,2,1,4,B0458,19800,19800,30.2,61,6,No,Yes,No,Yes,63,20000,31,85.7,6.2,Property manager
NRB00020,2025-12-17,Wed,Kitengela,Kajiado North,Kajiado,Student Friendly,Apartment,1 Bedroom,1,1,0,2,B0738,13500,13500,31.0,31,4,No,No,No,No,50,13000,2,80.0,8.2,Landlord direct
NRB00021,2025-12-17,Wed,USIU,Kasarani,Nairobi,Family Friendly,Apartment,2 Bedroom,2,2,1,2,B0817,40000,40000,13.5,78,13,Yes,Yes,No,Yes,53,41000,26,97.9,5.7,Agency
NRB00022,2025-12-17,Wed,Githurai 45,Kasarani,Nairobi,Student Friendly,Apartment,1 Bedroom,1,1,1,0,B0958,13000,13000,17.8,55,2,No,Yes,No,Yes,57,12500,4,91.1,9.4,Agency
NRB00023,2025-12-18,Thu,Muthiga,Kikuyu,Kiambu,Family Friendly,Apartment,2 Bedroom,2,1,1,0,B0703,25000,25000,20.4,76,4,No,Yes,No,No,57,23500,33,85.6,5.3,Property manager
NRB00024,2025-12-18,Thu,Utawala,Embakasi,Nairobi,Mid-Range,Apartment,2 Bedroom,2,1,1,2,B0210,35000,35000,20.8,78,4,No,Yes,Yes,No,58,33000,70,92.3,8.7,Agency
NRB00025,2025-12-18,Thu,Uthiru,Kikuyu,Kiambu,Family Friendly,Apartment,2 Bedroom,2,1,1,1,B0742,26000,26000,15.3,77,1,No,No,No,Yes,44,25500,2,72.6,7.4,Agency
NRB00026,2025-12-18,Thu,Section 9,Thika,Kiambu,Student Friendly,Apartment,1 Bedroom,1,1,1,3,B0936,16000,16000,46.4,44,12,No,No,No,Yes,58,15500,35,97.7,8.7,Agency
NRB00027,2025-12-18,Thu,Syokimau,Athi River,Machakos,Family Friendly,Apartment,2 Bedroom,2,2,1,2,B0723,60000,120000,20.5,71,8,No,Yes,No,Yes,36,57500,26,74.6,7.0,Agency
NRB00028,2025-12-18,Thu,Syokimau,Athi River,Machakos,Family Friendly,Apartment,3 Bedroom,3,3,2,2,B0723,75000,150000,18.8,99,13,No,Yes,No,No,51,75000,155,83.4,7.6,Property manager
NRB00029,2025-12-18,Thu,Utawala,Embakasi,Nairobi,Affordable,Apartment,1 Bedroom,1,1,1,2,B0922,18000,18000,20.7,45,5,No,No,No,Yes,54,17500,24,96.8,7.2,Agency
NRB00030,2025-12-18,Thu,Utawala,Embakasi,Nairobi,Affordable,Apartment,2 Bedroom,2,1,1,2,B0922,26000,26000,20.3,86,13,No,No,No,Yes,42,24500,58,76.1,8.7,Landlord direct
NRB00031,2025-12-18,Thu,Regen,Kikuyu,Kiambu,Student Friendly,Apartment,1 Bedroom,1,1,1,2,B0522,22000,22000,16.6,47,8,No,No,No,Yes,41,21000,11,92.1,8.2,Landlord direct
NRB00032,2025-12-18,Thu,Kamakis,Ruiru,Kiambu,Student Friendly,Apartment,1 Bedroom,1,1,0,4,B0521,25000,25000,28.2,41,1,Yes,No,No,Yes,57,23500,6,88.3,5.0,Landlord direct
NRB00033,2025-12-18,Thu,Kamakis,Ruiru,Kiambu,Student Friendly,Apartment,1 Bedroom,1,1,1,2,B0469,20000,20000,27.5,54,8,No,No,No,Yes,56,18500,20,94.9,7.3,Agency
NRB00034,2025-12-18,Thu,Kihunguro,Ruiru,Kiambu,Family Friendly,Apartment,2 Bedroom,2,1,1,2,B0400,24000,24000,24.8,55,17,No,No,No,No,72,22500,16,98.3,8.2,Agency
NRB00035,2025-12-18,Thu,Clay City,Kasarani,Nairobi,Mid-Range,Apartment,1 Bedroom,1,1,0,1,B0898,22000,22000,16.0,46,9,No,Yes,No,Yes,30,20500,3,99.6,9.0,Agency
NRB00036,2025-12-18,Thu,Syokimau,Athi River,Machakos,Family Friendly,Apartment,3 Bedroom,3,3,2,3,B0723,75000,150000,20.6,99,4,Yes,No,No,No,46,71500,9,92.8,7.1,Landlord direct
NRB00037,2025-12-19,Fri,Witeithie,Thika,Kiambu,Student Friendly,Apartment,1 Bedroom,1,1,1,0,B0484,11000,11000,46.2,57,9,No,No,No,No,61,10000,5,79.6,6.8,Landlord direct
NRB00038,2025-12-19,Fri,Thindigua,Kiambaa,Kiambu,Student Friendly,Studio,Studio / Bedsitter,0,1,0,2,B0910,14500,14500,12.5,23,4,No,No,No,No,59,14500,2,97.7,9.1,Agency
NRB00039,2025-12-19,Fri,Witeithie,Thika,Kiambu,Student Friendly,Apartment,1 Bedroom,1,1,1,2,B0934,16000,16000,47.1,47,3,No,No,No,No,50,14500,4,65.9,6.7,Landlord direct
NRB00040,2025-12-19,Fri,Utawala,Embakasi,Nairobi,Family Friendly,Townhouse,5 Bedroom,5,4,1,0,B0212,85000,170000,20.6,234,4,No,Yes,Yes,Yes,38,79000,22,88.1,8.6,Agency
NRB00041,2025-12-19,Fri,Kinoo,Kikuyu,Kiambu,Mid-Range,Apartment,1 Bedroom,1,1,1,2,B0611,28000,28000,17.9,51,2,No,No,No,No,46,28000,23,80.8,6.4,Property manager
NRB00042,2025-12-19,Fri,Utawala,Embakasi,Nairobi,Student Friendly,Apartment,1 Bedroom,1,1,1,1,B0211,20000,20000,21.3,50,4,No,Yes,No,Yes,37,18500,22,94.8,8.0,Agency
NRB00043,2025-12-19,Fri,Kasarani,Kasarani,Nairobi,Family Friendly,Apartment,2 Bedroom,2,1,0,3,B0586,19000,19000,14.6,72,2,No,No,No,Yes,43,18000,8,94.1,6.2,Landlord direct
NRB00044,2025-12-19,Fri,Utawala,Embakasi,Nairobi,Family Friendly,Apartment,2 Bedroom,2,1,1,1,B0612,25000,25000,19.9,80,2,No,No,No,Yes,66,25000,69,84.7,8.8,Property manager
NRB00045,2025-12-19,Fri,Witeithie,Thika,Kiambu,Student Friendly,Apartment,1 Bedroom,1,1,0,2,B0934,14000,14000,47.2,50,2,No,No,No,No,47,13000,31,85.4,6.7,Agency
NRB00046,2025-12-20,Sat,South C,Langata,Nairobi,Family Friendly,Apartment,4 Bedroom,4,3,1,1,B0798,125000,125000,4.7,148,19,Yes,Yes,Yes,Yes,48,119500,17,93.9,5.6,Agency
NRB00047,2025-12-20,Sat,Utawala,Embakasi,Nairobi,Family Friendly,Apartment,2 Bedroom,2,1,1,6,B0295,22000,22000,21.5,86,19,No,Yes,Yes,Yes,57,21000,18,92.6,8.6,Property manager
NRB00048,2025-12-20,Sat,South C,Langata,Nairobi,Family Friendly,Apartment,4 Bedroom,4,3,1,6,B0819,105000,105000,5.2,184,3,Yes,Yes,No,Yes,31,92000,7,89.4,4.8,Agency
NRB00049,2025-12-20,Sat,South C,Langata,Nairobi,Family Friendly,Apartment,4 Bedroom,4,4,2,13,B0935,100000,100000,4.7,175,13,Yes,Yes,No,Yes,60,100000,93,94.7,7.2,Agency
NRB00050,2025-12-20,Sat,Thindigua,Kiambaa,Kiambu,Student Friendly,Studio,Studio / Bedsitter,0,1,0,3,B0910,18000,18000,13.7,23,9,No,Yes,Yes,Yes,53,16500,24,98.4,7.8,Agency
NRB00051,2025-12-20,Sat,Thindigua,Kiambaa,Kiambu,Student Friendly,Studio,Studio / Bedsitter,0,1,0,3,B0910,18000,18000,12.3,25,16,No,Yes,No,Yes,31,16500,50,97.6,9.0,Landlord direct
NRB00052,2025-12-20,Sat,Utawala,Embakasi,Nairobi,Family Friendly,Apartment,2 Bedroom,2,1,1,1,B0676,20000,20000,19.5,74,6,No,No,No,Yes,55,18500,6,75.7,9.1,Agency
NRB00053,2025-12-20,Sat,Thindigua,Kiambaa,Kiambu,Student Friendly,Studio,Studio / Bedsitter,0,1,0,3,B0910,18000,18000,11.9,30,3,No,No,Yes,Yes,45,16500,15,84.2,9.0,Landlord direct
NRB00054,2025-12-20,Sat,Thindigua,Kiambaa,Kiambu,Student Friendly,Studio,Studio / Bedsitter,0,1,0,3,B0910,18000,18000,13.2,22,5,No,No,No,Yes,43,17000,15,95.8,7.3,Agency
NRB00055,2025-12-20,Sat,Thindigua,Kiambaa,Kiambu,Student Friendly,Studio,Studio / Bedsitter,0,1,0,3,B0910,18000,18000,11.7,23,3,No,Yes,No,Yes,51,17000,8,98.0,7.4,Property manager
NRB00056,2025-12-20,Sat,Utawala,Embakasi,Nairobi,Affordable,Apartment,2 Bedroom,2,1,1,4,B0858,16000,16000,21.5,68,10,No,No,No,No,55,15000,78,80.8,8.9,Agency
NRB00057,2025-12-20,Sat,Thindigua,Kiambaa,Kiambu,Student Friendly,Studio,Studio / Bedsitter,0,1,0,2,B0910,14500,14500,12.2,21,9,No,No,No,No,56,14000,22,91.8,4.4,Landlord direct
NRB00058,2025-12-20,Sat,Thindigua,Kiambaa,Kiambu,Student Friendly,Studio,Studio / Bedsitter,0,1,0,2,B0910,14500,14500,12.1,19,2,No,No,No,Yes,49,13500,16,98.6,7.6,Agency
NRB00059,2025-12-20,Sat,Thindigua,Kiambaa,Kiambu,Student Friendly,Studio,Studio / Bedsitter,0,1,0,3,B0910,18000,18000,12.4,23,2,No,No,No,Yes,55,16500,12,84.7,8.8,Agency
NRB00060,2025-12-20,Sat,Thindigua,Kiambaa,Kiambu,Student Friendly,Studio,Studio / Bedsitter,0,1,0,2,B0910,14500,14500,12.1,21,4,No,No,No,No,41,14500,30,90.1,8.3,Property manager
NRB00061,2025-12-20,Sat,Utawala,Embakasi,Nairobi,Student Friendly,Apartment,1 Bedroom,1,1,0,0,B0589,25000,25000,21.6,49,6,Yes,Yes,Yes,No,60,25000,43,92.3,8.9,Landlord direct
NRB00062,2025-12-22,Mon,Naivasha Road,Dagoretti,Nairobi,Mid-Range,Apartment,1 Bedroom,1,1,1,3,B0412,55000,68750,10.1,48,5,No,Yes,Yes,Yes,55,52000,65,89.6,9.9,Property manager
NRB00063,2025-12-22,Mon,Naivasha Road,Dagoretti,Nairobi,Mid-Range,Apartment,1 Bedroom,1,1,1,3,B0412,55000,68750,10.0,43,4,No,Yes,No,Yes,48,53500,30,73.1,8.1,Landlord direct
NRB00064,2025-12-22,Mon,Ngong Road,Langata,Nairobi,Family Friendly,Apartment,2 Bedroom,2,2,1,6,B0413,48000,48000,7.5,74,3,No,Yes,No,Yes,52,48500,91,92.2,8.9,Agency
NRB00065,2025-12-22,Mon,Naivasha Road,Dagoretti,Nairobi,Mid-Range,Apartment,1 Bedroom,1,1,1,3,B0412,55000,68750,10.0,49,4,No,No,Yes,No,41,49500,89,95.3,8.5,Landlord direct
NRB00066,2025-12-22,Mon,Naivasha Road,Dagoretti,Nairobi,Mid-Range,Apartment,1 Bedroom,1,1,1,3,B0412,55000,68750,9.0,42,3,No,Yes,No,No,38,47000,42,87.1,8.2,Agency
NRB00067,2025-12-22,Mon,Naivasha Road,Dagoretti,Nairobi,Mid-Range,Apartment,1 Bedroom,1,1,1,3,B0412,55000,68750,9.2,34,3,No,No,No,No,41,55000,27,80.8,7.0,Agency
NRB00068,2025-12-22,Mon,Lavington,Westlands,Nairobi,Family Friendly,Apartment,2 Bedroom,2,2,2,1,B0616,80000,160000,8.3,73,7,Yes,Yes,No,Yes,50,77500,93,92.5,5.6,Landlord direct
NRB00069,2025-12-22,Mon,Lavington,Westlands,Nairobi,Family Friendly,Apartment,3 Bedroom,3,2,2,3,B0876,100000,200000,7.9,99,4,No,Yes,No,Yes,66,95500,76,90.1,7.2,Landlord direct
NRB00070,2025-12-22,Mon,Lavington,Westlands,Nairobi,Student Friendly,Apartment,1 Bedroom,1,1,0,0,B0755,36500,73000,7.3,45,13,No,No,No,Yes,29,34000,88,99.3,7.4,Property manager
NRB00071,2025-12-22,Mon,Wangige,Kabete,Kiambu,Family Friendly,Apartment,2 Bedroom,2,2,1,1,B0765,40000,40000,17.2,75,4,No,Yes,Yes,Yes,36,36000,5,97.4,4.8,Property manager
NRB00072,2025-12-22,Mon,Kabiria,Dagoretti,Nairobi,Student Friendly,Apartment,1 Bedroom,1,1,1,2,B0463,25000,25000,13.8,39,8,No,No,No,Yes,40,22500,12,98.7,8.0,Agency
NRB00073,2025-12-22,Mon,Lavington,Westlands,Nairobi,Family Friendly,Apartment,2 Bedroom,2,2,1,8,B0902,75000,150000,7.3,67,7,No,Yes,No,No,56,75000,58,98.4,6.2,Agency
NRB00074,2025-12-22,Mon,Naivasha Road,Dagoretti,Nairobi,Mid-Range,Apartment,1 Bedroom,1,1,1,3,B0412,55000,68750,8.8,44,4,No,Yes,No,No,54,50500,35,79.5,7.0,Landlord direct
NRB00075,2025-12-22,Mon,Lavington,Westlands,Nairobi,Student Friendly,Apartment,1 Bedroom,1,1,1,0,B0755,37000,74000,8.2,36,9,No,No,No,Yes,47,36500,112,89.7,5.4,Property manager
NRB00076,2025-12-22,Mon,Kinoo,Kikuyu,Kiambu,Mid-Range,Apartment,Studio / Bedsitter,0,1,1,6,B0334,30000,30000,18.9,21,14,No,No,No,Yes,37,28500,34,84.5,6.5,Agency
NRB00077,2025-12-22,Mon,Utawala,Embakasi,Nairobi,Student Friendly,Apartment,1 Bedroom,1,1,1,2,B0714,20000,20000,21.6,42,1,No,Yes,No,Yes,51,20000,32,79.0,7.2,Agency
NRB00078,2025-12-22,Mon,South C,Langata,Nairobi,Family Friendly,Apartment,3 Bedroom,3,2,1,9,B0819,75000,75000,6.1,138,5,Yes,Yes,Yes,Yes,54,75500,62,80.8,8.6,Agency
NRB00079,2025-12-22,Mon,Kinoo,Kikuyu,Kiambu,Family Friendly,Apartment,3 Bedroom,3,3,1,0,B0509,75000,75000,18.8,140,7,No,Yes,Yes,No,44,65000,86,89.6,6.1,Agency
NRB00080,2025-12-22,Mon,Witeithie,Thika,Kiambu,Mid-Range,Apartment,1 Bedroom,1,1,1,3,B0512,16000,16000,45.9,44,4,No,No,No,No,75,16000,12,89.9,7.6,Property manager
NRB00081,2025-12-22,Mon,Utawala,Embakasi,Nairobi,Family Friendly,Apartment,3 Bedroom,3,2,1,0,B0663,40000,40000,21.4,113,5,No,Yes,No,No,54,38500,2,90.5,7.7,Agency
NRB00082,2025-12-22,Mon,Kinoo,Kikuyu,Kiambu,Family Friendly,Apartment,3 Bedroom,3,3,1,2,B0509,60000,60000,19.1,99,3,No,Yes,No,Yes,35,60000,92,77.4,9.4,Property manager
NRB00083,2025-12-22,Mon,Witeithie,Thika,Kiambu,Mid-Range,Apartment,1 Bedroom,1,1,1,0,B0512,12000,12000,46.5,43,2,No,No,No,Yes,52,10500,6,76.4,8.6,Property manager
NRB00084,2025-12-22,Mon,Kinoo,Kikuyu,Kiambu,Family Friendly,Apartment,2 Bedroom,2,1,1,2,B0638,35000,35000,18.2,62,3,No,No,Yes,No,21,32000,117,78.6,6.9,Agency
NRB00085,2025-12-22,Mon,Utawala,Embakasi,Nairobi,Family Friendly,Apartment,2 Bedroom,2,2,0,0,B0207,30000,30000,20.9,66,3,No,Yes,No,Yes,50,30000,11,93.7,9.3,Landlord direct
NRB00086,2025-12-22,Mon,Utawala,Embakasi,Nairobi,Family Friendly,Apartment,2 Bedroom,2,2,0,1,B0206,27000,27000,20.9,81,4,No,No,No,No,47,23000,35,87.2,8.4,Agency
NRB00087,2025-12-22,Mon,Utawala,Embakasi,Nairobi,Family Friendly,Apartment,3 Bedroom,3,2,0,1,B0206,33000,33000,21.7,96,8,No,No,No,Yes,50,33000,11,59.4,7.7,Landlord direct
NRB00088,2025-12-22,Mon,Kinoo,Kikuyu,Kiambu,Mid-Range,Apartment,1 Bedroom,1,1,1,6,B0334,40000,40000,16.9,48,1,No,Yes,No,No,56,38000,14,76.3,4.6,Agency
NRB00089,2025-12-22,Mon,Kinoo,Kikuyu,Kiambu,Family Friendly,Apartment,3 Bedroom,3,3,1,0,B0509,75000,75000,19.0,102,3,Yes,Yes,No,Yes,50,69500,62,86.1,9.2,Landlord direct
NRB00090,2025-12-23,Tue,Zambezi,Kikuyu,Kiambu,Family Friendly,Apartment,2 Bedroom,2,2,2,3,B0472,32000,32000,25.7,77,2,Yes,Yes,No,Yes,48,30000,21,98.9,7.2,Property manager
NRB00091,2025-12-23,Tue,Muthiga,Kikuyu,Kiambu,Family Friendly,Apartment,2 Bedroom,2,1,1,3,B0505,23000,23000,20.9,78,5,No,No,No,Yes,51,23000,3,83.9,7.4,Property manager
NRB00092,2025-12-23,Tue,Zambezi,Kikuyu,Kiambu,Family Friendly,Apartment,2 Bedroom,2,2,2,3,B0472,32000,32000,25.0,87,10,Yes,Yes,Yes,No,53,30500,9,74.9,6.7,Property manager
NRB00093,2025-12-23,Tue,Satellite,Dagoretti,Nairobi,Student Friendly,Apartment,1 Bedroom,1,1,0,2,B0288,21000,21000,12.4,45,8,No,Yes,No,No,42,21000,11,85.2,8.3,Agency
NRB00094,2025-12-23,Tue,Satellite,Dagoretti,Nairobi,Student Friendly,Apartment,1 Bedroom,1,1,0,0,B0573,19000,19000,10.4,48,3,No,Yes,No,Yes,54,17000,9,87.4,8.2,Agency
NRB00095,2025-12-23,Tue,Tena,Embakasi,Nairobi,Student Friendly,Apartment,1 Bedroom,1,1,1,2,B0286,18000,18000,10.5,51,3,No,No,No,Yes,51,16500,142,83.6,9.2,Landlord direct
NRB00096,2025-12-23,Tue,Muthiga,Kikuyu,Kiambu,Family Friendly,Apartment,3 Bedroom,3,2,1,5,B0505,25000,25000,21.2,114,11,No,No,No,Yes,48,23500,15,80.2,7.1,Agency
NRB00097,2025-12-23,Tue,Muthiga,Kikuyu,Kiambu,Family Friendly,Apartment,2 Bedroom,2,2,1,2,B0705,30000,30000,20.9,62,3,No,Yes,No,Yes,45,26500,195,84.5,7.8,Agency
NRB00098,2025-12-23,Tue,Muthiga,Kikuyu,Kiambu,Family Friendly,Apartment,3 Bedroom,3,2,1,0,B0467,35000,35000,18.9,116,4,No,Yes,No,Yes,41,35000,12,97.1,7.9,Agency
NRB00099,2025-12-23,Tue,Muthiga,Kikuyu,Kiambu,Family Friendly,Apartment,2 Bedroom,2,2,1,0,B0467,30000,30000,19.6,64,14,No,No,No,Yes,57,29000,18,95.8,8.5,Property manager
NRB00100,2025-12-23,Tue,Muthiga,Kikuyu,Kiambu,Family Friendly,Apartment,2 Bedroom,2,2,0,2,B0739,40000,70000,19.5,67,2,Yes,Yes,No,No,49,40000,66,91.0,8.4,Landlord direct
NRB00101,2025-12-23,Tue,Joska,Matungulu,Machakos,Student Friendly,Apartment,1 Bedroom,1,1,0,1,B0218,10000,10000,40.1,50,3,No,No,No,Yes,57,9500,5,86.9,6.6,Landlord direct
NRB00102,2025-12-23,Tue,Satellite,Dagoretti,Nairobi,Student Friendly,Apartment,Studio / Bedsitter,0,1,1,1,B0653,12000,12000,11.5,23,2,No,No,No,Yes,39,10500,38,90.0,7.3,Landlord direct
NRB00103,2025-12-23,Tue,Satellite,Dagoretti,Nairobi,Family Friendly,Apartment,3 Bedroom,3,2,1,1,B0732,70000,70000,10.4,96,4,No,Yes,No,No,64,69000,93,85.0,7.9,Agency
NRB00104,2025-12-23,Tue,Ruiru,Ruiru,Kiambu,Family Friendly,Apartment,2 Bedroom,2,2,1,0,B0654,25000,25000,28.5,68,10,No,No,No,Yes,53,25000,5,85.1,9.2,Landlord direct
NRB00105,2025-12-23,Tue,Zambezi,Kikuyu,Kiambu,Family Friendly,Apartment,2 Bedroom,2,1,1,3,B0832,15000,15000,25.2,77,3,No,No,No,Yes,46,14000,31,96.4,7.5,Property manager
NRB00106,2025-12-23,Tue,Ruaka,Kiambaa,Kiambu,Mid-Range,Apartment,2 Bedroom,2,2,1,1,B0947,50000,50000,11.5,79,4,No,No,No,Yes,43,49000,3,98.0,8.2,Landlord direct
NRB00107,2025-12-23,Tue,Naivasha Road,Dagoretti,Nairobi,Family Friendly,Apartment,2 Bedroom,2,2,1,3,B0453,90000,180000,9.1,77,22,Yes,Yes,No,No,50,83500,16,90.4,7.2,Landlord direct
NRB00108,2025-12-23,Tue,Satellite,Dagoretti,Nairobi,Family Friendly,Apartment,2 Bedroom,2,2,1,1,B0584,25000,25000,10.2,82,8,No,No,No,No,23,25000,65,97.4,8.8,Agency
NRB00109,2025-12-23,Tue,Ruaka,Kiambaa,Kiambu,Mid-Range,Apartment,2 Bedroom,2,2,1,1,B0947,50000,50000,13.7,66,11,No,Yes,Yes,Yes,55,46000,6,82.5,7.8,Landlord direct
NRB00110,2025-12-23,Tue,Ruaka,Kiambaa,Kiambu,Mid-Range,Apartment,1 Bedroom,1,1,1,1,B0947,35000,35000,12.4,43,2,No,Yes,No,No,54,30500,32,93.9,8.8,Agency
NRB00111,2025-12-23,Tue,Satellite,Dagoretti,Nairobi,Family Friendly,Apartment,2 Bedroom,2,2,1,2,B0732,60000,60000,10.7,89,6,Yes,Yes,No,Yes,42,55500,124,88.3,7.4,Landlord direct
NRB00112,2025-12-23,Tue,South B,Langata,Nairobi,Student Friendly,Apartment,1 Bedroom,1,1,1,1,B0323,29000,29000,5.4,44,8,No,Yes,No,Yes,42,29000,33,87.3,8.1,Property manager
NRB00113,2025-12-23,Tue,Ngong Road,Langata,Nairobi,Family Friendly,Apartment,2 Bedroom,2,2,1,4,B0426,50000,100000,8.4,67,9,No,Yes,No,Yes,52,46000,111,59.3,7.9,Landlord direct
NRB00114,2025-12-23,Tue,Satellite,Dagoretti,Nairobi,Student Friendly,Apartment,1 Bedroom,1,1,0,0,B0287,14000,14000,11.0,48,12,No,Yes,No,Yes,52,12500,45,83.0,9.0,Landlord direct
NRB00115,2025-12-23,Tue,South B,Langata,Nairobi,Student Friendly,Apartment,1 Bedroom,1,1,1,1,B0323,29000,29000,5.6,48,1,No,No,No,Yes,47,26000,26,96.1,7.9,Agency
NRB00116,2025-12-23,Tue,Kasarani,Kasarani,Nairobi,Family Friendly,Apartment,2 Bedroom,2,2,1,3,B0657,36000,36000,14.8,66,6,No,Yes,No,Yes,55,35000,2,65.2,7.5,Property manager
NRB00117,2025-12-23,Tue,Joska,Matungulu,Machakos,Student Friendly,Apartment,1 Bedroom,1,1,0,2,B0219,6000,6000,40.9,49,3,No,No,No,No,70,6000,64,93.3,7.4,Landlord direct
NRB00118,2025-12-23,Tue,Satellite,Dagoretti,Nairobi,Family Friendly,Apartment,3 Bedroom,3,2,1,1,B0732,70000,70000,10.1,114,7,No,Yes,No,Yes,58,64000,2,81.1,4.9,Agency
NRB00119,2025-12-23,Tue,"Gwa Kairu, Ruiru",Ruiru,Kiambu,Student Friendly,Apartment,1 Bedroom,1,1,1,2,B0820,12000,12000,30.1,37,10,No,No,No,No,60,12000,12,77.9,4.3,Agency
NRB00120,2025-12-24,Wed,Section 9,Thika,Kiambu,Student Friendly,Apartment,1 Bedroom,1,1,0,0,B0595,16600,16600,46.4,40,5,No,Yes,No,Yes,44,17000,18,88.8,8.7,Agency
NRB00121,2025-12-24,Wed,Kimbo,Ruiru,Kiambu,Family Friendly,Apartment,2 Bedroom,2,2,2,2,B0778,24000,24000,38.7,87,2,No,Yes,Yes,Yes,62,22500,16,95.3,8.4,Property manager
NRB00122,2025-12-24,Wed,Jomoko,Thika,Kiambu,Student Friendly,Apartment,1 Bedroom,1,1,1,3,B0948,13000,13000,49.1,43,13,No,Yes,No,Yes,63,13000,30,98.6,9.3,Property manager
NRB00123,2025-12-24,Wed,Seasons,Kasarani,Nairobi,Family Friendly,Apartment,2 Bedroom,2,1,1,3,B0942,26000,26000,16.2,76,13,No,Yes,No,Yes,41,25000,9,98.8,6.1,Property manager
NRB00124,2025-12-24,Wed,Kilimani,Westlands,Nairobi,Family Friendly,Apartment,2 Bedroom,2,2,2,5,B0807,80000,0,4.2,92,2,No,Yes,Yes,Yes,41,76500,31,90.4,8.7,Agency
NRB00125,2025-12-24,Wed,Section 9,Thika,Kiambu,Student Friendly,Apartment,1 Bedroom,1,1,0,3,B0595,15000,15000,45.2,40,5,No,No,No,Yes,76,14500,46,63.2,9.0,Agency
NRB00126,2025-12-24,Wed,Seasons,Kasarani,Nairobi,Family Friendly,Apartment,2 Bedroom,2,2,0,3,B0456,17500,17500,15.6,68,2,No,No,No,Yes,25,17500,14,91.9,9.0,Agency
NRB00127,2025-12-24,Wed,Donholm,Embakasi,Nairobi,Affordable,Apartment,2 Bedroom,2,2,1,1,B0273,32000,32000,11.3,82,3,No,Yes,No,Yes,48,29000,21,69.1,9.8,Landlord direct
NRB00128,2025-12-24,Wed,South B,Langata,Nairobi,Student Friendly,Apartment,1 Bedroom,1,1,1,1,B0217,40000,80000,5.4,40,7,No,Yes,No,Yes,46,38000,3,87.6,8.5,Agency
NRB00129,2025-12-25,Thu,Utawala,Embakasi,Nairobi,Student Friendly,Apartment,1 Bedroom,1,1,1,3,B0438,13500,13500,20.2,46,7,No,No,No,No,46,12500,4,87.2,7.7,Agency
NRB00130,2025-12-25,Thu,Ruiru,Ruiru,Kiambu,Family Friendly,Apartment,2 Bedroom,2,1,0,1,B0525,28000,28000,28.2,71,1,No,No,No,Yes,53,28000,43,79.2,9.5,Property manager
NRB00131,2025-12-26,Fri,Uthiru,Kikuyu,Kiambu,Family Friendly,Apartment,2 Bedroom,2,2,1,3,B0235,35000,35000,12.8,60,2,No,Yes,No,No,53,32500,8,85.1,7.2,Landlord direct
NRB00132,2025-12-26,Fri,Muthiga,Kikuyu,Kiambu,Student Friendly,Apartment,1 Bedroom,1,1,1,2,B0332,27500,27500,20.3,42,6,No,No,No,Yes,63,25500,12,94.5,7.8,Landlord direct
NRB00133,2025-12-26,Fri,Muthiga,Kikuyu,Kiambu,Family Friendly,Apartment,2 Bedroom,2,2,1,2,B0868,25000,25000,20.2,80,6,No,No,No,No,35,22500,13,98.9,9.5,Landlord direct
NRB00134,2025-12-26,Fri,Ruiru,Ruiru,Kiambu,Affordable,Apartment,2 Bedroom,2,1,1,7,B0726,22000,22000,28.1,70,13,No,No,No,No,50,21500,2,95.8,7.7,Property manager
NRB00135,2025-12-26,Fri,Uthiru,Kikuyu,Kiambu,Family Friendly,Apartment,2 Bedroom,2,2,1,3,B0235,35000,35000,14.5,61,5,No,Yes,No,Yes,48,33000,3,97.3,7.5,Property manager
NRB00136,2025-12-27,Sat,Utawala,Embakasi,Nairobi,Student Friendly,Apartment,1 Bedroom,1,1,1,3,B0238,20000,20000,21.2,44,30,No,Yes,No,No,58,18500,8,84.2,4.6,Property manager
NRB00137,2025-12-27,Sat,Kitengela,Kajiado North,Kajiado,Student Friendly,Apartment,1 Bedroom,1,1,1,5,B0593,13000,13000,29.0,49,1,No,Yes,No,Yes,49,12500,3,92.9,8.9,Property manager
NRB00138,2025-12-27,Sat,Njathaini,Kabete,Kiambu,Student Friendly,Apartment,Studio / Bedsitter,0,1,0,1,B0601,18000,18000,13.9,15,6,No,No,No,No,59,18500,62,86.1,9.0,Property manager
NRB00139,2025-12-27,Sat,Toll,Ruiru,Kiambu,Student Friendly,Apartment,3 Bedroom,3,3,1,2,B0478,55000,55000,31.3,124,2,No,Yes,No,Yes,72,51500,66,98.0,8.8,Landlord direct
NRB00140,2025-12-27,Sat,Toll,Ruiru,Kiambu,Student Friendly,Apartment,Studio / Bedsitter,0,1,0,2,B0478,18000,18000,30.5,24,8,No,No,No,Yes,61,17500,7,93.5,8.6,Agency
NRB00141,2025-12-27,Sat,Muthiga,Kikuyu,Kiambu,Family Friendly,Apartment,2 Bedroom,2,2,1,1,B0532,35000,35000,20.3,81,3,No,Yes,No,Yes,48,34500,38,75.4,6.1,Agency
NRB00142,2025-12-27,Sat,Toll,Ruiru,Kiambu,Student Friendly,Apartment,1 Bedroom,1,1,0,2,B0478,25000,25000,30.9,47,7,No,No,No,Yes,55,25000,27,92.4,7.8,Landlord direct
NRB00143,2025-12-27,Sat,Wangige,Kabete,Kiambu,Family Friendly,Apartment,2 Bedroom,2,2,1,0,B0615,23000,23000,17.5,63,5,No,No,No,No,55,23000,11,90.8,9.7,Property manager
NRB00144,2025-12-27,Sat,South B,Langata,Nairobi,Family Friendly,Apartment,3 Bedroom,3,2,1,0,B0360,65000,130000,5.7,115,11,No,Yes,Yes,No,43,65000,326,97.9,9.8,Agency
NRB00145,2025-12-27,Sat,South B,Langata,Nairobi,Student Friendly,Apartment,1 Bedroom,1,1,1,0,B0740,30000,60000,5.7,41,12,No,No,No,Yes,34,30000,20,88.2,7.6,Landlord direct
NRB00146,2025-12-27,Sat,Kamulu,Kasarani,Nairobi,Student Friendly,Apartment,1 Bedroom,1,1,0,1,B0225,8000,8000,31.8,45,5,No,No,No,Yes,55,8000,17,84.4,7.4,Landlord direct
NRB00147,2025-12-27,Sat,South B,Langata,Nairobi,Student Friendly,Apartment,1 Bedroom,1,1,1,3,B0213,23000,23000,6.5,47,6,No,No,No,Yes,49,23000,22,93.9,8.1,Landlord direct
NRB00148,2025-12-27,Sat,Muthiga,Kikuyu,Kiambu,Family Friendly,Apartment,2 Bedroom,2,2,1,1,B0532,35000,35000,19.4,82,14,No,Yes,Yes,Yes,56,35000,52,86.0,9.0,Landlord direct
NRB00149,2025-12-27,Sat,Utawala,Embakasi,Nairobi,Student Friendly,Apartment,1 Bedroom,1,1,1,2,B0881,20000,20000,21.0,40,5,No,Yes,No,Yes,41,20000,23,60.1,8.1,Agency
NRB00150,2025-12-28,Sun,Kayole,Embakasi,Nairobi,Family Friendly,Apartment,3 Bedroom,3,2,1,1,B0918,45000,45000,13.7,114,9,No,Yes,No,No,54,45000,33,90.9,8.7,Agency
NRB00151,2025-12-28,Sun,Matangi,Ruiru,Kiambu,Affordable,Apartment,2 Bedroom,2,2,1,4,B0568,26000,26000,35.9,83,4,No,Yes,No,Yes,45,25000,7,93.9,7.9,Property manager
NRB00152,2025-12-28,Sun,Sosian,Embakasi,Nairobi,Family Friendly,Apartment,2 Bedroom,2,1,1,3,B0847,27000,27000,5.7,69,5,No,No,No,Yes,35,24500,2,92.3,7.9,Property manager
NRB00153,2025-12-28,Sun,Kilimani,Westlands,Nairobi,Family Friendly,Apartment,2 Bedroom,2,2,1,2,B0359,150000,300000,3.8,58,9,No,Yes,Yes,No,27,142500,127,88.5,9.5,Landlord direct
NRB00154,2025-12-28,Sun,Kilimani,Westlands,Nairobi,Family Friendly,Apartment,3 Bedroom,3,3,1,2,B0359,200000,400000,4.1,117,2,Yes,Yes,Yes,Yes,56,192000,82,87.6,5.8,Agency
NRB00155,2025-12-28,Sun,Utawala,Embakasi,Nairobi,Family Friendly,Apartment,2 Bedroom,2,2,0,0,B0337,26000,39000,21.3,85,35,No,No,No,Yes,55,26000,1,91.2,7.9,Landlord direct
NRB00156,2025-12-28,Sun,Kilimani,Westlands,Nairobi,Family Friendly,Apartment,2 Bedroom,2,2,1,2,B0359,150000,300000,3.9,60,3,Yes,Yes,Yes,Yes,48,144000,18,91.5,5.6,Agency
NRB00157,2025-12-29,Mon,Kilimani,Westlands,Nairobi,Mid-Range,Apartment,2 Bedroom,2,2,1,8,B0752,85000,170000,5.7,76,3,No,Yes,No,No,34,76500,14,79.1,6.9,Landlord direct
NRB00158,2025-12-29,Mon,Kilimani,Westlands,Nairobi,Mid-Range,Apartment,2 Bedroom,2,2,1,2,B0737,120000,240000,4.5,62,10,Yes,Yes,No,No,59,120000,49,99.8,8.2,Property manager
NRB00159,2025-12-29,Mon,Kilimani,Westlands,Nairobi,Mid-Range,Apartment,1 Bedroom,1,1,1,3,B0737,65000,130000,3.6,43,2,No,Yes,Yes,Yes,45,62500,5,88.1,9.3,Property manager
NRB00160,2025-12-29,Mon,Kilimani,Westlands,Nairobi,Mid-Range,Apartment,1 Bedroom,1,1,1,3,B0737,75000,150000,3.8,40,6,No,Yes,Yes,Yes,44,74000,30,96.5,8.0,Landlord direct
NRB00161,2025-12-29,Mon,Kilimani,Westlands,Nairobi,Mid-Range,Apartment,2 Bedroom,2,2,1,2,B0737,110000,220000,4.9,68,13,No,Yes,Yes,No,42,104000,20,95.9,8.6,Agency
NRB00162,2025-12-29,Mon,Kilimani,Westlands,Nairobi,Mid-Range,Apartment,1 Bedroom,1,1,1,3,B0737,85000,170000,4.6,40,5,Yes,Yes,No,Yes,47,79000,59,93.3,9.0,Property manager
NRB00163,2025-12-29,Mon,Kilimani,Westlands,Nairobi,Mid-Range,Apartment,2 Bedroom,2,2,1,17,B0383,75000,150000,4.2,77,10,No,Yes,No,No,38,73000,38,93.8,7.7,Agency
NRB00164,2025-12-29,Mon,Kilimani,Westlands,Nairobi,Mid-Range,Apartment,Studio / Bedsitter,0,1,1,17,B0383,50000,100000,4.6,24,9,No,Yes,No,No,51,47000,32,74.7,7.8,Landlord direct
NRB00165,2025-12-29,Mon,Muthure,Kikuyu,Kiambu,Family Friendly,Apartment,2 Bedroom,2,2,1,2,B0841,27000,27000,20.9,76,5,No,Yes,No,Yes,40,25000,3,81.0,7.7,Property manager
NRB00166,2025-12-29,Mon,Muthure,Kikuyu,Kiambu,Student Friendly,Apartment,1 Bedroom,1,1,0,1,B0613,30000,30000,20.6,54,12,No,Yes,No,Yes,47,28000,12,94.3,7.4,Property manager
NRB00167,2025-12-29,Mon,Muthure,Kikuyu,Kiambu,Mid-Range,Apartment,2 Bedroom,2,2,0,2,B0632,40000,40000,20.4,76,8,No,Yes,Yes,Yes,53,38000,3,90.2,6.5,Agency
NRB00168,2025-12-29,Mon,Lower Kabete,Kabete,Kiambu,Family Friendly,Apartment,2 Bedroom,2,2,1,1,B0801,35000,35000,10.4,80,3,No,Yes,No,No,67,32000,68,95.5,7.2,Agency
NRB00169,2025-12-29,Mon,Matangi,Ruiru,Kiambu,Student Friendly,Apartment,1 Bedroom,1,1,1,2,B0904,12500,12500,35.7,54,7,No,Yes,No,Yes,69,11500,16,82.8,9.0,Agency
NRB00170,2025-12-29,Mon,Kilimani,Westlands,Nairobi,Family Friendly,Apartment,2 Bedroom,2,2,1,9,B0321,100000,100000,4.0,85,6,Yes,Yes,Yes,Yes,43,96000,66,70.1,9.4,Property manager
NRB00171,2025-12-29,Mon,Kilimani,Westlands,Nairobi,Family Friendly,Apartment,3 Bedroom,3,3,1,18,B0321,110000,220000,3.9,125,6,No,Yes,Yes,Yes,31,110000,25,55.3,8.5,Agency
NRB00172,2025-12-29,Mon,Kilimani,Westlands,Nairobi,Mid-Range,Apartment,1 Bedroom,1,1,1,8,B0752,65000,130000,4.6,45,14,No,Yes,No,Yes,34,59000,12,98.5,8.3,Agency
NRB00173,2025-12-29,Mon,Utawala,Embakasi,Nairobi,Student Friendly,Apartment,1 Bedroom,1,1,0,5,B0625,20000,20000,21.1,41,3,No,No,No,No,54,20000,21,99.1,9.6,Agency
NRB00174,2025-12-29,Mon,Matangi,Ruiru,Kiambu,Student Friendly,Apartment,1 Bedroom,1,1,1,4,B0904,13000,13000,35.5,49,3,No,No,No,No,46,13000,20,87.5,8.1,Landlord direct
NRB00175,2025-12-29,Mon,Kilimani,Westlands,Nairobi,Mid-Range,Apartment,1 Bedroom,1,2,1,17,B0383,65000,130000,4.9,41,8,No,Yes,No,Yes,41,63500,38,91.9,8.4,Agency
NRB00176,2025-12-29,Mon,Kilimani,Westlands,Nairobi,Family Friendly,Apartment,2 Bedroom,2,2,1,2,B0321,90000,180000,6.0,85,6,No,Yes,No,No,42,90000,232,83.9,7.7,Landlord direct
NRB00177,2025-12-29,Mon,Kilimani,Westlands,Nairobi,Family Friendly,Apartment,3 Bedroom,3,3,1,5,B0729,110000,220000,5.3,130,15,No,Yes,Yes,Yes,59,102000,23,77.8,6.2,Landlord direct
NRB00178,2025-12-29,Mon,Kawangware,Dagoretti,Nairobi,Family Friendly,Apartment,2 Bedroom,2,2,1,2,B0795,35000,35000,10.6,71,4,No,Yes,No,Yes,43,35000,1,74.3,7.6,Landlord direct
NRB00179,2025-12-31,Wed,South C,Langata,Nairobi,Family Friendly,Apartment,3 Bedroom,3,2,0,7,B0367,70000,70000,3.1,105,4,No,Yes,Yes,Yes,26,66500,9,78.4,7.3,Landlord direct
NRB00180,2025-12-31,Wed,Thindigua,Kiambaa,Kiambu,Student Friendly,Studio,1 Bedroom,1,1,0,5,B0910,26000,26000,12.2,51,11,No,Yes,No,Yes,47,24500,29,87.4,7.0,Property manager
NRB00181,2025-12-31,Wed,Thindigua,Kiambaa,Kiambu,Student Friendly,Studio,1 Bedroom,1,1,0,3,B0910,23000,23000,12.4,42,8,No,No,No,Yes,46,21500,26,95.6,8.4,Property manager
NRB00182,2025-12-31,Wed,Thindigua,Kiambaa,Kiambu,Student Friendly,Studio,1 Bedroom,1,1,0,3,B0910,23000,23000,12.4,46,14,No,No,No,Yes,49,21500,15,73.3,7.6,Landlord direct
NRB00183,2025-12-31,Wed,Thindigua,Kiambaa,Kiambu,Student Friendly,Studio,1 Bedroom,1,1,0,3,B0910,23000,23000,12.4,44,8,No,No,No,No,44,22000,1,81.4,5.9,Agency
NRB00184,2025-12-31,Wed,Thindigua,Kiambaa,Kiambu,Student Friendly,Studio,1 Bedroom,1,1,0,1,B0910,26000,26000,12.6,46,13,No,Yes,No,No,51,22500,17,90.5,6.3,Property manager
NRB00185,2025-12-31,Wed,Uthiru,Kikuyu,Kiambu,Mid-Range,Apartment,1 Bedroom,1,1,1,2,B0375,30000,30000,15.6,43,7,No,Yes,No,No,65,29000,5,88.2,8.1,Agency
NRB00186,2025-12-31,Wed,Kenyatta Road,Juja,Kiambu,Family Friendly,Apartment,2 Bedroom,2,2,1,5,B0257,23000,23000,35.6,87,15,No,No,No,No,75,23000,13,92.6,9.5,Agency
NRB00187,2025-12-31,Wed,Tena,Embakasi,Nairobi,Affordable,Apartment,2 Bedroom,2,1,0,2,B0234,21000,21000,11.1,80,3,No,Yes,No,Yes,30,19000,8,91.8,9.4,Landlord direct
NRB00188,2025-12-31,Wed,South C,Langata,Nairobi,Family Friendly,Apartment,3 Bedroom,3,3,1,3,B0329,80000,80000,4.5,122,6,No,Yes,No,Yes,33,72500,14,89.3,5.2,Agency
NRB00189,2025-12-31,Wed,Matangi,Ruiru,Kiambu,Affordable,Apartment,1 Bedroom,1,1,0,3,B0627,14500,10875,36.1,59,4,No,No,No,Yes,72,14500,20,90.2,9.1,Landlord direct
NRB00190,2025-12-31,Wed,Kenyatta Road,Juja,Kiambu,Family Friendly,Apartment,2 Bedroom,2,1,0,0,B0257,22000,22000,35.7,82,1,No,No,No,Yes,49,20000,56,85.4,8.0,Agency
NRB00191,2025-12-31,Wed,Kitengela,Kajiado North,Kajiado,Student Friendly,Apartment,Studio / Bedsitter,0,1,0,4,B0310,12000,15000,30.7,27,7,No,No,No,Yes,60,12000,15,94.4,6.3,Agency
NRB00192,2025-12-31,Wed,Matangi,Ruiru,Kiambu,Affordable,Apartment,2 Bedroom,2,1,1,2,B0627,20000,20000,35.5,68,15,No,Yes,No,Yes,43,20000,36,96.1,6.9,Agency
NRB00193,2026-01-01,Thu,Seasons,Kasarani,Nairobi,Family Friendly,Apartment,2 Bedroom,2,1,1,1,B0764,20000,20000,16.1,64,3,No,Yes,No,Yes,53,19000,44,84.2,8.4,Property manager
NRB00194,2026-01-01,Thu,Seasons,Kasarani,Nairobi,Student Friendly,Apartment,Studio / Bedsitter,0,1,0,6,B0914,15000,15000,15.5,25,13,No,No,No,No,64,13500,23,74.1,5.6,Agency
NRB00195,2026-01-02,Fri,Fedha,Embakasi,Nairobi,Mid-Range,Apartment,2 Bedroom,2,2,1,1,B0043,35000,35000,12.3,63,20,No,No,No,Yes,57,33000,8,92.9,8.5,Landlord direct
NRB00196,2026-01-02,Fri,Kwa Ndege,Embakasi,Nairobi,Student Friendly,Apartment,1 Bedroom,1,1,0,1,B0045,14000,14000,12.0,49,31,No,No,No,Yes,31,14000,30,90.0,6.9,Agency
NRB00197,2026-01-02,Fri,Ngong Road,Langata,Nairobi,Family Friendly,Apartment,2 Bedroom,2,2,1,1,B0520,55000,55000,7.9,96,4,No,Yes,No,Yes,32,54500,24,73.8,7.9,Agency
NRB00198,2026-01-02,Fri,Lang'ata,Langata,Nairobi,Family Friendly,Apartment,3 Bedroom,3,2,2,2,B0757,55000,110000,5.3,123,2,No,Yes,No,Yes,53,55000,74,87.4,8.9,Landlord direct
NRB00199,2026-01-02,Fri,Lang'ata,Langata,Nairobi,Family Friendly,Apartment,2 Bedroom,2,2,1,1,B0757,50000,100000,5.6,67,4,No,Yes,Yes,Yes,58,46500,3,75.0,9.3,Landlord direct
NRB00200,2026-01-02,Fri,Nairobi West,Langata,Nairobi,Family Friendly,Apartment,4 Bedroom,4,3,2,4,B0526,100000,200000,3.4,145,9,No,Yes,Yes,Yes,43,95500,36,99.3,9.5,Landlord direct
NRB00201,2026-01-02,Fri,Nairobi West,Langata,Nairobi,Family Friendly,Apartment,3 Bedroom,3,2,0,5,B0526,75000,150000,3.1,111,4,Yes,Yes,No,No,45,70500,19,84.4,8.3,Landlord direct
NRB00202,2026-01-02,Fri,Satellite,Dagoretti,Nairobi,Student Friendly,Apartment,1 Bedroom,1,1,0,2,B0018,17000,17000,11.5,51,8,No,No,No,No,52,15500,79,60.7,8.1,Agency
NRB00203,2026-01-02,Fri,Fedha,Embakasi,Nairobi,Family Friendly,Apartment,2 Bedroom,2,2,1,1,B0905,44000,44000,12.9,70,7,Yes,Yes,Yes,No,43,43000,10,91.3,7.5,Agency
NRB00204,2026-01-02,Fri,Fedha,Embakasi,Nairobi,Family Friendly,Apartment,2 Bedroom,2,2,1,2,B0865,35000,35000,11.7,71,6,No,Yes,Yes,No,66,32000,49,74.3,9.1,Property manager
NRB00205,2026-01-02,Fri,Tena,Embakasi,Nairobi,Family Friendly,Apartment,2 Bedroom,2,1,0,3,B0292,24000,24000,10.5,76,8,No,No,No,No,50,24000,19,93.1,8.3,Agency
NRB00206,2026-01-02,Fri,Fedha,Embakasi,Nairobi,Family Friendly,Apartment,2 Bedroom,2,2,0,8,B0294,27000,27000,12.9,74,11,No,No,No,Yes,51,27000,24,94.9,7.8,Landlord direct
NRB00207,2026-01-02,Fri,Lavington,Westlands,Nairobi,Luxury,Apartment,1 Bedroom,1,1,1,13,B0633,65000,130000,8.5,46,3,Yes,Yes,No,Yes,42,65000,338,94.4,8.1,Property manager
NRB00208,2026-01-02,Fri,Ngong Road,Langata,Nairobi,Family Friendly,Apartment,2 Bedroom,2,2,1,1,B0520,55000,55000,8.6,77,10,No,Yes,No,No,59,52500,7,89.9,8.1,Agency
NRB00209,2026-01-02,Fri,Fedha,Embakasi,Nairobi,Family Friendly,Apartment,2 Bedroom,2,1,0,3,B0293,18000,18000,11.6,81,2,No,No,No,Yes,45,18000,15,84.9,4.4,Landlord direct
NRB00210,2026-01-03,Sat,Roysambu,Kasarani,Nairobi,Affordable,Apartment,2 Bedroom,2,1,0,1,B0908,30500,30500,13.7,65,5,No,Yes,No,No,32,26000,2,94.3,5.9,Agency
NRB00211,2026-01-03,Sat,Roysambu,Kasarani,Nairobi,Affordable,Apartment,1 Bedroom,1,1,0,1,B0908,24500,24500,13.8,41,3,No,Yes,No,No,51,21500,7,80.9,8.6,Landlord direct
NRB00212,2026-01-03,Sat,Thindigua,Kiambaa,Kiambu,Family Friendly,Apartment,2 Bedroom,2,2,1,6,B0651,80000,80000,12.6,86,9,Yes,Yes,Yes,Yes,34,80000,85,92.0,5.4,Property manager
NRB00213,2026-01-03,Sat,Thindigua,Kiambaa,Kiambu,Family Friendly,Apartment,2 Bedroom,2,2,2,5,B0651,80000,80000,12.8,83,4,Yes,Yes,Yes,No,35,72500,19,95.2,9.1,Agency
NRB00214,2026-01-03,Sat,OJ Membley,Ruiru,Kiambu,Family Friendly,Apartment,2 Bedroom,2,2,1,6,B0253,25000,25000,15.5,62,10,No,No,No,No,48,23500,69,84.0,6.9,Landlord direct
NRB00215,2026-01-03,Sat,Utawala,Embakasi,Nairobi,Affordable,Apartment,1 Bedroom,1,1,0,5,B0529,18000,18000,20.3,46,12,No,No,No,Yes,54,16500,27,53.4,9.1,Property manager
NRB00216,2026-01-03,Sat,Roysambu,Kasarani,Nairobi,Affordable,Apartment,1 Bedroom,1,1,0,3,B0908,20500,20500,13.9,48,13,No,Yes,No,Yes,54,20500,3,92.5,8.3,Property manager
NRB00217,2026-01-03,Sat,Utawala,Embakasi,Nairobi,Family Friendly,Apartment,2 Bedroom,2,2,1,1,B0674,33000,33000,20.9,77,6,No,Yes,No,Yes,46,31500,23,85.7,9.1,Landlord direct
NRB00218,2026-01-03,Sat,Roysambu,Kasarani,Nairobi,Affordable,Apartment,1 Bedroom,1,1,0,5,B0908,20000,20000,14.3,41,3,No,No,No,No,45,20000,15,91.9,8.4,Agency
NRB00219,2026-01-03,Sat,Utawala,Embakasi,Nairobi,Family Friendly,Apartment,2 Bedroom,2,2,1,1,B0674,23000,23000,22.0,89,2,No,Yes,No,Yes,48,22000,4,88.1,7.0,Agency
NRB00220,2026-01-03,Sat,Thindigua,Kiambaa,Kiambu,Mid-Range,Apartment,1 Bedroom,1,1,1,1,B0833,27000,27000,12.9,48,14,No,Yes,No,Yes,57,27000,12,93.6,7.5,Agency
NRB00221,2026-01-03,Sat,Riruta,Dagoretti,Nairobi,Student Friendly,Apartment,Studio / Bedsitter,0,1,0,1,B0870,18000,18000,11.8,25,6,No,No,No,No,39,18000,11,98.3,7.6,Agency
NRB00222,2026-01-03,Sat,Utawala,Embakasi,Nairobi,Affordable,Apartment,2 Bedroom,2,1,0,3,B0529,28000,28000,21.9,65,2,No,Yes,No,Yes,49,27000,114,93.9,9.3,Agency
NRB00223,2026-01-03,Sat,Utawala,Embakasi,Nairobi,Mid-Range,Apartment,3 Bedroom,3,3,1,5,B0803,45000,45000,21.5,102,10,No,Yes,Yes,Yes,45,45000,41,99.7,5.0,Agency
NRB00224,2026-01-03,Sat,Riruta,Dagoretti,Nairobi,Student Friendly,Apartment,Studio / Bedsitter,0,1,1,1,B0870,19000,19000,11.1,23,2,No,Yes,No,Yes,47,19000,67,63.3,7.4,Landlord direct
NRB00225,2026-01-03,Sat,Riruta,Dagoretti,Nairobi,Student Friendly,Apartment,Studio / Bedsitter,0,1,1,7,B0870,22000,38500,11.8,23,7,No,No,No,Yes,48,20500,15,96.1,7.5,Landlord direct
NRB00226,2026-01-03,Sat,Uthiru,Kikuyu,Kiambu,Family Friendly,Apartment,2 Bedroom,2,2,1,1,B0468,32000,32000,16.7,80,17,No,Yes,No,No,56,32000,38,87.7,6.3,Property manager
NRB00227,2026-01-03,Sat,Uthiru,Kikuyu,Kiambu,Mid-Range,Apartment,2 Bedroom,2,1,1,1,B0671,50000,50000,14.7,72,8,No,Yes,No,Yes,49,50000,8,89.7,8.3,Agency
NRB00228,2026-01-03,Sat,Uthiru,Kikuyu,Kiambu,Family Friendly,Apartment,2 Bedroom,2,2,1,2,B0468,33000,33000,15.0,68,2,No,Yes,No,Yes,50,33000,8,73.9,6.5,Agency
NRB00229,2026-01-03,Sat,Junction,Ruiru,Kiambu,Student Friendly,Apartment,1 Bedroom,1,1,1,1,B0643,13000,13000,31.9,45,13,No,Yes,No,No,39,13000,1,92.0,8.2,Agency
NRB00230,2026-01-03,Sat,Uthiru,Kikuyu,Kiambu,Mid-Range,Apartment,3 Bedroom,3,2,1,1,B0671,65000,65000,14.2,105,9,No,Yes,Yes,No,39,65000,70,95.3,6.1,Landlord direct
NRB00231,2026-01-03,Sat,Muthiga,Kikuyu,Kiambu,Family Friendly,Apartment,3 Bedroom,3,2,1,2,B0447,55000,55000,21.0,99,2,Yes,Yes,Yes,No,47,55000,151,87.9,6.9,Landlord direct
NRB00232,2026-01-03,Sat,Njathaini,Kabete,Kiambu,Student Friendly,Apartment,Studio / Bedsitter,0,1,0,0,B0319,17000,17000,13.3,20,3,No,Yes,No,Yes,50,17000,14,83.2,8.4,Landlord direct
NRB00233,2026-01-03,Sat,Njathaini,Kabete,Kiambu,Student Friendly,Apartment,Studio / Bedsitter,0,1,0,0,B0319,19000,19000,13.1,26,5,No,Yes,No,Yes,74,19000,27,95.0,8.7,Agency
NRB00234,2026-01-03,Sat,Muthiga,Kikuyu,Kiambu,Family Friendly,Apartment,2 Bedroom,2,2,1,2,B0447,45000,45000,19.5,85,7,Yes,Yes,No,No,50,44000,13,87.9,8.0,Landlord direct
NRB00235,2026-01-03,Sat,Muthiga,Kikuyu,Kiambu,Family Friendly,Apartment,2 Bedroom,2,2,1,2,B0447,40000,40000,19.6,83,5,No,Yes,No,Yes,53,38500,82,89.7,6.2,Landlord direct
NRB00236,2026-01-04,Sun,Mountain View,Westlands,Nairobi,Family Friendly,Apartment,3 Bedroom,3,3,2,0,B0943,55000,55000,5.6,138,13,No,Yes,No,Yes,47,52500,105,98.3,7.5,Agency
NRB00237,2026-01-04,Sun,Mountain View,Westlands,Nairobi,Family Friendly,Apartment,3 Bedroom,3,3,1,2,B0857,100000,200000,6.0,110,12,Yes,Yes,Yes,Yes,35,100000,53,90.3,9.0,Property manager
NRB00238,2026-01-04,Sun,Mountain View,Westlands,Nairobi,Family Friendly,Apartment,2 Bedroom,2,2,1,3,B0857,75000,150000,6.5,64,6,No,Yes,No,Yes,61,71000,72,83.7,8.9,Agency
NRB00239,2026-01-04,Sun,Mountain View,Westlands,Nairobi,Family Friendly,Apartment,3 Bedroom,3,3,2,3,B0943,60000,60000,5.8,115,10,No,No,Yes,Yes,48,58000,20,94.7,6.8,Agency
NRB00240,2026-01-04,Sun,Komarock,Embakasi,Nairobi,Affordable,Apartment,1 Bedroom,1,1,0,1,B0289,13000,13000,12.0,52,2,No,No,No,Yes,44,11500,15,90.2,8.3,Property manager
NRB00241,2026-01-04,Sun,Komarock,Embakasi,Nairobi,Affordable,Apartment,1 Bedroom,1,1,1,0,B0050,12000,12000,11.6,40,8,No,No,No,Yes,33,11000,4,73.4,8.3,Property manager
NRB00242,2026-01-04,Sun,Mountain View,Westlands,Nairobi,Family Friendly,Apartment,3 Bedroom,3,3,2,1,B0943,75000,75000,5.1,104,6,No,Yes,Yes,No,33,72500,13,78.0,7.6,Landlord direct
NRB00243,2026-01-05,Mon,Junction,Ruiru,Kiambu,Mid-Range,Apartment,2 Bedroom,2,2,2,6,B0436,30000,30000,33.2,68,6,No,Yes,Yes,Yes,53,27500,22,89.2,6.6,Agency
NRB00244,2026-01-05,Mon,Utawala,Embakasi,Nairobi,Student Friendly,Apartment,1 Bedroom,1,1,1,2,B0576,23000,23000,22.7,34,4,No,Yes,No,Yes,52,22500,3,95.9,9.5,Agency
NRB00245,2026-01-05,Mon,Utawala,Embakasi,Nairobi,Affordable,Apartment,1 Bedroom,1,1,0,2,B0214,17000,17000,21.4,44,14,No,Yes,No,No,51,16000,49,97.2,9.0,Agency
NRB00246,2026-01-05,Mon,Syokimau,Athi River,Machakos,Family Friendly,Apartment,3 Bedroom,3,2,1,2,B0372,45000,45000,20.8,131,14,No,No,No,No,37,45000,20,93.4,8.8,Property manager
NRB00247,2026-01-05,Mon,Junction,Ruiru,Kiambu,Mid-Range,Apartment,2 Bedroom,2,2,2,5,B0436,25000,25000,32.3,93,4,No,No,No,Yes,50,25000,18,88.9,7.6,Landlord direct
NRB00248,2026-01-05,Mon,OJ Membley,Ruiru,Kiambu,Family Friendly,Apartment,2 Bedroom,2,1,1,1,B0517,35000,35000,15.8,87,11,No,Yes,No,No,58,33000,134,93.9,8.8,Agency
NRB00249,2026-01-05,Mon,OJ Membley,Ruiru,Kiambu,Family Friendly,Apartment,2 Bedroom,2,2,1,4,B0517,37000,37000,15.1,61,31,No,Yes,No,Yes,33,34500,37,94.0,2.9,Agency
NRB00250,2026-01-05,Mon,Utawala,Embakasi,Nairobi,Family Friendly,Apartment,2 Bedroom,2,2,1,2,B0434,40000,40000,21.5,72,7,Yes,Yes,No,No,53,38500,42,88.9,7.4,Landlord direct
NRB00251,2026-01-05,Mon,Kasarani,Kasarani,Nairobi,Mid-Range,Apartment,2 Bedroom,2,1,1,2,B0897,22000,22000,14.7,79,12,No,No,No,Yes,50,21000,3,59.7,5.1,Landlord direct
NRB00252,2026-01-05,Mon,Kasarani,Kasarani,Nairobi,Mid-Range,Apartment,3 Bedroom,3,1,1,2,B0897,28000,28000,13.7,138,2,No,Yes,No,No,40,26500,20,94.2,6.0,Property manager
NRB00253,2026-01-05,Mon,Kasarani,Kasarani,Nairobi,Family Friendly,Apartment,2 Bedroom,2,1,1,2,B0690,19000,19000,16.7,77,7,No,Yes,No,Yes,52,18500,20,79.5,5.3,Agency
NRB00254,2026-01-05,Mon,Junction,Ruiru,Kiambu,Mid-Range,Apartment,4 Bedroom,4,4,2,5,B0436,40000,40000,33.4,166,5,Yes,Yes,No,No,63,39500,21,62.8,7.6,Property manager
NRB00255,2026-01-05,Mon,Kikuyu Town,Kikuyu,Kiambu,Family Friendly,Apartment,2 Bedroom,2,1,1,4,B0393,20000,20000,10.9,72,5,No,Yes,No,Yes,29,18500,62,80.9,6.6,Landlord direct
NRB00256,2026-01-05,Mon,Ruiru,Ruiru,Kiambu,Family Friendly,Apartment,2 Bedroom,2,2,1,5,B0548,35000,35000,28.0,99,2,Yes,Yes,No,No,51,35000,8,62.2,7.5,Landlord direct
NRB00257,2026-01-05,Mon,OJ Membley,Ruiru,Kiambu,Student Friendly,Apartment,1 Bedroom,1,1,1,8,B0506,18000,18000,15.5,51,10,No,Yes,No,Yes,32,17000,42,90.3,7.9,Property manager
NRB00258,2026-01-05,Mon,Syokimau,Athi River,Machakos,Family Friendly,Apartment,3 Bedroom,3,2,1,4,B0372,45000,45000,20.5,125,9,No,No,No,No,47,45000,12,95.7,8.9,Landlord direct
NRB00259,2026-01-05,Mon,OJ Membley,Ruiru,Kiambu,Student Friendly,Apartment,1 Bedroom,1,1,1,1,B0506,18000,18000,15.0,54,1,No,No,No,No,53,17500,14,90.0,7.9,Agency
NRB00260,2026-01-05,Mon,Kamakis,Ruiru,Kiambu,Luxury,Apartment,2 Bedroom,2,2,2,3,B0619,38000,38000,27.2,82,4,No,Yes,Yes,No,47,38000,11,95.0,9.1,Landlord direct
NRB00261,2026-01-05,Mon,OJ Membley,Ruiru,Kiambu,Student Friendly,Apartment,1 Bedroom,1,1,1,1,B0506,18000,18000,16.4,39,9,No,No,No,Yes,47,16500,11,98.2,8.3,Agency
NRB00262,2026-01-05,Mon,Utawala,Embakasi,Nairobi,Family Friendly,Apartment,2 Bedroom,2,1,1,2,B0866,30000,30000,20.4,73,4,No,No,No,No,36,30000,51,85.4,6.7,Agency
NRB00263,2026-01-05,Mon,Ruiru,Ruiru,Kiambu,Family Friendly,Apartment,1 Bedroom,1,1,1,4,B0548,23000,23000,29.1,49,5,No,Yes,No,Yes,52,21000,45,76.0,6.3,Landlord direct
NRB00264,2026-01-05,Mon,Thindigua,Kiambaa,Kiambu,Family Friendly,Apartment,3 Bedroom,3,3,1,4,B0823,70000,70000,12.5,84,6,Yes,No,No,Yes,54,69500,66,85.5,7.0,Landlord direct
NRB00265,2026-01-05,Mon,"Gwa Kairu, Ruiru",Ruiru,Kiambu,Family Friendly,Apartment,2 Bedroom,2,2,2,4,B0783,25000,25000,29.8,91,7,No,Yes,No,Yes,60,23000,12,83.0,8.8,Landlord direct
NRB00266,2026-01-05,Mon,"Gwa Kairu, Ruiru",Ruiru,Kiambu,Family Friendly,Apartment,2 Bedroom,2,2,0,2,B0783,23000,23000,30.3,80,6,No,No,No,No,58,22500,10,98.9,5.5,Landlord direct
NRB00267,2026-01-05,Mon,Kihunguro,Ruiru,Kiambu,Family Friendly,Apartment,2 Bedroom,2,1,1,5,B0445,30000,30000,25.0,83,2,No,No,No,Yes,49,25500,88,96.6,6.8,Agency
NRB00268,2026-01-05,Mon,Kamakis,Ruiru,Kiambu,Affordable,Apartment,2 Bedroom,2,1,0,4,B0636,32000,32000,27.2,78,10,No,No,No,No,55,32000,41,98.8,7.6,Landlord direct
NRB00269,2026-01-05,Mon,Clay City,Kasarani,Nairobi,Affordable,Apartment,1 Bedroom,1,1,0,3,B0812,15000,18750,17.3,49,5,No,Yes,No,No,26,14500,17,92.1,5.4,Agency
NRB00270,2026-01-05,Mon,Syokimau,Athi River,Machakos,Family Friendly,Apartment,3 Bedroom,3,2,1,1,B0372,45000,45000,20.3,116,1,No,Yes,No,No,40,40500,27,98.4,7.6,Property manager
NRB00271,2026-01-05,Mon,OJ Membley,Ruiru,Kiambu,Affordable,Apartment,2 Bedroom,2,2,1,4,B0959,50000,100000,14.6,79,3,No,Yes,Yes,Yes,39,46000,2,86.3,9.2,Agency
NRB00272,2026-01-05,Mon,Kihunguro,Ruiru,Kiambu,Family Friendly,Apartment,2 Bedroom,2,2,1,4,B0457,33000,33000,25.7,63,3,No,Yes,No,No,58,32000,4,95.7,8.3,Landlord direct
NRB00273,2026-01-05,Mon,OJ Membley,Ruiru,Kiambu,Affordable,Apartment,2 Bedroom,2,2,1,3,B0959,45000,90000,15.0,78,2,No,Yes,Yes,No,60,45000,40,96.9,8.6,Landlord direct
NRB00274,2026-01-05,Mon,Clay City,Kasarani,Nairobi,Affordable,Apartment,2 Bedroom,2,1,1,4,B0812,21000,21000,15.8,79,16,No,No,No,Yes,55,21000,8,95.9,5.6,Agency
NRB00275,2026-01-05,Mon,OJ Membley,Ruiru,Kiambu,Affordable,Apartment,1 Bedroom,1,1,0,3,B0698,18000,22500,15.3,44,3,No,No,No,No,49,16000,5,82.2,7.2,Property manager
NRB00276,2026-01-05,Mon,Kilimani,Westlands,Nairobi,Affordable,Apartment,2 Bedroom,2,2,2,4,B0677,120000,120000,4.6,89,8,Yes,Yes,Yes,Yes,36,117500,19,62.5,9.3,Property manager
NRB00277,2026-01-05,Mon,Kilimani,Westlands,Nairobi,Affordable,Apartment,2 Bedroom,2,2,1,3,B0677,90000,90000,4.9,82,7,No,Yes,No,No,51,90500,11,91.6,8.1,Property manager
NRB00278,2026-01-05,Mon,OJ Membley,Ruiru,Kiambu,Affordable,Apartment,2 Bedroom,2,1,1,4,B0698,25000,25000,15.3,76,3,No,No,No,Yes,37,24500,85,88.9,6.6,Property manager
NRB00279,2026-01-05,Mon,Kilimani,Westlands,Nairobi,Affordable,Apartment,1 Bedroom,1,1,1,2,B0677,75000,75000,4.3,38,6,No,Yes,Yes,No,50,67500,148,83.8,6.1,Agency
NRB00280,2026-01-05,Mon,Kilimani,Westlands,Nairobi,Affordable,Apartment,1 Bedroom,1,1,1,2,B0677,70000,70000,3.9,64,5,No,Yes,No,No,42,65500,7,91.3,6.7,Agency
NRB00281,2026-01-05,Mon,OJ Membley,Ruiru,Kiambu,Family Friendly,Apartment,2 Bedroom,2,1,0,3,B0415,22000,22000,14.8,81,4,No,No,No,Yes,69,19500,6,80.5,8.9,Agency
NRB00282,2026-01-05,Mon,Kimbo,Ruiru,Kiambu,Student Friendly,Apartment,1 Bedroom,1,1,1,1,B0361,18000,18000,38.5,43,7,No,Yes,No,No,58,17500,18,84.7,5.6,Landlord direct
NRB00283,2026-01-05,Mon,OJ Membley,Ruiru,Kiambu,Family Friendly,Apartment,2 Bedroom,2,1,0,2,B0415,23000,23000,15.4,84,20,No,No,No,No,56,21000,30,83.6,8.7,Landlord direct
NRB00284,2026-01-05,Mon,Kihunguro,Ruiru,Kiambu,Affordable,Apartment,1 Bedroom,1,1,0,5,B0473,23000,23000,24.9,42,1,No,Yes,No,No,48,20500,7,81.7,9.7,Landlord direct
NRB00285,2026-01-05,Mon,Kihunguro,Ruiru,Kiambu,Family Friendly,Apartment,2 Bedroom,2,1,1,4,B0358,28000,28000,24.4,83,9,No,Yes,No,No,38,26500,54,73.5,6.7,Agency
NRB00286,2026-01-05,Mon,OJ Membley,Ruiru,Kiambu,Family Friendly,Apartment,2 Bedroom,2,2,1,4,B0254,35000,35000,15.4,83,1,No,No,No,Yes,53,32500,7,82.8,8.8,Landlord direct
NRB00287,2026-01-05,Mon,Kihunguro,Ruiru,Kiambu,Family Friendly,Apartment,2 Bedroom,2,2,1,1,B0450,35000,35000,25.7,82,12,No,Yes,No,No,61,35000,10,97.3,7.8,Agency
NRB00288,2026-01-05,Mon,Matangi,Ruiru,Kiambu,Family Friendly,Apartment,2 Bedroom,2,1,1,1,B0302,15000,15000,36.3,71,5,No,Yes,No,No,43,15000,31,85.5,6.7,Property manager
NRB00289,2026-01-05,Mon,OJ Membley,Ruiru,Kiambu,Family Friendly,Apartment,2 Bedroom,2,3,0,3,B0815,32000,32000,15.8,87,3,No,No,No,Yes,68,29000,10,85.4,4.6,Agency
NRB00290,2026-01-05,Mon,Utawala,Embakasi,Nairobi,Affordable,Apartment,1 Bedroom,1,1,1,3,B0395,20000,20000,21.2,44,7,No,Yes,No,Yes,34,19000,31,94.6,7.0,Landlord direct
NRB00291,2026-01-05,Mon,Uthiru,Kikuyu,Kiambu,Family Friendly,Apartment,2 Bedroom,2,1,1,2,B0853,26000,26000,15.1,75,9,No,Yes,No,No,52,24000,15,76.0,8.1,Agency
NRB00292,2026-01-05,Mon,South C,Langata,Nairobi,Mid-Range,Apartment,3 Bedroom,3,3,1,5,B0364,85000,85000,5.1,112,9,Yes,No,Yes,Yes,41,85000,59,85.5,9.8,Landlord direct
NRB00293,2026-01-05,Mon,Utawala,Embakasi,Nairobi,Affordable,Apartment,1 Bedroom,1,1,1,3,B0395,23000,23000,21.2,42,6,No,Yes,Yes,No,48,23000,7,93.1,9.8,Landlord direct
NRB00294,2026-01-05,Mon,Utawala,Embakasi,Nairobi,Affordable,Apartment,1 Bedroom,1,1,1,3,B0946,27000,27000,21.4,37,3,No,Yes,No,Yes,52,27000,83,92.8,9.2,Agency
NRB00295,2026-01-05,Mon,Utawala,Embakasi,Nairobi,Affordable,Apartment,1 Bedroom,1,1,1,0,B0946,20000,20000,21.4,40,6,No,Yes,No,No,53,19500,16,93.3,5.8,Landlord direct
NRB00296,2026-01-05,Mon,OJ Membley,Ruiru,Kiambu,Affordable,Apartment,2 Bedroom,2,2,1,2,B0959,45000,90000,15.9,82,3,No,Yes,No,Yes,53,41000,14,89.4,7.5,Landlord direct
NRB00297,2026-01-05,Mon,Utawala,Embakasi,Nairobi,Affordable,Apartment,1 Bedroom,1,1,1,3,B0946,25000,25000,21.9,51,3,No,Yes,No,Yes,55,25000,22,64.0,6.3,Property manager
NRB00298,2026-01-05,Mon,Utawala,Embakasi,Nairobi,Affordable,Apartment,2 Bedroom,2,1,1,3,B0395,30000,30000,20.8,67,20,No,No,No,No,54,30000,5,83.2,7.6,Agency
NRB00299,2026-01-05,Mon,Kasarani,Kasarani,Nairobi,Student Friendly,Apartment,1 Bedroom,1,1,0,2,B0369,17000,21250,15.6,48,10,No,Yes,No,Yes,62,15500,32,79.4,8.7,Property manager
NRB00300,2026-01-05,Mon,South C,Langata,Nairobi,Mid-Range,Apartment,3 Bedroom,3,2,1,9,B0364,65000,65000,4.5,110,14,Yes,Yes,Yes,No,44,64500,1,95.0,6.4,Landlord direct
NRB00301,2026-01-05,Mon,Utawala,Embakasi,Nairobi,Affordable,Apartment,2 Bedroom,2,1,1,3,B0946,40000,40000,20.8,63,4,No,No,No,No,47,38000,46,66.9,9.7,Landlord direct
NRB00302,2026-01-05,Mon,Matangi,Ruiru,Kiambu,Family Friendly,Apartment,2 Bedroom,2,1,1,2,B0501,17000,17000,36.8,75,11,No,No,No,Yes,60,16500,61,85.9,7.7,Agency
NRB00303,2026-01-06,Tue,Ndenderu,Kiambaa,Kiambu,Family Friendly,Mixed Development,2 Bedroom,2,2,1,1,B0269,35000,35000,16.4,76,4,No,Yes,Yes,No,36,33500,20,99.6,7.8,Agency
NRB00304,2026-01-06,Tue,Githurai 45,Kasarani,Nairobi,Affordable,Apartment,2 Bedroom,2,2,1,1,B0305,35000,35000,18.7,80,3,No,Yes,Yes,Yes,50,33500,17,81.9,6.7,Agency
NRB00305,2026-01-06,Tue,Githurai 45,Kasarani,Nairobi,Affordable,Apartment,Studio / Bedsitter,0,1,1,2,B0305,16000,16000,18.7,18,17,No,Yes,No,No,51,15500,16,71.0,8.0,Agency
NRB00306,2026-01-06,Tue,Githurai 45,Kasarani,Nairobi,Affordable,Apartment,1 Bedroom,1,1,1,1,B0305,23000,23000,18.8,34,5,No,Yes,Yes,Yes,37,22500,73,92.4,9.1,Landlord direct
NRB00307,2026-01-06,Tue,Utawala,Embakasi,Nairobi,Family Friendly,Apartment,2 Bedroom,2,2,1,2,B0528,35000,35000,20.7,81,6,No,Yes,No,No,46,31500,22,88.2,9.6,Agency
NRB00308,2026-01-06,Tue,Githurai 45,Kasarani,Nairobi,Student Friendly,Apartment,1 Bedroom,1,1,1,1,B0824,12000,12000,17.6,46,10,No,No,No,Yes,43,12000,24,84.4,9.4,Property manager
NRB00309,2026-01-06,Tue,Githurai 45,Kasarani,Nairobi,Affordable,Apartment,2 Bedroom,2,2,1,1,B0305,33000,33000,18.2,63,11,No,Yes,No,No,68,29500,11,92.0,8.8,Property manager
NRB00310,2026-01-06,Tue,Mwihoko,Ruiru,Kiambu,Family Friendly,Apartment,2 Bedroom,2,1,1,1,B0950,40000,50000,30.9,61,2,Yes,No,Yes,No,62,37000,35,79.9,6.1,Landlord direct
NRB00311,2026-01-06,Tue,Ruai,Embakasi,Nairobi,Family Friendly,Apartment,2 Bedroom,2,1,0,1,B0224,15000,15000,19.9,74,5,No,No,No,Yes,38,15000,13,98.5,8.4,Agency
NRB00312,2026-01-06,Tue,Kihunguro,Ruiru,Kiambu,Affordable,Apartment,1 Bedroom,1,1,1,2,B0634,23000,23000,24.2,43,1,No,Yes,No,Yes,61,23000,4,92.7,8.0,Property manager
NRB00313,2026-01-06,Tue,Ndenderu,Kiambaa,Kiambu,Family Friendly,Mixed Development,2 Bedroom,2,2,1,1,B0269,30000,30000,17.1,70,4,No,Yes,No,Yes,52,30000,6,78.3,8.1,Property manager
NRB00314,2026-01-06,Tue,Githurai 45,Kasarani,Nairobi,Affordable,Apartment,Studio / Bedsitter,0,1,0,2,B0544,12000,15000,18.6,19,3,No,Yes,No,Yes,33,11000,6,74.0,7.6,Agency
NRB00315,2026-01-06,Tue,Githurai 45,Kasarani,Nairobi,Affordable,Apartment,2 Bedroom,2,1,1,3,B0544,18000,18000,17.9,82,8,No,No,No,No,46,18000,21,90.9,8.2,Property manager
NRB00316,2026-01-06,Tue,OJ Membley,Ruiru,Kiambu,Student Friendly,Apartment,1 Bedroom,1,1,1,5,B0557,20000,20000,15.5,38,11,No,Yes,No,No,45,20000,8,93.6,6.6,Agency
NRB00317,2026-01-06,Tue,Kasarani,Kasarani,Nairobi,Student Friendly,Apartment,1 Bedroom,1,1,1,2,B0717,15000,15000,14.6,45,4,No,No,No,Yes,48,15000,12,72.9,6.0,Landlord direct
NRB00318,2026-01-06,Tue,Car Wash,Kasarani,Nairobi,Student Friendly,Apartment,1 Bedroom,1,1,0,3,B0265,16000,16000,16.6,46,10,No,No,No,Yes,45,15000,16,98.1,9.3,Agency
NRB00319,2026-01-06,Tue,Utawala,Embakasi,Nairobi,Family Friendly,Apartment,2 Bedroom,2,2,1,3,B0567,30000,30000,21.1,56,7,No,Yes,No,Yes,42,27000,15,93.5,8.6,Agency
NRB00320,2026-01-06,Tue,OJ Membley,Ruiru,Kiambu,Affordable,Apartment,1 Bedroom,1,1,1,11,B0404,27000,27000,15.7,44,1,No,Yes,No,Yes,42,27000,5,85.4,8.2,Landlord direct
NRB00321,2026-01-06,Tue,Ongata Rongai,Kajiado North,Kajiado,Affordable,Apartment,2 Bedroom,2,2,0,4,B0907,30000,30000,19.6,81,9,No,Yes,No,Yes,40,29500,77,90.3,6.4,Agency
NRB00322,2026-01-06,Tue,OJ Membley,Ruiru,Kiambu,Affordable,Apartment,2 Bedroom,2,2,1,6,B0404,33000,33000,15.8,67,6,No,No,No,Yes,53,29500,24,86.6,7.9,Landlord direct
NRB00323,2026-01-06,Tue,Ongata Rongai,Kajiado North,Kajiado,Affordable,Apartment,2 Bedroom,2,2,0,1,B0907,30000,30000,18.6,89,3,No,Yes,No,Yes,59,29000,11,92.4,8.7,Property manager
NRB00324,2026-01-06,Tue,Ongata Rongai,Kajiado North,Kajiado,Affordable,Apartment,2 Bedroom,2,2,0,3,B0907,30000,30000,18.5,85,12,No,No,Yes,No,58,30000,5,92.8,8.4,Property manager
NRB00325,2026-01-06,Tue,Ongata Rongai,Kajiado North,Kajiado,Affordable,Apartment,2 Bedroom,2,2,0,3,B0907,30000,30000,18.6,84,8,No,Yes,No,Yes,42,30000,21,88.7,6.2,Property manager
NRB00326,2026-01-06,Tue,Ongata Rongai,Kajiado North,Kajiado,Affordable,Apartment,2 Bedroom,2,2,0,3,B0907,30000,30000,17.8,77,4,No,Yes,No,No,58,29500,15,99.2,7.7,Agency
NRB00327,2026-01-06,Tue,Ongata Rongai,Kajiado North,Kajiado,Affordable,Apartment,2 Bedroom,2,2,0,3,B0907,30000,30000,17.7,84,1,No,Yes,No,Yes,45,28000,40,80.3,7.2,Property manager
NRB00328,2026-01-06,Tue,Ongata Rongai,Kajiado North,Kajiado,Affordable,Apartment,2 Bedroom,2,2,0,2,B0907,30000,30000,18.4,63,1,No,No,Yes,Yes,43,28500,3,73.5,9.0,Agency
NRB00329,2026-01-06,Tue,Ongata Rongai,Kajiado North,Kajiado,Affordable,Apartment,2 Bedroom,2,2,0,4,B0907,30000,30000,19.0,76,3,No,Yes,No,Yes,51,30000,40,95.1,9.2,Agency
NRB00330,2026-01-06,Tue,Uthiru,Kikuyu,Kiambu,Family Friendly,Apartment,2 Bedroom,2,2,1,2,B0668,55000,55000,15.0,58,3,No,Yes,Yes,No,37,49500,199,90.1,6.3,Landlord direct
NRB00331,2026-01-06,Tue,Githurai 45,Kasarani,Nairobi,Family Friendly,Apartment,2 Bedroom,2,1,1,2,B0917,14000,14000,17.9,73,10,No,No,Yes,Yes,45,14000,9,89.3,8.6,Property manager
NRB00332,2026-01-06,Tue,Fedha,Embakasi,Nairobi,Student Friendly,Apartment,Studio / Bedsitter,0,1,0,2,B0345,13000,13000,11.9,21,7,No,No,No,Yes,25,12500,8,88.2,8.3,Property manager
NRB00333,2026-01-06,Tue,Utawala,Embakasi,Nairobi,Affordable,Apartment,1 Bedroom,1,1,1,0,B0243,17000,17000,19.8,37,13,No,Yes,No,No,56,15500,18,96.8,8.7,Agency
NRB00334,2026-01-06,Tue,Ngong Road,Langata,Nairobi,Family Friendly,Apartment,2 Bedroom,2,1,1,2,B0789,48000,48000,9.1,64,5,No,Yes,No,Yes,60,48000,16,96.0,8.5,Landlord direct
NRB00335,2026-01-06,Tue,Maji Mazuri,Kasarani,Nairobi,Affordable,Apartment,1 Bedroom,1,1,1,3,B0282,13000,13000,17.5,49,5,No,No,No,No,47,13000,39,88.4,6.5,Agency
NRB00336,2026-01-06,Tue,Uthiru,Kikuyu,Kiambu,Affordable,Apartment,2 Bedroom,2,2,1,2,B0417,35000,35000,14.2,64,9,No,Yes,No,Yes,47,35000,7,71.0,7.8,Agency
NRB00337,2026-01-06,Tue,Uthiru,Kikuyu,Kiambu,Affordable,Apartment,1 Bedroom,1,1,1,6,B0417,30000,30000,15.1,42,4,No,Yes,No,No,48,27500,158,95.3,8.2,Agency
NRB00338,2026-01-06,Tue,Githurai 45,Kasarani,Nairobi,Affordable,Apartment,Studio / Bedsitter,0,1,1,2,B0305,15000,15000,18.5,23,4,No,No,No,Yes,40,13500,12,70.9,8.1,Landlord direct
NRB00339,2026-01-06,Tue,Ongata Rongai,Kajiado North,Kajiado,Affordable,Apartment,2 Bedroom,2,2,0,3,B0907,30000,30000,17.7,84,4,Yes,Yes,No,Yes,54,28500,6,84.2,8.6,Agency
NRB00340,2026-01-06,Tue,Kimbo,Ruiru,Kiambu,Family Friendly,Apartment,2 Bedroom,2,3,0,4,B0422,30000,30000,39.1,94,4,No,Yes,No,Yes,69,28000,47,91.4,8.2,Landlord direct
NRB00341,2026-01-06,Tue,Ongata Rongai,Kajiado North,Kajiado,Affordable,Apartment,1 Bedroom,1,1,0,4,B0907,20000,20000,18.1,44,4,No,Yes,No,No,33,20000,7,96.1,9.5,Landlord direct
NRB00342,2026-01-06,Tue,Githurai 45,Kasarani,Nairobi,Student Friendly,Apartment,1 Bedroom,1,1,1,2,B0553,12000,12000,17.8,39,2,No,No,No,Yes,45,11000,12,77.0,3.3,Agency
NRB00343,2026-01-06,Tue,OJ Membley,Ruiru,Kiambu,Affordable,Apartment,1 Bedroom,1,1,1,3,B0401,24000,24000,14.0,55,5,No,Yes,No,Yes,48,23000,34,99.7,9.4,Agency
NRB00344,2026-01-06,Tue,Clay City,Kasarani,Nairobi,Mid-Range,Apartment,2 Bedroom,2,2,1,7,B0769,35000,35000,17.0,73,17,No,No,Yes,No,59,31500,20,84.8,9.0,Property manager
NRB00345,2026-01-06,Tue,Kamiti Road,Kasarani,Nairobi,Family Friendly,Apartment,2 Bedroom,2,2,1,3,B0867,35000,35000,17.6,78,4,No,Yes,No,Yes,72,35000,85,93.2,9.1,Landlord direct
NRB00346,2026-01-06,Tue,Clay City,Kasarani,Nairobi,Mid-Range,Apartment,1 Bedroom,1,1,1,3,B0769,25000,25000,15.9,35,24,No,Yes,No,Yes,35,24000,8,73.5,7.4,Agency
NRB00347,2026-01-06,Tue,Kamiti Road,Kasarani,Nairobi,Affordable,Apartment,1 Bedroom,1,1,1,2,B0954,30000,30000,18.6,50,6,No,Yes,No,Yes,36,29000,31,73.2,8.9,Landlord direct
NRB00348,2026-01-06,Tue,Thindigua,Kiambaa,Kiambu,Family Friendly,Apartment,2 Bedroom,2,1,1,2,B0896,35000,35000,12.7,84,9,No,Yes,No,Yes,69,34000,1,80.3,8.2,Landlord direct
NRB00349,2026-01-06,Tue,Kamiti Road,Kasarani,Nairobi,Family Friendly,Apartment,2 Bedroom,2,2,2,1,B0928,40000,40000,18.5,61,4,No,Yes,No,No,47,40000,14,98.3,6.5,Agency
NRB00350,2026-01-06,Tue,Kamiti Road,Kasarani,Nairobi,Mid-Range,Apartment,2 Bedroom,2,2,1,1,B0572,50000,100000,18.1,64,3,Yes,Yes,Yes,Yes,51,45500,32,97.9,7.2,Agency
NRB00351,2026-01-06,Tue,Kamakis,Ruiru,Kiambu,Family Friendly,Apartment,2 Bedroom,2,2,1,7,B0845,30000,30000,27.8,62,10,No,Yes,No,Yes,45,27500,75,94.9,8.3,Agency
NRB00352,2026-01-06,Tue,Ruaka,Kiambaa,Kiambu,Family Friendly,Apartment,2 Bedroom,2,2,2,0,B0644,75000,150000,12.0,74,15,Yes,Yes,Yes,No,53,71000,76,88.0,7.6,Agency
NRB00353,2026-01-06,Tue,Kahawa Wendani,Ruiru,Kiambu,Mid-Range,Apartment,1 Bedroom,1,1,1,5,B0874,27000,27000,21.3,40,16,No,Yes,No,No,39,26000,2,91.6,7.5,Landlord direct
NRB00354,2026-01-06,Tue,Kamiti Road,Kasarani,Nairobi,Mid-Range,Apartment,3 Bedroom,3,2,1,0,B0572,60000,120000,17.9,123,15,No,Yes,No,Yes,61,54000,69,75.9,8.8,Agency
NRB00355,2026-01-06,Tue,Kamakis,Ruiru,Kiambu,Mid-Range,Apartment,Studio / Bedsitter,0,1,0,5,B0709,15000,15000,27.5,18,9,No,Yes,No,Yes,47,13500,24,87.0,4.5,Landlord direct
NRB00356,2026-01-06,Tue,Thindigua,Kiambaa,Kiambu,Family Friendly,Apartment,2 Bedroom,2,2,1,6,B0425,50000,100000,11.7,67,9,No,Yes,No,Yes,48,47500,145,96.7,6.9,Agency
NRB00357,2026-01-06,Tue,Kamiti Road,Kasarani,Nairobi,Family Friendly,Apartment,2 Bedroom,2,2,1,4,B0541,55000,110000,17.9,72,1,No,Yes,No,No,49,55000,17,87.5,7.4,Agency
NRB00358,2026-01-06,Tue,Thindigua,Kiambaa,Kiambu,Family Friendly,Apartment,2 Bedroom,2,2,1,3,B0510,55000,110000,12.7,72,2,No,Yes,No,No,57,55000,4,79.3,9.1,Agency
NRB00359,2026-01-06,Tue,Githurai 45,Kasarani,Nairobi,Student Friendly,Apartment,1 Bedroom,1,1,1,3,B0553,13000,13000,17.9,42,12,No,No,No,No,46,12000,20,81.5,8.8,Agency
NRB00360,2026-01-06,Tue,OJ Membley,Ruiru,Kiambu,Affordable,Apartment,2 Bedroom,2,2,1,8,B0401,34000,34000,15.3,93,6,No,Yes,No,Yes,68,33000,24,76.1,5.7,Property manager
NRB00361,2026-01-06,Tue,Ruaka,Kiambaa,Kiambu,Family Friendly,Apartment,2 Bedroom,2,2,1,1,B0587,43000,43000,11.6,77,7,No,Yes,No,No,35,41000,62,79.1,8.3,Landlord direct
NRB00362,2026-01-06,Tue,Ngong Road,Langata,Nairobi,Family Friendly,Apartment,3 Bedroom,3,2,1,5,B0471,75000,75000,9.1,116,5,No,Yes,No,Yes,64,74000,10,97.9,5.6,Landlord direct
NRB00363,2026-01-06,Tue,Ruaka,Kiambaa,Kiambu,Mid-Range,Apartment,2 Bedroom,2,2,1,7,B0660,50000,100000,12.0,74,11,No,Yes,No,Yes,49,48000,8,90.8,6.7,Agency
NRB00364,2026-01-06,Tue,Githurai 45,Kasarani,Nairobi,Student Friendly,Apartment,1 Bedroom,1,1,1,5,B0553,13000,13000,17.7,61,11,No,No,Yes,Yes,69,12000,5,92.3,7.7,Property manager
NRB00365,2026-01-06,Tue,Uthiru,Kikuyu,Kiambu,Family Friendly,Apartment,2 Bedroom,2,2,1,3,B0641,39000,48750,14.7,65,9,Yes,Yes,No,No,57,39000,5,54.1,6.9,Landlord direct
NRB00366,2026-01-06,Tue,Syokimau,Athi River,Machakos,Affordable,Apartment,1 Bedroom,1,1,1,1,B0856,17500,17500,20.3,40,4,No,No,No,Yes,54,15500,17,81.1,9.6,Agency
NRB00367,2026-01-06,Tue,"Gwa Kairu, Ruiru",Ruiru,Kiambu,Mid-Range,Apartment,1 Bedroom,1,1,1,1,B0718,22000,22000,30.3,44,3,No,Yes,No,Yes,66,21000,14,87.5,8.0,Landlord direct
NRB00368,2026-01-06,Tue,Clay City,Kasarani,Nairobi,Student Friendly,Apartment,1 Bedroom,1,1,1,1,B0594,14000,14000,17.2,38,10,No,No,No,Yes,53,14000,9,80.6,8.0,Agency
NRB00369,2026-01-06,Tue,"Gwa Kairu, Ruiru",Ruiru,Kiambu,Mid-Range,Apartment,1 Bedroom,1,1,1,2,B0718,22000,22000,30.1,49,2,No,No,No,Yes,43,22000,35,86.0,9.2,Landlord direct
NRB00370,2026-01-06,Tue,"Gwa Kairu, Ruiru",Ruiru,Kiambu,Mid-Range,Apartment,1 Bedroom,1,1,1,1,B0718,22000,22000,29.7,39,12,Yes,No,No,No,61,20500,10,81.7,8.2,Agency
NRB00371,2026-01-06,Tue,OJ Membley,Ruiru,Kiambu,Family Friendly,Apartment,2 Bedroom,2,2,1,3,B0956,32000,32000,15.8,76,8,No,Yes,No,No,54,30500,59,91.2,8.6,Landlord direct
NRB00372,2026-01-06,Tue,Witeithie,Thika,Kiambu,Student Friendly,Apartment,1 Bedroom,1,1,0,4,B0452,9000,9000,46.7,44,27,No,No,No,No,57,8500,87,97.4,7.8,Agency
NRB00373,2026-01-06,Tue,Ruaka,Kiambaa,Kiambu,Family Friendly,Apartment,3 Bedroom,3,2,1,4,B0710,65000,65000,12.5,107,4,No,Yes,Yes,Yes,54,59500,2,88.3,8.4,Property manager
NRB00374,2026-01-06,Tue,Ruaka,Kiambaa,Kiambu,Affordable,Apartment,1 Bedroom,1,1,1,2,B0592,38000,38000,11.7,51,8,No,Yes,Yes,Yes,43,36000,31,83.3,8.6,Landlord direct
NRB00375,2026-01-06,Tue,Kiserian,Kajiado North,Kajiado,Family Friendly,Houses,3 Bedroom,3,3,0,0,B0300,43500,43500,28.1,133,3,No,Yes,No,Yes,39,43000,14,89.9,7.0,Agency
NRB00376,2026-01-06,Tue,Tassia,Embakasi,Nairobi,Family Friendly,Apartment,2 Bedroom,2,1,1,2,B0864,35000,35000,11.3,78,6,No,No,No,Yes,57,32000,28,99.5,4.8,Landlord direct
NRB00377,2026-01-06,Tue,Thindigua,Kiambaa,Kiambu,Family Friendly,Apartment,2 Bedroom,2,2,1,2,B0640,55000,55000,11.0,68,4,No,Yes,No,Yes,27,54500,39,84.9,7.0,Property manager
NRB00378,2026-01-06,Tue,Juja,Juja,Kiambu,Student Friendly,Apartment,1 Bedroom,1,1,1,7,B0695,17000,17000,48.8,46,0,No,Yes,No,Yes,50,16500,22,96.6,7.4,Agency
NRB00379,2026-01-06,Tue,Ruaka,Kiambaa,Kiambu,Affordable,Apartment,2 Bedroom,2,2,1,2,B0592,55000,55000,12.0,71,7,Yes,Yes,No,Yes,25,55000,40,92.4,7.0,Agency
NRB00380,2026-01-06,Tue,Fedha,Embakasi,Nairobi,Affordable,Apartment,2 Bedroom,2,1,1,5,B0482,27000,27000,12.0,77,3,No,Yes,No,No,52,24000,48,87.8,9.5,Landlord direct
NRB00381,2026-01-06,Tue,Ruaka,Kiambaa,Kiambu,Mid-Range,Apartment,2 Bedroom,2,2,1,5,B0660,55000,110000,11.3,71,5,Yes,Yes,No,No,63,52500,16,85.7,4.9,Agency
NRB00382,2026-01-06,Tue,Witeithie,Thika,Kiambu,Student Friendly,Apartment,1 Bedroom,1,1,0,0,B0850,8000,8000,46.7,46,15,No,No,No,Yes,74,8000,17,98.8,7.8,Landlord direct
NRB00383,2026-01-07,Wed,Utawala,Embakasi,Nairobi,Family Friendly,Apartment,2 Bedroom,2,2,0,2,B0862,35000,35000,21.1,60,3,Yes,Yes,No,Yes,47,33500,49,95.6,6.8,Landlord direct
NRB00384,2026-01-07,Wed,Car Wash,Kasarani,Nairobi,Student Friendly,Apartment,Studio / Bedsitter,0,1,0,1,B0266,8900,8900,16.7,26,10,No,No,No,Yes,36,8500,3,86.4,6.7,Landlord direct
NRB00385,2026-01-07,Wed,Juja,Juja,Kiambu,Family Friendly,Apartment,2 Bedroom,2,1,1,0,B0618,22000,22000,49.9,73,7,No,No,No,No,56,22000,11,92.5,6.0,Agency
NRB00386,2026-01-07,Wed,Thindigua,Kiambaa,Kiambu,Mid-Range,Apartment,3 Bedroom,3,2,2,3,B0514,55000,110000,12.5,104,4,No,Yes,Yes,Yes,44,55000,42,98.5,6.6,Property manager
NRB00387,2026-01-07,Wed,Kitambaa,Ruiru,Kiambu,Mid-Range,Apartment,2 Bedroom,2,1,1,2,B0390,23000,23000,17.7,75,3,No,No,No,Yes,39,22000,8,88.8,6.4,Landlord direct
NRB00388,2026-01-07,Wed,Thindigua,Kiambaa,Kiambu,Mid-Range,Apartment,2 Bedroom,2,2,2,2,B0514,50000,100000,12.4,60,15,No,Yes,No,Yes,55,47000,56,87.6,9.5,Landlord direct
NRB00389,2026-01-07,Wed,Parklands,Westlands,Nairobi,Luxury,Apartment,5 Bedroom,5,4,2,5,B0759,155000,155000,3.3,184,6,No,Yes,Yes,Yes,66,155000,30,99.0,8.8,Agency
NRB00390,2026-01-07,Wed,Parklands,Westlands,Nairobi,Luxury,Apartment,4 Bedroom,4,3,2,6,B0758,120000,120000,4.7,164,2,No,Yes,Yes,Yes,52,106500,29,86.5,9.5,Property manager
NRB00391,2026-01-07,Wed,Utawala,Embakasi,Nairobi,Family Friendly,Apartment,2 Bedroom,2,2,1,3,B0862,30000,30000,20.7,62,6,No,Yes,No,Yes,54,26500,3,91.2,8.0,Agency
NRB00392,2026-01-07,Wed,Parklands,Westlands,Nairobi,Luxury,Apartment,3 Bedroom,3,2,1,2,B0759,115000,115000,4.2,127,14,No,Yes,Yes,Yes,32,110500,49,97.6,4.7,Agency
NRB00393,2026-01-07,Wed,Donholm,Embakasi,Nairobi,Family Friendly,Apartment,2 Bedroom,2,2,1,3,B0320,30000,30000,11.3,73,10,No,Yes,No,No,57,29500,91,69.2,7.0,Agency
NRB00394,2026-01-07,Wed,Gitaru,Kabete,Kiambu,Family Friendly,Apartment,2 Bedroom,2,2,1,4,B0428,38000,38000,22.5,67,6,No,No,No,Yes,56,35500,54,90.5,6.9,Landlord direct
NRB00395,2026-01-07,Wed,Kitambaa,Ruiru,Kiambu,Mid-Range,Apartment,1 Bedroom,1,1,1,3,B0390,17000,17000,17.1,36,3,No,Yes,No,No,47,15500,21,97.6,8.5,Agency
NRB00396,2026-01-07,Wed,Syokimau,Athi River,Machakos,Family Friendly,Apartment,2 Bedroom,2,2,1,2,B0497,36000,36000,19.5,80,5,No,No,No,No,43,36500,62,94.1,6.8,Agency
NRB00397,2026-01-07,Wed,Kitambaa,Ruiru,Kiambu,Mid-Range,Apartment,2 Bedroom,2,1,1,2,B0390,21000,21000,18.2,67,3,No,Yes,No,Yes,48,19000,20,66.5,9.2,Agency
NRB00398,2026-01-07,Wed,Syokimau,Athi River,Machakos,Family Friendly,Apartment,2 Bedroom,2,2,1,2,B0497,36000,36000,19.7,79,2,No,Yes,No,No,55,32500,6,86.6,6.0,Property manager
NRB00399,2026-01-07,Wed,South C,Langata,Nairobi,Mid-Range,Apartment,3 Bedroom,3,2,1,0,B0843,100000,200000,4.7,109,1,Yes,Yes,Yes,Yes,42,89000,1,85.6,8.7,Landlord direct
NRB00400,2026-01-07,Wed,South C,Langata,Nairobi,Mid-Range,Apartment,2 Bedroom,2,2,1,1,B0843,70000,140000,4.5,78,2,No,Yes,No,Yes,64,65000,3,93.8,9.0,Property manager
NRB00401,2026-01-07,Wed,South C,Langata,Nairobi,Mid-Range,Apartment,1 Bedroom,1,1,1,0,B0843,60000,120000,5.1,34,14,No,Yes,No,Yes,44,60000,2,90.8,8.1,Landlord direct
NRB00402,2026-01-07,Wed,Wanyee,Dagoretti,Nairobi,Affordable,Apartment,2 Bedroom,2,1,1,1,B0854,38000,76000,9.9,84,1,No,Yes,No,Yes,49,38000,47,68.2,6.4,Landlord direct
NRB00403,2026-01-07,Wed,Wanyee,Dagoretti,Nairobi,Affordable,Apartment,1 Bedroom,1,1,0,1,B0854,35000,35000,10.3,56,2,No,Yes,No,Yes,36,31000,109,79.6,6.5,Agency
NRB00404,2026-01-07,Wed,Sosian,Embakasi,Nairobi,Family Friendly,Apartment,3 Bedroom,3,2,1,0,B0304,45000,45000,4.4,123,3,No,Yes,No,Yes,51,43500,12,96.1,8.0,Agency
NRB00405,2026-01-07,Wed,South C,Langata,Nairobi,Mid-Range,Apartment,3 Bedroom,3,2,0,10,B0664,70000,70000,4.5,118,10,No,Yes,No,No,32,67000,53,93.7,6.7,Agency
NRB00406,2026-01-07,Wed,Wanyee,Dagoretti,Nairobi,Affordable,Apartment,2 Bedroom,2,1,1,1,B0854,38000,76000,9.6,64,13,No,Yes,No,Yes,40,38000,48,75.1,8.6,Agency
NRB00407,2026-01-07,Wed,Kenyatta Road,Juja,Kiambu,Family Friendly,Apartment,2 Bedroom,2,1,1,0,B0656,15000,15000,35.0,75,1,No,No,No,No,55,13500,9,72.5,6.3,Landlord direct
NRB00408,2026-01-07,Wed,Juja,Juja,Kiambu,Family Friendly,Apartment,2 Bedroom,2,2,1,3,B0869,28000,35000,49.7,79,4,No,Yes,Yes,No,64,28000,22,81.9,8.6,Landlord direct
NRB00409,2026-01-07,Wed,Kihunguro,Ruiru,Kiambu,Family Friendly,Apartment,2 Bedroom,2,2,1,2,B0433,35000,35000,24.2,79,3,No,Yes,No,No,59,35000,11,98.1,6.1,Agency
NRB00410,2026-01-07,Wed,Juja,Juja,Kiambu,Affordable,Apartment,1 Bedroom,1,1,0,5,B0597,14000,17500,49.7,52,4,No,No,No,No,65,14000,1,82.7,9.6,Landlord direct
NRB00411,2026-01-07,Wed,Juja,Juja,Kiambu,Family Friendly,Apartment,2 Bedroom,2,1,1,1,B0869,28000,35000,49.0,80,11,No,Yes,No,Yes,69,26500,6,97.1,8.0,Agency
NRB00412,2026-01-07,Wed,Kahawa Sukari,Ruiru,Kiambu,Mid-Range,Apartment,1 Bedroom,1,1,1,2,B0805,30000,30000,21.4,39,2,No,Yes,No,Yes,47,29000,111,95.4,8.4,Property manager
NRB00413,2026-01-07,Wed,Utawala,Embakasi,Nairobi,Family Friendly,Apartment,2 Bedroom,2,3,1,3,B0564,25000,25000,21.8,78,4,No,No,No,No,51,25000,13,88.8,7.0,Landlord direct
NRB00414,2026-01-08,Thu,Ongata Rongai,Kajiado North,Kajiado,Affordable,Apartment,1 Bedroom,1,1,0,6,B0909,16000,16000,18.7,43,6,No,No,No,Yes,52,16000,21,94.7,9.6,Agency
NRB00415,2026-01-08,Thu,Ongata Rongai,Kajiado North,Kajiado,Affordable,Apartment,1 Bedroom,1,1,0,3,B0909,16000,16000,18.0,42,6,No,No,No,Yes,31,16000,28,87.5,8.2,Landlord direct
NRB00416,2026-01-08,Thu,Thome,Kasarani,Nairobi,Family Friendly,Apartment,2 Bedroom,2,1,0,1,B0263,28000,28000,12.9,59,6,No,Yes,No,Yes,37,28000,141,92.3,6.7,Agency
NRB00417,2026-01-08,Thu,Ongata Rongai,Kajiado North,Kajiado,Affordable,Apartment,1 Bedroom,1,1,0,3,B0909,16000,16000,19.1,42,11,No,No,No,No,52,14500,27,94.4,4.8,Property manager
NRB00418,2026-01-08,Thu,Ongata Rongai,Kajiado North,Kajiado,Affordable,Apartment,1 Bedroom,1,1,0,5,B0909,16000,16000,19.1,45,8,No,No,No,Yes,73,16000,40,90.5,7.7,Agency
NRB00419,2026-01-08,Thu,Mirema,Kasarani,Nairobi,Affordable,Apartment,2 Bedroom,2,2,1,4,B0507,25000,25000,14.5,71,4,No,No,No,Yes,25,24000,23,96.9,7.7,Landlord direct
NRB00420,2026-01-08,Thu,Ongata Rongai,Kajiado North,Kajiado,Affordable,Apartment,1 Bedroom,1,1,0,5,B0909,16000,16000,17.9,45,13,No,Yes,No,No,54,16000,34,78.7,9.5,Property manager
NRB00421,2026-01-08,Thu,Mirema,Kasarani,Nairobi,Affordable,Apartment,1 Bedroom,1,1,1,4,B0507,14000,14000,15.6,47,1,No,Yes,No,Yes,53,13000,7,97.6,6.7,Agency
NRB00422,2026-01-08,Thu,Ongata Rongai,Kajiado North,Kajiado,Affordable,Apartment,Studio / Bedsitter,0,1,0,6,B0909,14000,14000,17.9,24,5,No,No,No,Yes,40,13500,5,59.8,8.9,Agency
NRB00423,2026-01-08,Thu,Ongata Rongai,Kajiado North,Kajiado,Affordable,Apartment,1 Bedroom,1,1,0,3,B0909,16000,16000,17.8,37,5,No,No,No,Yes,54,14500,19,77.4,7.7,Landlord direct
NRB00424,2026-01-08,Thu,Kahawa West,Kasarani,Nairobi,Family Friendly,Apartment,2 Bedroom,2,1,0,3,B0276,20000,20000,17.5,82,1,No,Yes,No,Yes,67,20000,2,95.4,9.7,Agency
NRB00425,2026-01-08,Thu,Ongata Rongai,Kajiado North,Kajiado,Affordable,Apartment,1 Bedroom,1,1,0,3,B0909,16000,16000,18.0,48,9,No,No,No,Yes,62,16000,12,90.6,8.2,Landlord direct
NRB00426,2026-01-08,Thu,Thome,Kasarani,Nairobi,Family Friendly,Apartment,2 Bedroom,2,2,1,5,B0262,55000,110000,12.7,75,16,Yes,Yes,No,No,40,55000,53,83.0,8.7,Property manager
NRB00427,2026-01-08,Thu,Ongata Rongai,Kajiado North,Kajiado,Affordable,Apartment,1 Bedroom,1,1,0,1,B0909,20000,20000,18.2,47,11,No,Yes,No,Yes,59,18500,8,94.8,7.6,Landlord direct
NRB00428,2026-01-08,Thu,Ongata Rongai,Kajiado North,Kajiado,Affordable,Apartment,1 Bedroom,1,1,0,3,B0909,16000,16000,19.0,38,8,No,No,No,Yes,48,15000,17,92.6,8.4,Agency
NRB00429,2026-01-08,Thu,Thome,Kasarani,Nairobi,Family Friendly,Apartment,2 Bedroom,2,1,1,1,B0285,27000,27000,13.0,77,0,No,Yes,No,Yes,59,24000,30,75.6,9.4,Landlord direct
NRB00430,2026-01-08,Thu,Thome,Kasarani,Nairobi,Family Friendly,Apartment,2 Bedroom,2,2,1,2,B0646,65000,195000,13.0,79,4,Yes,Yes,Yes,No,39,62000,10,93.0,9.7,Property manager
NRB00431,2026-01-08,Thu,Ruiru,Ruiru,Kiambu,Family Friendly,Apartment,2 Bedroom,2,2,1,3,B0859,25000,25000,28.6,78,15,No,No,No,No,67,23500,63,73.5,9.2,Landlord direct
NRB00432,2026-01-08,Thu,Ongata Rongai,Kajiado North,Kajiado,Affordable,Apartment,1 Bedroom,1,1,0,3,B0909,20000,20000,18.3,50,18,No,Yes,No,Yes,59,18000,24,99.7,8.8,Property manager
NRB00433,2026-01-08,Thu,Ongata Rongai,Kajiado North,Kajiado,Affordable,Apartment,1 Bedroom,1,1,0,4,B0909,20000,20000,17.8,39,12,No,Yes,No,No,51,20000,5,97.3,9.2,Property manager
NRB00434,2026-01-08,Thu,Juja,Juja,Kiambu,Affordable,Apartment,1 Bedroom,1,1,0,6,B0261,18000,18000,49.7,55,4,No,Yes,No,No,72,18000,52,97.8,8.0,Landlord direct
NRB00435,2026-01-08,Thu,Ongata Rongai,Kajiado North,Kajiado,Affordable,Apartment,1 Bedroom,1,1,0,3,B0909,20000,20000,18.1,39,8,No,No,No,Yes,48,19000,20,88.8,6.5,Agency
NRB00436,2026-01-08,Thu,Kasarani,Kasarani,Nairobi,Student Friendly,Apartment,Studio / Bedsitter,0,1,0,0,B0274,13000,16250,13.8,20,2,No,No,No,Yes,22,12000,12,98.4,8.1,Landlord direct
NRB00437,2026-01-08,Thu,Utawala,Embakasi,Nairobi,Affordable,Apartment,1 Bedroom,1,1,1,1,B0327,23000,23000,21.4,46,10,No,Yes,No,Yes,60,20500,41,98.1,9.4,Landlord direct
NRB00438,2026-01-08,Thu,Gitaru,Kabete,Kiambu,Family Friendly,Apartment,2 Bedroom,2,2,1,6,B0708,23000,23000,21.3,68,4,No,No,No,Yes,44,23500,7,95.1,8.2,Agency
NRB00439,2026-01-08,Thu,Ongata Rongai,Kajiado North,Kajiado,Affordable,Apartment,Studio / Bedsitter,0,1,0,6,B0909,14000,14000,19.1,22,8,No,No,No,No,38,14000,8,92.6,4.0,Agency
NRB00440,2026-01-08,Thu,Ongata Rongai,Kajiado North,Kajiado,Affordable,Apartment,1 Bedroom,1,1,0,1,B0909,16000,16000,18.8,36,7,No,Yes,No,Yes,57,16000,24,95.6,7.0,Property manager
NRB00441,2026-01-08,Thu,Donholm,Embakasi,Nairobi,Affordable,Apartment,2 Bedroom,2,2,1,1,B0249,30000,30000,11.4,77,11,No,Yes,No,Yes,61,30000,15,88.2,8.4,Landlord direct
NRB00442,2026-01-08,Thu,Ongata Rongai,Kajiado North,Kajiado,Affordable,Apartment,1 Bedroom,1,1,0,3,B0909,16000,16000,19.1,48,3,No,Yes,No,No,51,14500,41,93.2,4.8,Property manager
NRB00443,2026-01-08,Thu,Mirema,Kasarani,Nairobi,Family Friendly,Apartment,2 Bedroom,2,1,1,1,B0283,18000,18000,15.5,72,3,No,No,No,Yes,44,18000,5,93.2,7.7,Landlord direct
NRB00444,2026-01-08,Thu,Ruaka,Kiambaa,Kiambu,Affordable,Apartment,2 Bedroom,2,2,1,1,B0268,35000,35000,11.8,75,8,No,Yes,Yes,Yes,43,33000,19,95.1,9.4,Property manager
NRB00445,2026-01-08,Thu,Syokimau,Athi River,Machakos,Family Friendly,Apartment,2 Bedroom,2,1,0,1,B0809,38000,38000,20.4,63,6,No,No,No,No,45,34000,60,91.8,9.0,Agency
NRB00446,2026-01-08,Thu,Juja,Juja,Kiambu,Student Friendly,Apartment,1 Bedroom,1,1,1,0,B0925,15000,15000,49.3,48,6,No,No,No,Yes,54,15000,5,91.3,3.9,Agency
NRB00447,2026-01-08,Thu,Section 9,Thika,Kiambu,Affordable,Apartment,2 Bedroom,2,2,1,4,B0855,25000,25000,45.0,76,3,No,No,No,Yes,44,23500,19,97.9,9.5,Property manager
NRB00448,2026-01-08,Thu,Section 9,Thika,Kiambu,Affordable,Apartment,1 Bedroom,1,1,1,4,B0855,15000,15000,46.1,55,2,No,No,No,Yes,58,13500,2,80.2,7.5,Agency
NRB00449,2026-01-08,Thu,Thindigua,Kiambaa,Kiambu,Family Friendly,Apartment,2 Bedroom,2,1,0,3,B0665,28000,35000,12.5,75,0,No,No,No,Yes,63,27000,4,87.7,5.4,Agency
NRB00450,2026-01-08,Thu,Thindigua,Kiambaa,Kiambu,Mid-Range,Apartment,1 Bedroom,1,1,0,0,B0735,30000,30000,13.3,67,17,No,Yes,No,Yes,49,27500,47,95.6,9.5,Property manager
NRB00451,2026-01-08,Thu,Utawala,Embakasi,Nairobi,Mid-Range,Apartment,3 Bedroom,3,3,1,3,B0836,40000,40000,21.3,126,6,No,Yes,No,No,46,39500,38,86.7,8.6,Property manager
NRB00452,2026-01-08,Thu,Utawala,Embakasi,Nairobi,Mid-Range,Apartment,4 Bedroom,4,3,1,1,B0836,50000,50000,20.9,164,1,No,Yes,No,Yes,35,45500,69,89.9,7.0,Property manager
NRB00453,2026-01-08,Thu,Utawala,Embakasi,Nairobi,Affordable,Apartment,1 Bedroom,1,1,0,5,B0325,20000,25000,21.6,44,11,No,No,No,Yes,61,17500,58,96.0,8.5,Agency
NRB00454,2026-01-08,Thu,Syokimau,Athi River,Machakos,Affordable,Apartment,1 Bedroom,1,1,0,2,B0312,22000,22000,20.7,59,8,No,Yes,No,Yes,49,21500,2,76.3,8.0,Agency
NRB00455,2026-01-08,Thu,Syokimau,Athi River,Machakos,Affordable,Apartment,1 Bedroom,1,1,0,2,B0312,22000,22000,21.2,40,3,No,Yes,No,No,67,22000,22,95.7,8.4,Agency
NRB00456,2026-01-08,Thu,Utawala,Embakasi,Nairobi,Affordable,Apartment,2 Bedroom,2,2,1,5,B0889,26500,26500,20.5,92,12,No,Yes,No,No,58,24500,8,95.2,8.5,Landlord direct
NRB00457,2026-01-08,Thu,USIU,Kasarani,Nairobi,Affordable,Apartment,Studio / Bedsitter,0,1,1,1,B0635,15000,15000,13.4,25,6,No,No,No,Yes,30,13500,26,97.1,7.8,Agency
NRB00458,2026-01-08,Thu,Section 9,Thika,Kiambu,Affordable,Apartment,3 Bedroom,3,2,1,5,B0855,31000,31000,46.2,130,5,No,Yes,No,Yes,49,31000,14,81.9,7.4,Landlord direct
NRB00459,2026-01-08,Thu,Syokimau,Athi River,Machakos,Affordable,Apartment,1 Bedroom,1,1,0,2,B0312,22000,22000,20.6,51,3,No,Yes,No,No,58,21000,30,95.5,6.1,Agency
NRB00460,2026-01-08,Thu,Utawala,Embakasi,Nairobi,Affordable,Apartment,1 Bedroom,1,1,1,3,B0889,20500,20500,21.4,45,8,No,Yes,No,No,59,18500,4,90.1,8.6,Property manager
NRB00461,2026-01-08,Thu,Syokimau,Athi River,Machakos,Mid-Range,Apartment,3 Bedroom,3,3,1,2,B0363,70000,70000,20.0,93,1,Yes,Yes,No,Yes,40,68000,45,99.0,5.9,Agency
NRB00462,2026-01-08,Thu,Mirema,Kasarani,Nairobi,Family Friendly,Apartment,2 Bedroom,2,1,1,1,B0706,22000,22000,15.3,79,12,No,No,No,Yes,36,21000,46,95.5,7.9,Landlord direct
NRB00463,2026-01-08,Thu,Mirema,Kasarani,Nairobi,Family Friendly,Apartment,2 Bedroom,2,1,1,1,B0284,23000,23000,15.6,60,13,No,No,No,No,55,23000,15,80.8,8.8,Agency
NRB00464,2026-01-08,Thu,Donholm,Embakasi,Nairobi,Affordable,Apartment,2 Bedroom,2,2,1,1,B0249,30000,30000,10.8,81,8,No,No,No,No,52,30000,71,93.7,9.3,Property manager
NRB00465,2026-01-08,Thu,Jomoko,Thika,Kiambu,Affordable,Apartment,1 Bedroom,1,1,1,3,B0825,20000,20000,49.0,52,5,No,No,No,Yes,45,18000,20,91.9,7.2,Landlord direct
NRB00466,2026-01-08,Thu,South C,Langata,Nairobi,Mid-Range,Apartment,3 Bedroom,3,2,1,4,B0299,70000,70000,4.5,100,2,No,Yes,Yes,Yes,32,68500,44,78.3,9.7,Agency
NRB00467,2026-01-08,Thu,Tena,Embakasi,Nairobi,Family Friendly,Apartment,2 Bedroom,2,1,1,5,B0232,20500,20500,10.9,79,11,No,No,No,No,60,20000,49,93.4,9.3,Property manager
NRB00468,2026-01-08,Thu,Tena,Embakasi,Nairobi,Affordable,Apartment,1 Bedroom,1,1,1,1,B0231,20000,20000,10.7,56,8,No,No,No,Yes,46,19000,42,93.8,7.8,Property manager
NRB00469,2026-01-08,Thu,Tassia,Embakasi,Nairobi,Mid-Range,Bungalow,4 Bedroom,4,3,1,0,B0229,55000,55000,12.3,179,2,No,Yes,No,Yes,46,55000,45,63.5,9.1,Property manager
NRB00470,2026-01-08,Thu,Ngoingwa,Thika,Kiambu,Affordable,Apartment,2 Bedroom,2,1,1,3,B0381,17000,17000,43.1,56,4,No,No,No,Yes,45,17000,31,86.0,7.3,Property manager
NRB00471,2026-01-08,Thu,Roysambu,Kasarani,Nairobi,Mid-Range,Apartment,2 Bedroom,2,1,1,0,B0370,30000,30000,14.3,66,4,No,No,No,Yes,53,27500,36,86.5,6.0,Property manager
NRB00472,2026-01-08,Thu,South C,Langata,Nairobi,Mid-Range,Apartment,3 Bedroom,3,2,1,0,B0299,75000,75000,4.7,109,10,No,No,No,No,32,74500,36,89.5,6.4,Landlord direct
NRB00473,2026-01-09,Fri,Zimmerman,Kasarani,Nairobi,Affordable,Apartment,1 Bedroom,1,1,0,1,B0790,28000,28000,15.4,36,5,No,Yes,Yes,No,63,25500,4,83.1,6.0,Property manager
NRB00474,2026-01-09,Fri,Fedha,Embakasi,Nairobi,Family Friendly,Apartment,2 Bedroom,2,2,1,2,B0354,36000,36000,12.1,70,3,No,Yes,No,Yes,45,35000,3,86.6,7.5,Agency
NRB00475,2026-01-09,Fri,Zimmerman,Kasarani,Nairobi,Affordable,Apartment,1 Bedroom,1,1,0,1,B0790,25000,25000,14.5,40,4,No,Yes,No,Yes,56,25000,14,77.9,8.1,Landlord direct
NRB00476,2026-01-09,Fri,Zimmerman,Kasarani,Nairobi,Affordable,Apartment,1 Bedroom,1,1,1,1,B0790,25000,25000,16.6,43,5,No,No,No,Yes,57,23000,23,85.6,7.6,Property manager
NRB00477,2026-01-09,Fri,Githurai 44,Kasarani,Nairobi,Family Friendly,Apartment,2 Bedroom,2,1,0,4,B0933,18000,22500,16.7,82,5,No,Yes,No,Yes,32,18000,5,98.8,6.4,Agency
NRB00478,2026-01-09,Fri,Ruai,Embakasi,Nairobi,Family Friendly,Apartment,2 Bedroom,2,1,1,1,B0223,25000,25000,18.6,85,6,No,No,No,Yes,61,23000,3,97.9,8.0,Landlord direct
NRB00479,2026-01-09,Fri,Ruai,Embakasi,Nairobi,Family Friendly,Apartment,2 Bedroom,2,1,1,2,B0223,25000,25000,18.3,67,1,No,Yes,No,No,49,24000,26,86.0,7.3,Agency
NRB00480,2026-01-09,Fri,Witeithie,Thika,Kiambu,Student Friendly,Apartment,1 Bedroom,1,1,1,2,B0227,10000,10000,46.5,38,3,No,No,No,Yes,62,9000,9,92.1,8.1,Property manager
NRB00481,2026-01-09,Fri,Utawala,Embakasi,Nairobi,Family Friendly,Apartment,2 Bedroom,2,1,1,3,B0563,35000,35000,20.2,67,5,Yes,Yes,Yes,No,53,35000,39,96.9,8.2,Property manager
NRB00482,2026-01-09,Fri,Juja,Juja,Kiambu,Student Friendly,Apartment,1 Bedroom,1,1,1,1,B0545,15000,15000,49.4,44,8,No,Yes,No,No,38,14500,40,65.3,9.2,Landlord direct
NRB00483,2026-01-09,Fri,Kasarani,Kasarani,Nairobi,Affordable,Apartment,1 Bedroom,1,1,1,3,B0761,18000,18000,14.4,40,3,No,Yes,No,Yes,32,16500,86,87.2,9.2,Landlord direct
NRB00484,2026-01-09,Fri,Pangani,Starehe,Nairobi,Family Friendly,Apartment,2 Bedroom,2,2,1,0,B0700,45000,45000,3.7,79,9,No,Yes,No,No,53,40500,8,96.7,8.0,Landlord direct
NRB00485,2026-01-09,Fri,Ruiru,Ruiru,Kiambu,Family Friendly,Apartment,2 Bedroom,2,2,1,1,B0398,30000,30000,28.1,81,1,No,Yes,Yes,Yes,61,30000,5,87.3,9.6,Agency
NRB00486,2026-01-09,Fri,Pangani,Starehe,Nairobi,Family Friendly,Apartment,2 Bedroom,2,2,1,0,B0700,45000,45000,3.4,76,5,No,Yes,No,Yes,55,46000,31,97.5,8.7,Agency
NRB00487,2026-01-09,Fri,Juja,Juja,Kiambu,Student Friendly,Apartment,1 Bedroom,1,1,1,1,B0545,14000,14000,50.2,49,1,No,No,No,Yes,76,13500,40,95.7,8.7,Landlord direct
NRB00488,2026-01-09,Fri,Juja,Juja,Kiambu,Student Friendly,Apartment,1 Bedroom,1,1,1,1,B0545,13000,13000,50.3,48,7,No,No,No,No,79,12500,1,92.7,9.4,Agency
NRB00489,2026-01-09,Fri,Kwa Ndege,Embakasi,Nairobi,Student Friendly,Apartment,1 Bedroom,1,1,0,2,B0631,17000,17000,10.6,58,11,No,No,No,Yes,31,16500,34,78.6,9.1,Agency
NRB00490,2026-01-09,Fri,Kwa Ndege,Embakasi,Nairobi,Student Friendly,Apartment,1 Bedroom,1,1,0,2,B0631,15000,15000,11.6,34,4,No,Yes,No,Yes,50,15000,6,63.4,6.9,Landlord direct
NRB00491,2026-01-09,Fri,Zimmerman,Kasarani,Nairobi,Affordable,Apartment,1 Bedroom,1,1,0,0,B0451,22000,22000,14.8,44,3,No,No,No,Yes,27,20500,19,95.3,7.5,Agency
NRB00492,2026-01-09,Fri,Kamulu,Kasarani,Nairobi,Mid-Range,Mixed Development,1 Bedroom,1,1,1,1,B0226,10000,10000,31.7,41,8,No,No,No,Yes,50,9000,14,80.8,7.9,Property manager
NRB00493,2026-01-09,Fri,Syokimau,Athi River,Machakos,Family Friendly,Townhouse,5 Bedroom,5,4,2,0,B0421,120000,120000,20.2,163,1,Yes,Yes,Yes,Yes,30,120000,24,95.7,8.9,Agency
NRB00494,2026-01-09,Fri,Uthiru,Kikuyu,Kiambu,Affordable,Apartment,1 Bedroom,1,1,1,0,B0236,19000,19000,15.0,40,6,No,No,No,No,37,18000,2,81.6,8.1,Property manager
NRB00495,2026-01-09,Fri,Utawala,Embakasi,Nairobi,Family Friendly,Apartment,2 Bedroom,2,2,1,1,B0240,23000,23000,21.4,75,9,No,No,No,Yes,57,23000,79,96.1,6.1,Agency
NRB00496,2026-01-09,Fri,Zimmerman,Kasarani,Nairobi,Affordable,Apartment,1 Bedroom,1,1,0,0,B0451,22000,22000,15.9,49,6,No,Yes,No,Yes,40,22000,13,90.1,7.5,Property manager
NRB00497,2026-01-09,Fri,Buru Buru,Makadara,Nairobi,Family Friendly,Apartment,2 Bedroom,2,1,1,1,B0258,25000,50000,8.3,67,6,No,Yes,No,No,45,25000,8,85.3,8.2,Agency
NRB00498,2026-01-09,Fri,Jomoko,Thika,Kiambu,Student Friendly,Apartment,1 Bedroom,1,1,1,3,B0264,18000,18000,49.1,44,12,No,Yes,No,No,61,18000,27,88.8,9.1,Landlord direct
NRB00499,2026-01-09,Fri,Jomoko,Thika,Kiambu,Student Friendly,Apartment,1 Bedroom,1,1,1,3,B0264,17000,17000,48.3,48,7,No,No,No,Yes,66,17000,18,98.7,7.5,Property manager
NRB00500,2026-01-09,Fri,Thome,Kasarani,Nairobi,Family Friendly,Apartment,2 Bedroom,2,1,1,1,B0851,28000,28000,11.7,82,2,No,Yes,No,Yes,55,26000,1,76.9,9.6,Agency
NRB00501,2026-01-09,Fri,Thome,Kasarani,Nairobi,Family Friendly,Apartment,2 Bedroom,2,1,1,2,B0851,30000,30000,11.8,77,6,No,No,No,No,48,30000,23,73.8,9.3,Agency
NRB00502,2026-01-09,Fri,Mirema,Kasarani,Nairobi,Student Friendly,Apartment,1 Bedroom,1,1,1,3,B0561,16000,16000,14.9,42,3,No,No,No,No,57,16500,60,92.6,6.1,Agency
NRB00503,2026-01-09,Fri,Mirema,Kasarani,Nairobi,Family Friendly,Apartment,2 Bedroom,2,1,1,1,B0621,25000,25000,14.9,79,8,No,Yes,No,No,47,25000,58,78.5,6.9,Landlord direct
NRB00504,2026-01-09,Fri,Jomoko,Thika,Kiambu,Family Friendly,Apartment,2 Bedroom,2,2,1,4,B0489,35000,35000,48.7,73,3,No,Yes,Yes,Yes,54,35000,7,94.7,7.5,Agency
NRB00505,2026-01-09,Fri,Mirema,Kasarani,Nairobi,Student Friendly,Apartment,1 Bedroom,1,1,1,2,B0561,20000,20000,15.7,44,7,No,No,No,Yes,38,20000,13,79.0,9.5,Agency
NRB00506,2026-01-09,Fri,Mirema,Kasarani,Nairobi,Family Friendly,Apartment,2 Bedroom,2,1,1,1,B0533,20000,20000,15.4,63,8,No,Yes,Yes,Yes,47,20000,16,87.7,3.6,Landlord direct
NRB00507,2026-01-09,Fri,Jomoko,Thika,Kiambu,Affordable,Apartment,1 Bedroom,1,1,0,2,B0435,16000,16000,47.8,46,5,No,No,No,No,79,15000,15,98.2,4.0,Property manager
NRB00508,2026-01-09,Fri,Uthiru,Kikuyu,Kiambu,Affordable,Apartment,1 Bedroom,1,1,1,1,B0236,20000,20000,15.0,36,9,No,No,No,No,65,20000,5,66.6,8.0,Property manager
NRB00509,2026-01-09,Fri,Zimmerman,Kasarani,Nairobi,Affordable,Apartment,1 Bedroom,1,1,0,0,B0451,22000,22000,14.1,51,6,No,No,No,No,53,21000,19,69.6,8.7,Agency
NRB00510,2026-01-09,Fri,Uthiru,Kikuyu,Kiambu,Affordable,Apartment,1 Bedroom,1,1,1,1,B0236,20000,20000,14.9,49,2,No,No,No,No,50,19500,18,86.3,5.6,Landlord direct
NRB00511,2026-01-09,Fri,Uthiru,Kikuyu,Kiambu,Affordable,Apartment,Studio / Bedsitter,0,1,0,0,B0236,12000,12000,14.9,19,10,No,Yes,No,Yes,41,12000,13,95.3,7.0,Property manager
NRB00512,2026-01-09,Fri,Mirema,Kasarani,Nairobi,Family Friendly,Apartment,2 Bedroom,2,1,1,4,B0733,20000,20000,15.2,78,10,No,Yes,No,No,51,20000,22,93.9,8.2,Agency
NRB00513,2026-01-09,Fri,Mirema,Kasarani,Nairobi,Family Friendly,Apartment,2 Bedroom,2,1,1,4,B0733,20000,20000,15.4,78,8,No,Yes,No,Yes,41,18000,14,82.4,9.3,Agency
NRB00514,2026-01-09,Fri,Jomoko,Thika,Kiambu,Family Friendly,Apartment,2 Bedroom,2,3,1,2,B0489,35000,35000,48.7,81,2,Yes,Yes,No,No,36,35000,12,72.2,7.2,Landlord direct
NRB00515,2026-01-09,Fri,Jomoko,Thika,Kiambu,Affordable,Apartment,1 Bedroom,1,1,0,2,B0435,16000,16000,48.4,46,2,No,Yes,No,Yes,70,14500,4,81.7,6.2,Landlord direct
NRB00516,2026-01-10,Sat,Utawala,Embakasi,Nairobi,Affordable,Apartment,1 Bedroom,1,1,0,2,B0716,11000,11000,21.0,38,14,No,No,No,Yes,51,10500,4,71.1,9.1,Agency
NRB00517,2026-01-10,Sat,Donholm,Embakasi,Nairobi,Family Friendly,Apartment,2 Bedroom,2,2,1,3,B0429,35000,35000,11.6,84,1,No,Yes,Yes,Yes,38,35000,19,99.5,8.9,Property manager
NRB00518,2026-01-10,Sat,Utawala,Embakasi,Nairobi,Affordable,Apartment,1 Bedroom,1,1,0,2,B0716,11000,11000,21.0,40,10,No,No,No,Yes,36,11000,4,89.0,7.9,Agency
NRB00519,2026-01-10,Sat,Jomoko,Thika,Kiambu,Family Friendly,Apartment,3 Bedroom,3,2,1,4,B0673,40000,40000,48.8,106,4,No,Yes,No,No,51,37500,15,94.7,8.4,Agency
NRB00520,2026-01-10,Sat,Ngong Road,Langata,Nairobi,Family Friendly,Apartment,2 Bedroom,2,2,1,1,B0885,70000,140000,8.2,70,4,No,Yes,Yes,Yes,53,72500,101,98.1,8.9,Landlord direct
NRB00521,2026-01-10,Sat,Utawala,Embakasi,Nairobi,Affordable,Apartment,1 Bedroom,1,1,0,2,B0716,11000,11000,20.9,46,6,No,No,No,Yes,34,11000,2,93.5,5.1,Agency
NRB00522,2026-01-10,Sat,Mwihoko,Ruiru,Kiambu,Family Friendly,Apartment,2 Bedroom,2,1,1,1,B0281,20000,20000,30.5,83,18,No,Yes,No,No,42,19500,27,87.4,7.9,Landlord direct
NRB00523,2026-01-10,Sat,Utawala,Embakasi,Nairobi,Affordable,Apartment,1 Bedroom,1,1,0,2,B0716,11000,11000,20.2,42,7,No,No,No,Yes,35,10000,26,77.4,8.7,Property manager
NRB00524,2026-01-10,Sat,Mwihoko,Ruiru,Kiambu,Family Friendly,Apartment,2 Bedroom,2,1,1,1,B0281,20000,20000,31.2,74,6,No,No,No,Yes,56,20000,7,85.4,4.7,Agency
NRB00525,2026-01-10,Sat,Matangi,Ruiru,Kiambu,Student Friendly,Apartment,1 Bedroom,1,1,0,3,B0554,17000,21250,36.3,38,3,No,Yes,No,No,56,15500,41,98.7,6.9,Agency
NRB00526,2026-01-10,Sat,Mwihoko,Ruiru,Kiambu,Family Friendly,Apartment,3 Bedroom,3,1,1,3,B0281,23000,23000,31.3,120,6,No,Yes,Yes,No,52,21500,8,74.6,8.4,Property manager
NRB00527,2026-01-10,Sat,Utawala,Embakasi,Nairobi,Affordable,Apartment,2 Bedroom,2,1,0,2,B0716,15000,15000,20.8,86,10,No,No,No,No,57,14000,44,92.6,6.8,Property manager
NRB00528,2026-01-10,Sat,Kahawa Sukari,Ruiru,Kiambu,Family Friendly,Apartment,2 Bedroom,2,2,1,4,B0477,30000,30000,22.1,89,6,No,Yes,Yes,No,68,29500,83,68.2,9.5,Landlord direct
NRB00529,2026-01-10,Sat,Fedha,Embakasi,Nairobi,Family Friendly,Apartment,2 Bedroom,2,2,1,8,B0247,27000,27000,12.1,75,5,No,No,No,Yes,50,25000,2,90.0,7.7,Agency
NRB00530,2026-01-10,Sat,Lang'ata,Langata,Nairobi,Family Friendly,Apartment,2 Bedroom,2,2,0,2,B0630,50000,100000,5.9,81,6,No,Yes,No,Yes,47,48500,3,98.8,8.9,Property manager
NRB00531,2026-01-10,Sat,Wangige,Kabete,Kiambu,Family Friendly,Apartment,2 Bedroom,2,2,1,2,B0608,38000,38000,18.2,78,4,Yes,Yes,Yes,Yes,55,35500,3,99.1,9.7,Agency
NRB00532,2026-01-10,Sat,Kikuyu Town,Kikuyu,Kiambu,Affordable,Apartment,1 Bedroom,1,1,0,5,B0626,15000,15000,9.5,43,3,No,No,No,Yes,51,13500,46,95.9,8.1,Property manager
NRB00533,2026-01-10,Sat,Jomoko,Thika,Kiambu,Family Friendly,Apartment,3 Bedroom,3,2,1,4,B0673,40000,40000,48.0,125,3,No,Yes,No,Yes,85,39000,31,95.0,8.8,Landlord direct
NRB00534,2026-01-10,Sat,Jomoko,Thika,Kiambu,Family Friendly,Apartment,2 Bedroom,2,1,1,3,B0673,28000,28000,48.1,71,2,Yes,No,No,Yes,64,28000,4,99.0,9.6,Agency
NRB00535,2026-01-10,Sat,Utawala,Embakasi,Nairobi,Affordable,Apartment,2 Bedroom,2,1,0,2,B0716,15000,15000,20.6,69,4,No,Yes,No,No,40,14000,8,69.8,8.1,Agency
NRB00536,2026-01-10,Sat,Gitaru,Kabete,Kiambu,Student Friendly,Apartment,2 Bedroom,2,2,1,3,B0560,28000,28000,20.5,92,1,No,Yes,No,No,39,24500,6,94.2,7.0,Agency
NRB00537,2026-01-10,Sat,Ruai,Embakasi,Nairobi,Family Friendly,Apartment,2 Bedroom,2,1,1,0,B0222,14000,14000,19.2,84,4,No,No,No,No,47,12500,25,90.0,8.5,Landlord direct
NRB00538,2026-01-10,Sat,Gitaru,Kabete,Kiambu,Student Friendly,Apartment,2 Bedroom,2,2,1,3,B0560,28000,28000,21.5,67,11,No,No,No,No,48,25500,54,84.6,8.9,Agency
NRB00539,2026-01-10,Sat,Jomoko,Thika,Kiambu,Student Friendly,Apartment,1 Bedroom,1,1,1,1,B0275,16000,16000,48.4,39,12,No,Yes,No,Yes,50,15000,4,91.3,6.3,Agency
NRB00540,2026-01-10,Sat,Jomoko,Thika,Kiambu,Student Friendly,Apartment,Studio / Bedsitter,0,1,0,1,B0267,12000,15000,48.8,30,1,No,Yes,No,Yes,51,12000,43,96.3,9.8,Landlord direct
NRB00541,2026-01-10,Sat,Jomoko,Thika,Kiambu,Student Friendly,Apartment,Studio / Bedsitter,0,1,0,1,B0267,14000,17500,47.6,27,3,No,No,No,No,47,12500,11,91.1,5.2,Agency
NRB00542,2026-01-10,Sat,Jomoko,Thika,Kiambu,Student Friendly,Apartment,Studio / Bedsitter,0,1,0,1,B0267,14000,17500,48.8,26,10,No,No,No,Yes,67,14000,22,68.5,8.2,Agency
NRB00543,2026-01-10,Sat,Seasons,Kasarani,Nairobi,Student Friendly,Apartment,1 Bedroom,1,1,1,1,B0279,13000,13000,15.4,47,5,No,No,No,Yes,29,12000,3,99.3,8.5,Agency
NRB00544,2026-01-10,Sat,Pangani,Starehe,Nairobi,Mid-Range,Apartment,2 Bedroom,2,1,1,5,B0923,37000,37000,2.2,73,8,No,Yes,No,Yes,17,37500,49,86.2,7.1,Landlord direct
NRB00545,2026-01-10,Sat,Pangani,Starehe,Nairobi,Mid-Range,Apartment,2 Bedroom,2,1,1,5,B0923,37000,37000,3.9,72,5,No,Yes,No,Yes,39,35500,55,87.7,7.6,Landlord direct
NRB00546,2026-01-10,Sat,Pangani,Starehe,Nairobi,Mid-Range,Apartment,1 Bedroom,1,1,1,5,B0923,33000,33000,4.4,35,5,No,Yes,No,Yes,38,33000,29,96.6,7.1,Agency
NRB00547,2026-01-10,Sat,Pangani,Starehe,Nairobi,Mid-Range,Apartment,Studio / Bedsitter,0,1,1,5,B0923,26000,26000,3.3,21,5,No,No,No,Yes,41,24500,2,86.9,7.2,Agency
NRB00548,2026-01-10,Sat,Pangani,Starehe,Nairobi,Mid-Range,Apartment,1 Bedroom,1,1,1,5,B0923,32000,32000,4.2,43,8,No,Yes,No,Yes,37,30500,12,93.2,8.0,Agency
NRB00549,2026-01-10,Sat,Pangani,Starehe,Nairobi,Mid-Range,Apartment,Studio / Bedsitter,0,1,1,5,B0923,28000,28000,3.5,24,6,No,Yes,Yes,Yes,53,28000,56,68.2,8.9,Property manager
NRB00550,2026-01-10,Sat,Utawala,Embakasi,Nairobi,Affordable,Apartment,1 Bedroom,1,1,0,2,B0716,11000,11000,21.4,46,1,No,No,No,Yes,47,10000,6,92.6,7.1,Property manager
NRB00551,2026-01-10,Sat,Syokimau,Athi River,Machakos,Family Friendly,Townhouse,6 Bedroom,6,6,4,0,B0683,150000,150000,19.7,254,2,Yes,Yes,Yes,No,52,150000,170,99.4,9.5,Agency
NRB00552,2026-01-10,Sat,Seasons,Kasarani,Nairobi,Student Friendly,Apartment,1 Bedroom,1,1,0,0,B0280,14000,14000,15.9,41,12,No,Yes,No,Yes,52,13000,12,87.5,5.9,Property manager
NRB00553,2026-01-10,Sat,Fedha,Embakasi,Nairobi,Family Friendly,Apartment,2 Bedroom,2,1,1,3,B0246,18000,18000,12.3,71,5,No,No,No,No,49,18000,13,92.4,7.4,Agency
NRB00554,2026-01-10,Sat,Jomoko,Thika,Kiambu,Family Friendly,Apartment,2 Bedroom,2,2,1,3,B0585,20000,20000,48.9,75,4,No,Yes,No,No,41,18000,11,67.9,7.0,Property manager
NRB00555,2026-01-10,Sat,Jomoko,Thika,Kiambu,Family Friendly,Apartment,1 Bedroom,1,1,1,2,B0585,14000,14000,48.4,45,2,No,No,No,Yes,69,13000,20,92.1,7.1,Property manager
NRB00556,2026-01-10,Sat,Gitaru,Kabete,Kiambu,Affordable,Apartment,2 Bedroom,2,2,1,3,B0596,33000,33000,21.6,77,9,No,No,No,No,41,31500,52,90.9,7.0,Agency
NRB00557,2026-01-10,Sat,Jomoko,Thika,Kiambu,Family Friendly,Apartment,2 Bedroom,2,1,1,4,B0585,21000,21000,48.9,81,5,No,No,No,No,65,19500,24,98.4,6.7,Agency
NRB00558,2026-01-10,Sat,Fedha,Embakasi,Nairobi,Family Friendly,Apartment,2 Bedroom,2,2,1,1,B0609,25000,25000,12.0,63,4,No,Yes,No,No,45,25500,5,88.4,8.8,Landlord direct
NRB00559,2026-01-10,Sat,Fedha,Embakasi,Nairobi,Family Friendly,Apartment,3 Bedroom,3,2,1,0,B0840,36500,73000,12.8,115,6,No,Yes,No,Yes,44,34000,46,97.4,8.3,Agency
NRB00560,2026-01-10,Sat,Githurai 45,Kasarani,Nairobi,Student Friendly,Apartment,1 Bedroom,1,1,0,5,B0462,10000,10000,18.4,36,2,No,No,No,Yes,53,9000,35,49.8,7.7,Property manager
NRB00561,2026-01-10,Sat,Jomoko,Thika,Kiambu,Family Friendly,Apartment,2 Bedroom,2,2,1,3,B0585,20000,20000,48.9,85,1,No,No,No,No,59,19500,53,89.0,8.6,Landlord direct
NRB00562,2026-01-12,Mon,Syokimau,Athi River,Machakos,Family Friendly,Apartment,2 Bedroom,2,2,1,3,B0650,45000,90000,20.2,87,10,No,No,No,No,31,45000,13,84.3,9.4,Agency
NRB00563,2026-01-12,Mon,Pangani,Starehe,Nairobi,Family Friendly,Apartment,2 Bedroom,2,2,1,1,B0848,45000,45000,3.2,71,7,No,Yes,Yes,Yes,46,43500,5,76.1,8.3,Property manager
NRB00564,2026-01-12,Mon,Syokimau,Athi River,Machakos,Family Friendly,Apartment,2 Bedroom,2,2,1,2,B0650,47000,94000,20.9,62,12,No,Yes,No,Yes,47,47000,40,86.7,6.0,Agency
NRB00565,2026-01-12,Mon,Syokimau,Athi River,Machakos,Family Friendly,Apartment,2 Bedroom,2,2,1,2,B0650,45000,90000,20.2,87,2,No,Yes,No,No,53,43000,6,86.8,5.8,Property manager
NRB00566,2026-01-12,Mon,Syokimau,Athi River,Machakos,Family Friendly,Apartment,2 Bedroom,2,2,1,3,B0650,45000,90000,20.3,68,0,No,Yes,No,No,46,45000,12,65.8,7.3,Landlord direct
NRB00567,2026-01-12,Mon,Mowlem,Embakasi,Nairobi,Family Friendly,Apartment,2 Bedroom,2,3,1,2,B0271,25000,25000,13.1,74,7,No,No,No,Yes,45,21500,14,94.5,8.0,Landlord direct
NRB00568,2026-01-12,Mon,Homeland,Kasarani,Nairobi,Family Friendly,Apartment,2 Bedroom,2,1,0,0,B0409,31000,31000,12.8,85,12,No,Yes,No,Yes,39,31000,59,83.1,6.2,Landlord direct
NRB00569,2026-01-12,Mon,Utawala,Embakasi,Nairobi,Mid-Range,Apartment,1 Bedroom,1,1,0,2,B0682,18000,18000,21.6,46,11,No,Yes,No,Yes,64,16500,8,99.7,5.6,Landlord direct
NRB00570,2026-01-12,Mon,Zebra,Kasarani,Nairobi,Affordable,Apartment,1 Bedroom,1,1,0,1,B0255,20000,20000,12.4,41,2,No,Yes,No,No,31,20000,3,79.0,8.3,Agency
NRB00571,2026-01-12,Mon,Pangani,Starehe,Nairobi,Family Friendly,Apartment,2 Bedroom,2,2,1,6,B0848,50000,50000,3.2,77,11,No,Yes,No,Yes,37,50000,29,93.8,5.7,Agency
NRB00572,2026-01-12,Mon,Syokimau,Athi River,Machakos,Family Friendly,Apartment,2 Bedroom,2,2,0,3,B0650,45000,90000,21.8,71,13,No,Yes,No,Yes,54,42500,52,92.8,7.3,Landlord direct
NRB00573,2026-01-12,Mon,Mwihoko,Ruiru,Kiambu,Student Friendly,Apartment,1 Bedroom,1,1,0,1,B0953,13500,13500,31.2,53,13,No,Yes,No,Yes,71,11500,2,89.1,9.3,Property manager
NRB00574,2026-01-12,Mon,Utawala,Embakasi,Nairobi,Student Friendly,Apartment,1 Bedroom,1,1,0,3,B0245,20000,20000,20.9,42,2,No,Yes,No,No,50,17500,62,70.0,8.2,Property manager
NRB00575,2026-01-12,Mon,Zebra,Kasarani,Nairobi,Affordable,Apartment,2 Bedroom,2,1,1,4,B0255,26000,26000,13.4,76,5,No,No,No,Yes,37,24500,42,88.9,7.8,Landlord direct
NRB00576,2026-01-13,Tue,Kihunguro,Ruiru,Kiambu,Family Friendly,Apartment,2 Bedroom,2,2,1,4,B0535,38000,38000,25.2,69,7,No,Yes,No,Yes,40,38000,12,76.4,7.4,Agency
NRB00577,2026-01-13,Tue,Pangani,Starehe,Nairobi,Family Friendly,Apartment,2 Bedroom,2,2,1,1,B0399,55000,55000,4.1,72,3,No,Yes,Yes,Yes,54,50000,104,97.3,7.7,Agency
NRB00578,2026-01-13,Tue,Pangani,Starehe,Nairobi,Family Friendly,Apartment,1 Bedroom,1,1,1,11,B0399,40000,40000,3.7,58,1,No,Yes,No,Yes,28,37000,10,88.0,9.6,Landlord direct
NRB00579,2026-01-14,Wed,Murera,Ruiru,Kiambu,Family Friendly,Apartment,2 Bedroom,2,1,0,3,B0256,15000,15000,34.0,74,14,No,Yes,No,No,59,14500,2,91.1,8.5,Property manager
NRB00580,2026-01-15,Thu,Ruiru,Ruiru,Kiambu,Affordable,Apartment,1 Bedroom,1,1,0,1,B0628,18000,27000,26.9,58,9,No,No,No,No,62,17000,49,95.8,7.6,Agency
NRB00581,2026-01-15,Thu,Nasra,Embakasi,Nairobi,Family Friendly,Apartment,2 Bedroom,2,1,0,1,B0437,30000,30000,12.7,65,1,No,Yes,No,No,58,29000,77,95.2,7.5,Agency
NRB00582,2026-01-15,Thu,Kilimani,Westlands,Nairobi,Family Friendly,Apartment,2 Bedroom,2,2,1,2,B0359,150000,300000,4.9,92,2,Yes,Yes,No,No,39,147000,8,96.4,7.4,Landlord direct
NRB00583,2026-01-15,Thu,Juja,Juja,Kiambu,Family Friendly,Apartment,2 Bedroom,2,1,0,3,B0260,25000,25000,49.3,69,1,No,Yes,No,No,80,24000,13,96.6,8.5,Agency
NRB00584,2026-01-15,Thu,Nasra,Embakasi,Nairobi,Family Friendly,Apartment,2 Bedroom,2,2,1,1,B0437,30000,30000,11.4,84,6,No,Yes,Yes,Yes,34,27500,14,85.3,7.0,Property manager
NRB00585,2026-01-15,Thu,Utawala,Embakasi,Nairobi,Affordable,Apartment,1 Bedroom,1,1,0,0,B0221,15000,18750,22.0,48,13,No,No,No,No,41,14500,48,82.3,7.6,Agency
NRB00586,2026-01-15,Thu,Ruiru,Ruiru,Kiambu,Affordable,Apartment,1 Bedroom,1,1,0,0,B0628,23000,40250,28.4,36,5,Yes,No,No,Yes,49,22000,24,81.5,9.2,Landlord direct
NRB00587,2026-01-15,Thu,Juja,Juja,Kiambu,Family Friendly,Apartment,2 Bedroom,2,1,0,1,B0259,20000,20000,50.3,75,5,No,Yes,No,Yes,58,20000,6,92.6,6.9,Agency
NRB00588,2026-01-15,Thu,Utawala,Embakasi,Nairobi,Affordable,Apartment,2 Bedroom,2,1,0,1,B0221,21000,21000,21.4,83,4,No,Yes,No,Yes,48,21000,15,94.2,8.5,Property manager
NRB00589,2026-01-15,Thu,Matangi,Ruiru,Kiambu,Affordable,Apartment,1 Bedroom,1,1,0,4,B0454,15000,15000,35.5,41,14,No,No,No,Yes,78,15000,18,89.5,7.7,Landlord direct
NRB00590,2026-01-15,Thu,Kahawa Sukari,Ruiru,Kiambu,Family Friendly,Apartment,3 Bedroom,3,4,1,0,B0272,65000,130000,21.1,102,11,No,Yes,No,No,51,60000,43,92.3,6.1,Agency
NRB00591,2026-01-16,Fri,OJ Membley,Ruiru,Kiambu,Student Friendly,Apartment,1 Bedroom,1,1,0,4,B0252,25000,25000,16.1,52,6,No,No,No,Yes,45,25000,7,96.7,8.8,Agency
NRB00592,2026-01-16,Fri,Syokimau,Athi River,Machakos,Family Friendly,Apartment,1 Bedroom,1,1,1,3,B0746,30000,30000,20.2,54,23,No,No,No,No,33,30000,32,97.6,6.2,Property manager
NRB00593,2026-01-16,Fri,Syokimau,Athi River,Machakos,Family Friendly,Apartment,2 Bedroom,2,2,1,1,B0746,45000,45000,20.0,70,10,No,Yes,Yes,No,57,43500,2,86.5,8.5,Agency
NRB00594,2026-01-16,Fri,Syokimau,Athi River,Machakos,Family Friendly,Apartment,2 Bedroom,2,2,1,1,B0746,45000,45000,20.8,69,7,No,Yes,No,Yes,54,43500,19,96.0,7.4,Agency
NRB00595,2026-01-16,Fri,Syokimau,Athi River,Machakos,Family Friendly,Apartment,2 Bedroom,2,2,1,1,B0746,45000,45000,21.8,63,8,No,No,No,No,52,43500,31,78.5,6.0,Agency
NRB00596,2026-01-16,Fri,Syokimau,Athi River,Machakos,Family Friendly,Apartment,2 Bedroom,2,2,1,1,B0746,45000,45000,19.8,84,3,No,Yes,No,No,57,41000,126,92.2,7.4,Agency
NRB00597,2026-01-16,Fri,Syokimau,Athi River,Machakos,Family Friendly,Apartment,2 Bedroom,2,2,1,1,B0746,45000,45000,21.1,86,6,No,Yes,Yes,Yes,44,43500,21,93.8,8.4,Landlord direct
NRB00598,2026-01-16,Fri,Syokimau,Athi River,Machakos,Family Friendly,Apartment,2 Bedroom,2,2,1,1,B0746,45000,45000,20.4,82,4,No,Yes,No,Yes,46,45000,26,78.7,8.7,Agency
NRB00599,2026-01-16,Fri,Lavington,Westlands,Nairobi,Family Friendly,Apartment,2 Bedroom,2,2,1,6,B0349,95000,190000,9.0,74,4,No,Yes,Yes,Yes,43,86500,32,77.2,8.7,Agency
NRB00600,2026-01-16,Fri,Syokimau,Athi River,Machakos,Family Friendly,Apartment,2 Bedroom,2,2,1,1,B0746,45000,45000,20.5,73,1,No,Yes,No,Yes,51,41000,9,73.0,9.3,Property manager
NRB00601,2026-01-16,Fri,Kihunguro,Ruiru,Kiambu,Family Friendly,Apartment,2 Bedroom,2,1,0,4,B0741,35000,35000,25.3,70,8,No,Yes,No,Yes,59,34000,17,78.7,7.7,Landlord direct
NRB00602,2026-01-16,Fri,Donholm,Embakasi,Nairobi,Family Friendly,Apartment,2 Bedroom,2,1,1,6,B0004,25000,25000,12.3,75,2,No,Yes,No,No,45,22500,88,92.8,9.3,Property manager
NRB00603,2026-01-16,Fri,South B,Langata,Nairobi,Student Friendly,Apartment,1 Bedroom,1,1,0,9,B0721,30000,30000,4.5,43,8,No,Yes,No,Yes,49,27500,17,91.2,7.0,Agency
NRB00604,2026-01-16,Fri,Utawala,Embakasi,Nairobi,Affordable,Apartment,2 Bedroom,2,1,1,3,B0215,32000,32000,21.4,70,8,No,No,No,Yes,62,31000,7,90.3,9.7,Landlord direct
NRB00605,2026-01-16,Fri,Utawala,Embakasi,Nairobi,Affordable,Apartment,1 Bedroom,1,1,0,1,B0215,18000,18000,21.0,53,2,No,No,No,Yes,45,18000,9,93.6,8.4,Property manager
NRB00606,2026-01-16,Fri,Donholm,Embakasi,Nairobi,Affordable,Apartment,1 Bedroom,1,1,0,2,B0251,22000,22000,12.5,35,4,No,Yes,No,Yes,54,22000,7,87.8,6.8,Property manager
NRB00607,2026-01-16,Fri,Donholm,Embakasi,Nairobi,Affordable,Apartment,1 Bedroom,1,1,0,3,B0209,18000,18000,12.3,55,2,No,No,No,No,53,17500,10,95.0,6.6,Property manager
NRB00608,2026-01-16,Fri,Donholm,Embakasi,Nairobi,Affordable,Apartment,2 Bedroom,2,1,0,3,B0209,22000,22000,11.2,76,8,No,No,No,Yes,57,21000,28,80.6,6.3,Landlord direct
NRB00609,2026-01-16,Fri,Donholm,Embakasi,Nairobi,Affordable,Apartment,2 Bedroom,2,1,0,3,B0251,22000,27500,11.9,72,1,No,Yes,No,No,51,21000,43,85.8,9.0,Landlord direct
NRB00610,2026-01-16,Fri,Kahawa Wendani,Ruiru,Kiambu,Affordable,Apartment,1 Bedroom,1,1,0,3,B0871,23000,23000,21.7,35,4,No,Yes,No,No,68,23000,7,78.5,9.2,Agency
NRB00611,2026-01-16,Fri,Donholm,Embakasi,Nairobi,Family Friendly,Townhouse,3 Bedroom,3,2,1,0,B0208,45000,56250,12.4,129,11,No,No,No,Yes,39,43500,93,90.2,7.7,Agency
NRB00612,2026-01-16,Fri,Donholm,Embakasi,Nairobi,Student Friendly,Apartment,1 Bedroom,1,1,0,3,B0250,13000,16250,11.0,44,8,No,Yes,No,Yes,56,12000,28,85.9,9.3,Agency
NRB00613,2026-01-16,Fri,Kwa Ndege,Embakasi,Nairobi,Family Friendly,Apartment,2 Bedroom,2,1,1,1,B0242,22000,22000,11.9,64,12,No,Yes,No,No,28,20500,11,69.8,9.1,Agency
NRB00614,2026-01-19,Mon,Rungiri,Kikuyu,Kiambu,Mid-Range,Apartment,1 Bedroom,1,1,0,2,B0308,35000,35000,16.8,55,3,No,Yes,No,No,58,33500,8,91.7,5.8,Landlord direct
NRB00615,2026-01-19,Mon,Rungiri,Kikuyu,Kiambu,Mid-Range,Apartment,1 Bedroom,1,1,0,2,B0308,35000,35000,17.8,44,1,No,Yes,No,Yes,47,31500,2,86.1,8.5,Property manager
NRB00616,2026-01-19,Mon,Ruiru,Ruiru,Kiambu,Affordable,Apartment,1 Bedroom,1,1,0,7,B0726,20000,20000,27.2,44,1,No,No,No,Yes,35,20000,47,95.2,8.5,Agency
NRB00617,2026-01-20,Tue,Donholm,Embakasi,Nairobi,Student Friendly,Apartment,1 Bedroom,1,1,1,5,B0248,18000,22500,12.3,49,6,No,No,No,Yes,41,17000,7,91.8,8.4,Agency
NRB00618,2026-01-20,Tue,Tena,Embakasi,Nairobi,Affordable,Apartment,1 Bedroom,1,1,0,6,B0230,23800,23800,9.5,41,9,No,No,No,Yes,41,20500,13,88.7,4.1,Agency
NRB00619,2026-01-20,Tue,Tena,Embakasi,Nairobi,Affordable,Apartment,2 Bedroom,2,2,1,3,B0230,31000,31000,11.6,83,5,No,Yes,No,Yes,47,32000,5,89.5,8.7,Agency
NRB00620,2026-01-20,Tue,Westlands,Westlands,Nairobi,Family Friendly,Apartment,2 Bedroom,2,2,2,3,B0829,90000,180000,3.3,87,6,No,Yes,No,No,54,88500,49,94.5,7.2,Property manager
NRB00621,2026-01-20,Tue,Westlands,Westlands,Nairobi,Luxury,Apartment,2 Bedroom,2,2,1,8,B0687,160000,320000,3.6,88,9,No,Yes,Yes,Yes,44,151000,16,93.4,6.8,Agency
NRB00622,2026-01-20,Tue,Westlands,Westlands,Nairobi,Family Friendly,Apartment,2 Bedroom,2,2,2,3,B0829,110000,220000,3.0,67,15,No,Yes,No,No,32,107500,59,96.0,8.8,Property manager
NRB00623,2026-01-20,Tue,Westlands,Westlands,Nairobi,Luxury,Apartment,2 Bedroom,2,2,2,3,B0301,80000,160000,2.0,76,7,No,No,No,No,35,77500,40,74.8,6.1,Landlord direct
NRB00624,2026-01-20,Tue,Westlands,Westlands,Nairobi,Luxury,Apartment,1 Bedroom,1,1,1,8,B0687,120000,240000,3.0,39,11,No,Yes,Yes,No,40,116000,58,71.4,6.9,Agency
NRB00625,2026-01-21,Wed,Ngong Road,Langata,Nairobi,Family Friendly,Apartment,3 Bedroom,3,3,1,5,B0483,85000,170000,9.0,82,4,No,Yes,No,Yes,40,81500,1,73.5,5.8,Landlord direct
NRB00626,2026-01-21,Wed,Ngong Road,Langata,Nairobi,Family Friendly,Apartment,2 Bedroom,2,2,1,4,B0483,65000,130000,8.6,86,11,No,Yes,No,Yes,59,64000,28,88.1,5.1,Property manager
NRB00627,2026-01-22,Thu,Westlands,Westlands,Nairobi,Luxury,Apartment,2 Bedroom,2,2,2,24,B0488,324000,324000,2.3,62,6,Yes,Yes,Yes,No,45,316000,67,92.7,7.0,Agency
NRB00628,2026-01-22,Thu,Westlands,Westlands,Nairobi,Luxury,Apartment,2 Bedroom,2,2,2,24,B0488,324000,324000,3.8,77,4,Yes,Yes,Yes,No,31,324000,43,94.5,8.1,Agency
NRB00629,2026-01-22,Thu,Westlands,Westlands,Nairobi,Luxury,Apartment,1 Bedroom,1,1,1,13,B0488,241000,241000,3.0,52,2,Yes,Yes,Yes,No,31,241000,76,81.5,7.8,Agency
NRB00630,2026-01-22,Thu,Westlands,Westlands,Nairobi,Luxury,Apartment,3 Bedroom,3,4,2,16,B0488,510000,510000,2.6,133,14,Yes,Yes,Yes,No,44,482000,4,85.7,7.3,Property manager
NRB00631,2026-01-22,Thu,Westlands,Westlands,Nairobi,Luxury,Apartment,3 Bedroom,3,3,2,29,B0488,384000,384000,2.4,114,7,Yes,Yes,Yes,No,42,357500,70,84.9,9.0,Landlord direct
NRB00632,2026-01-22,Thu,Westlands,Westlands,Nairobi,Family Friendly,Apartment,3 Bedroom,3,3,2,4,B0420,130000,390000,2.7,118,2,No,Yes,Yes,Yes,30,130000,94,98.4,8.0,Agency
NRB00633,2026-01-22,Thu,Westlands,Westlands,Nairobi,Family Friendly,Apartment,3 Bedroom,3,3,2,4,B0420,160000,480000,4.2,112,15,No,Yes,No,Yes,40,160000,11,96.3,8.3,Agency
NRB00634,2026-01-22,Thu,Westlands,Westlands,Nairobi,Luxury,Apartment,2 Bedroom,2,2,2,24,B0488,324000,324000,1.8,72,1,Yes,Yes,Yes,Yes,53,324000,83,89.0,9.1,Property manager
NRB00635,2026-01-23,Fri,Thome,Kasarani,Nairobi,Family Friendly,Apartment,2 Bedroom,2,1,0,4,B0693,26000,26000,13.1,81,12,No,Yes,No,No,63,25500,63,91.6,3.6,Property manager
NRB00636,2026-01-23,Fri,Kinoo,Kikuyu,Kiambu,Family Friendly,Apartment,2 Bedroom,2,3,1,2,B0233,40000,40000,17.8,70,3,No,Yes,No,No,53,36500,27,83.0,8.2,Landlord direct
NRB00637,2026-01-26,Mon,Lower Kabete,Kabete,Kiambu,Mid-Range,Apartment,Studio / Bedsitter,0,1,1,7,B0311,125000,250000,9.9,21,14,Yes,Yes,Yes,Yes,52,125000,58,90.1,7.4,Agency
NRB00638,2026-01-26,Mon,Lower Kabete,Kabete,Kiambu,Mid-Range,Apartment,Studio / Bedsitter,0,1,1,7,B0311,50000,100000,9.6,22,5,No,Yes,No,Yes,36,50000,116,76.8,9.1,Agency
NRB00639,2026-01-26,Mon,Lower Kabete,Kabete,Kiambu,Mid-Range,Apartment,1 Bedroom,1,1,2,2,B0311,145000,145000,10.4,39,6,Yes,Yes,Yes,Yes,39,142500,44,84.4,7.2,Landlord direct
NRB00640,2026-01-26,Mon,Lower Kabete,Kabete,Kiambu,Mid-Range,Apartment,1 Bedroom,1,1,2,2,B0311,65000,130000,10.3,49,11,No,Yes,No,Yes,39,56500,5,70.2,8.6,Property manager
NRB00641,2026-01-26,Mon,Rungiri,Kikuyu,Kiambu,Family Friendly,Apartment,3 Bedroom,3,2,1,3,B0059,55000,55000,18.2,132,3,No,No,No,Yes,44,55000,44,90.9,8.3,Property manager
NRB00642,2026-01-26,Mon,Lower Kabete,Kabete,Kiambu,Mid-Range,Apartment,2 Bedroom,2,2,2,4,B0311,160000,160000,9.9,83,11,Yes,Yes,Yes,No,50,160000,1,98.0,6.7,Property manager
NRB00643,2026-01-26,Mon,Rungiri,Kikuyu,Kiambu,Student Friendly,Apartment,1 Bedroom,1,1,1,3,B0061,18000,18000,18.1,40,16,No,No,No,No,50,17000,38,97.5,4.6,Property manager
NRB00644,2026-01-26,Mon,Lower Kabete,Kabete,Kiambu,Mid-Range,Apartment,1 Bedroom,1,1,2,2,B0311,145000,145000,11.3,49,10,Yes,Yes,Yes,Yes,26,145000,269,94.3,6.0,Property manager
NRB00645,2026-01-26,Mon,Rungiri,Kikuyu,Kiambu,Student Friendly,Apartment,Studio / Bedsitter,0,1,0,3,B0061,13000,13000,17.8,27,3,No,No,No,Yes,41,13000,3,88.5,9.0,Agency
NRB00646,2026-01-26,Mon,Rungiri,Kikuyu,Kiambu,Family Friendly,Apartment,2 Bedroom,2,2,1,4,B0060,32000,32000,17.6,69,5,No,Yes,No,Yes,41,32000,87,93.9,6.0,Landlord direct
NRB00647,2026-01-26,Mon,Rungiri,Kikuyu,Kiambu,Student Friendly,Apartment,1 Bedroom,1,1,1,2,B0061,20000,20000,16.5,48,2,No,Yes,No,No,44,20000,6,96.5,9.5,Landlord direct
NRB00648,2026-01-26,Mon,Rungiri,Kikuyu,Kiambu,Student Friendly,Apartment,Studio / Bedsitter,0,1,1,5,B0061,14000,14000,18.0,21,5,No,No,No,No,55,13500,20,92.5,7.3,Property manager
NRB00649,2026-01-27,Tue,Kilimani,Westlands,Nairobi,Family Friendly,Apartment,3 Bedroom,3,3,1,2,B0499,120000,240000,4.9,116,0,No,Yes,Yes,Yes,24,114000,5,90.8,6.4,Property manager
NRB00650,2026-01-27,Tue,Kileleshwa,Westlands,Nairobi,Family Friendly,Apartment,2 Bedroom,2,2,1,4,B0466,90000,180000,4.5,85,5,Yes,Yes,Yes,Yes,38,84500,62,81.4,7.2,Agency
NRB00651,2026-01-27,Tue,Lavington,Westlands,Nairobi,Family Friendly,Apartment,2 Bedroom,2,2,1,3,B0303,76000,76000,8.1,81,12,No,Yes,No,Yes,46,72000,3,93.0,7.1,Agency
NRB00652,2026-01-27,Tue,Kitengela,Kajiado North,Kajiado,Family Friendly,Apartment,2 Bedroom,2,1,0,2,B0750,15000,15000,31.3,78,2,No,No,No,No,51,15000,20,78.7,9.0,Landlord direct
NRB00653,2026-01-27,Tue,Syokimau,Athi River,Machakos,Family Friendly,Apartment,2 Bedroom,2,2,1,3,B0205,25000,25000,20.5,89,3,No,Yes,No,Yes,45,24000,6,87.9,9.0,Landlord direct
NRB00654,2026-01-27,Tue,Roysambu,Kasarani,Nairobi,Family Friendly,Apartment,2 Bedroom,2,2,1,1,B0270,25000,25000,13.7,77,6,No,Yes,No,Yes,41,24000,9,97.7,7.3,Agency
NRB00655,2026-01-27,Tue,Utawala,Embakasi,Nairobi,Student Friendly,Apartment,1 Bedroom,1,1,1,6,B0244,22000,22000,21.1,49,17,No,Yes,No,Yes,58,21500,2,93.4,6.7,Landlord direct
NRB00656,2026-01-27,Tue,Lower Kabete,Kabete,Kiambu,Family Friendly,Apartment,2 Bedroom,2,1,1,4,B0607,55000,110000,8.8,80,4,No,Yes,No,No,51,51500,26,76.4,8.8,Landlord direct
NRB00657,2026-01-29,Thu,Wangige,Kabete,Kiambu,Affordable,Apartment,2 Bedroom,2,2,1,3,B0637,28000,28000,18.1,68,3,No,Yes,No,No,59,28000,12,97.4,5.9,Agency
NRB00658,2026-01-29,Thu,Wangige,Kabete,Kiambu,Family Friendly,Townhouse,3 Bedroom,3,2,1,0,B0002,80000,80000,16.9,102,3,No,Yes,Yes,Yes,34,72500,65,91.4,8.1,Agency
NRB00659,2026-01-29,Thu,Wangige,Kabete,Kiambu,Affordable,Apartment,2 Bedroom,2,1,1,3,B0637,25000,25000,17.4,89,26,No,No,No,Yes,34,23000,17,98.5,8.0,Agency
NRB00660,2026-01-29,Thu,Wangige,Kabete,Kiambu,Affordable,Apartment,1 Bedroom,1,1,1,2,B0637,22000,22000,18.0,46,23,No,Yes,No,Yes,37,22000,3,92.4,6.7,Property manager
NRB00661,2026-01-29,Thu,Wangige,Kabete,Kiambu,Affordable,Apartment,1 Bedroom,1,1,1,2,B0637,21000,21000,18.6,44,4,No,Yes,No,No,55,19000,37,78.6,9.1,Agency
NRB00662,2026-01-30,Fri,Uthiru,Kikuyu,Kiambu,Affordable,Apartment,2 Bedroom,2,1,1,5,B0357,30000,30000,14.1,82,7,No,Yes,No,Yes,52,27500,25,89.1,8.2,Agency
NRB00663,2026-01-30,Fri,Uthiru,Kikuyu,Kiambu,Family Friendly,Apartment,3 Bedroom,3,2,1,2,B0476,55000,55000,14.6,131,3,No,Yes,No,Yes,33,55000,23,88.6,8.1,Landlord direct
NRB00664,2026-01-30,Fri,Uthiru,Kikuyu,Kiambu,Affordable,Apartment,1 Bedroom,1,1,1,3,B0900,18000,18000,14.6,55,12,No,Yes,No,Yes,38,18000,26,99.3,7.9,Property manager
NRB00665,2026-01-30,Fri,Uthiru,Kikuyu,Kiambu,Affordable,Apartment,1 Bedroom,1,1,1,5,B0357,25000,25000,13.6,39,1,No,Yes,No,Yes,43,25000,34,93.3,6.3,Landlord direct
NRB00666,2026-02-03,Tue,Thindigua,Kiambaa,Kiambu,Affordable,Apartment,3 Bedroom,3,1,1,2,B0879,50000,50000,12.1,138,16,No,Yes,Yes,No,35,50000,17,85.0,8.8,Agency
NRB00667,2026-02-03,Tue,South B,Langata,Nairobi,Family Friendly,Apartment,2 Bedroom,2,1,1,3,B0397,60000,60000,5.2,67,7,No,Yes,No,No,32,60000,86,91.2,7.8,Agency
NRB00668,2026-02-03,Tue,South B,Langata,Nairobi,Luxury,Townhouse,6 Bedroom,6,3,2,0,B0086,120000,240000,6.1,213,11,No,Yes,No,Yes,38,113000,23,87.2,8.3,Agency
NRB00669,2026-02-03,Tue,South B,Langata,Nairobi,Family Friendly,Apartment,3 Bedroom,3,2,1,3,B0087,55000,55000,6.0,130,6,No,Yes,No,No,40,52500,22,89.9,6.9,Agency
NRB00670,2026-02-03,Tue,Thindigua,Kiambaa,Kiambu,Family Friendly,Apartment,3 Bedroom,3,1,1,2,B0743,48000,48000,12.3,110,3,No,No,No,Yes,28,42500,3,85.2,8.3,Agency
NRB00671,2026-02-03,Tue,Ngara,Starehe,Nairobi,Student Friendly,Apartment,Studio / Bedsitter,0,1,0,2,B0731,30000,37500,2.8,23,8,No,Yes,No,Yes,50,30000,49,96.9,6.0,Agency
NRB00672,2026-02-03,Tue,Ngara,Starehe,Nairobi,Student Friendly,Apartment,1 Bedroom,1,1,1,3,B0731,40000,40000,3.3,42,1,No,No,Yes,Yes,47,38000,9,82.5,8.4,Property manager
NRB00673,2026-02-03,Tue,Ngara,Starehe,Nairobi,Student Friendly,Apartment,Studio / Bedsitter,0,1,0,1,B0731,30000,30000,2.5,27,2,Yes,Yes,No,No,49,28000,44,98.0,5.9,Landlord direct
NRB00674,2026-02-03,Tue,South B,Langata,Nairobi,Family Friendly,Apartment,2 Bedroom,2,1,0,3,B0326,60000,60000,6.1,52,21,No,Yes,No,Yes,51,54500,79,89.4,5.7,Agency
NRB00675,2026-02-03,Tue,Thindigua,Kiambaa,Kiambu,Affordable,Apartment,2 Bedroom,2,1,1,3,B0879,40000,40000,12.4,69,2,No,Yes,No,No,49,37500,62,91.9,7.7,Landlord direct
NRB00676,2026-02-03,Tue,South B,Langata,Nairobi,Family Friendly,Apartment,2 Bedroom,2,1,1,4,B0397,55000,0,6.0,66,3,Yes,Yes,No,Yes,44,54000,20,78.2,6.6,Landlord direct
NRB00677,2026-02-03,Tue,Syokimau,Athi River,Machakos,Family Friendly,Apartment,3 Bedroom,3,3,1,4,B0649,75000,0,20.3,97,5,Yes,Yes,Yes,Yes,42,74000,150,97.5,10.0,Agency
NRB00678,2026-02-03,Tue,Syokimau,Athi River,Machakos,Family Friendly,Apartment,3 Bedroom,3,3,1,3,B0652,65000,130000,21.1,100,9,No,Yes,No,Yes,55,64000,56,69.9,5.0,Agency
NRB00679,2026-02-03,Tue,Utawala,Embakasi,Nairobi,Student Friendly,Apartment,1 Bedroom,1,1,0,4,B0937,22000,22000,20.7,42,17,Yes,Yes,No,Yes,54,20500,13,93.6,8.9,Landlord direct
NRB00680,2026-02-03,Tue,Kwa Ndege,Embakasi,Nairobi,Student Friendly,Apartment,1 Bedroom,1,1,0,4,B0081,15000,15000,9.9,45,9,No,No,No,Yes,57,13500,55,94.8,7.7,Agency
NRB00681,2026-02-03,Tue,Kwa Ndege,Embakasi,Nairobi,Family Friendly,Apartment,2 Bedroom,2,1,1,3,B0629,18000,18000,11.4,63,4,No,No,No,No,56,19000,6,91.3,9.1,Agency
NRB00682,2026-02-03,Tue,Wangige,Kabete,Kiambu,Family Friendly,Apartment,2 Bedroom,2,1,1,4,B0932,20000,20000,18.4,79,11,No,No,No,No,45,20000,1,73.1,8.0,Agency
NRB00683,2026-02-03,Tue,Donholm,Embakasi,Nairobi,Family Friendly,Townhouse,4 Bedroom,4,3,0,0,B0075,75000,75000,11.7,175,7,No,Yes,No,No,41,67500,31,61.0,7.4,Agency
NRB00684,2026-02-03,Tue,Donholm,Embakasi,Nairobi,Student Friendly,Apartment,Studio / Bedsitter,0,1,0,3,B0077,14000,14000,10.2,24,10,No,Yes,No,Yes,41,13000,43,78.1,9.5,Property manager
NRB00685,2026-02-03,Tue,Donholm,Embakasi,Nairobi,Student Friendly,Apartment,1 Bedroom,1,1,0,2,B0076,17000,17000,10.7,38,3,No,No,No,Yes,62,17000,8,92.7,9.6,Property manager
NRB00686,2026-02-03,Tue,Wangige,Kabete,Kiambu,Family Friendly,Apartment,2 Bedroom,2,2,1,1,B0493,42500,42500,18.0,79,6,Yes,Yes,No,Yes,36,42500,11,95.1,7.4,Property manager
NRB00687,2026-02-03,Tue,Syokimau,Athi River,Machakos,Family Friendly,Apartment,3 Bedroom,3,2,1,3,B0901,50000,100000,20.3,128,8,No,Yes,No,Yes,32,46500,196,98.2,6.3,Agency
NRB00688,2026-02-03,Tue,Kwa Ndege,Embakasi,Nairobi,Student Friendly,Apartment,2 Bedroom,2,1,0,4,B0754,15000,15000,9.6,62,5,No,No,No,Yes,51,15000,41,80.5,8.2,Agency
NRB00689,2026-02-04,Wed,Wangige,Kabete,Kiambu,Student Friendly,Apartment,Studio / Bedsitter,0,1,0,7,B0366,11000,11000,17.9,22,8,No,Yes,No,Yes,63,11500,24,97.5,7.3,Agency
NRB00690,2026-02-04,Wed,Mwimuto,Kabete,Kiambu,Family Friendly,Apartment,2 Bedroom,2,1,1,2,B0623,45000,45000,15.7,70,9,No,No,No,No,68,41500,26,96.7,5.5,Landlord direct
NRB00691,2026-02-04,Wed,Mwimuto,Kabete,Kiambu,Family Friendly,Apartment,3 Bedroom,3,2,1,2,B0622,55000,55000,14.6,114,1,No,Yes,No,No,65,52500,94,90.4,8.5,Agency
NRB00692,2026-02-04,Wed,Mwimuto,Kabete,Kiambu,Family Friendly,Apartment,3 Bedroom,3,2,1,3,B0622,65000,65000,16.0,128,2,Yes,Yes,No,Yes,45,65000,47,94.5,8.0,Property manager
NRB00693,2026-02-04,Wed,Ngong Road,Langata,Nairobi,Student Friendly,Apartment,1 Bedroom,1,1,1,4,B0446,45000,45000,8.8,51,6,No,Yes,No,Yes,50,45000,39,70.6,8.5,Property manager
NRB00694,2026-02-04,Wed,Mwimuto,Kabete,Kiambu,Student Friendly,Apartment,1 Bedroom,1,1,0,1,B0155,22000,22000,15.3,48,4,No,No,No,No,37,22000,30,96.9,6.2,Agency
NRB00695,2026-02-04,Wed,Ngong Road,Langata,Nairobi,Student Friendly,Apartment,1 Bedroom,1,1,1,4,B0446,45000,45000,9.1,46,4,Yes,No,No,Yes,45,45000,49,96.2,5.4,Agency
NRB00696,2026-02-04,Wed,Mwimuto,Kabete,Kiambu,Family Friendly,Apartment,3 Bedroom,3,2,1,1,B0623,55000,55000,15.9,121,5,Yes,Yes,No,Yes,61,51500,38,82.8,9.3,Landlord direct
NRB00697,2026-02-04,Wed,Ngong Road,Langata,Nairobi,Mid-Range,Apartment,2 Bedroom,2,1,0,2,B0550,60000,60000,8.7,60,4,Yes,Yes,No,No,44,60000,20,89.5,8.0,Landlord direct
NRB00698,2026-02-04,Wed,Wangige,Kabete,Kiambu,Student Friendly,Apartment,Studio / Bedsitter,0,1,0,7,B0366,13000,13000,18.0,19,5,No,No,No,Yes,42,13000,19,96.3,4.7,Landlord direct
NRB00699,2026-02-04,Wed,Ngong Road,Langata,Nairobi,Mid-Range,Apartment,1 Bedroom,1,1,0,2,B0550,45000,45000,9.2,46,1,No,Yes,No,No,58,45000,91,95.5,8.5,Landlord direct
NRB00700,2026-02-04,Wed,Kitengela,Kajiado North,Kajiado,Student Friendly,Apartment,1 Bedroom,1,1,0,2,B0427,11000,11000,30.5,48,2,No,No,No,No,60,10000,5,84.0,5.7,Landlord direct
NRB00701,2026-02-05,Thu,Kitengela,Kajiado North,Kajiado,Student Friendly,Apartment,1 Bedroom,1,1,0,3,B0681,17000,17000,30.1,42,9,No,No,No,No,39,17000,18,84.8,9.0,Agency
NRB00702,2026-02-05,Thu,Mwimuto,Kabete,Kiambu,Student Friendly,Apartment,1 Bedroom,1,1,0,1,B0291,38500,38500,16.0,49,15,No,Yes,Yes,Yes,51,37000,31,90.1,7.1,Landlord direct
NRB00703,2026-02-05,Thu,Mwimuto,Kabete,Kiambu,Student Friendly,Apartment,1 Bedroom,1,1,0,1,B0291,38500,38500,15.0,41,2,No,Yes,Yes,No,53,36500,2,98.2,5.6,Agency
NRB00704,2026-02-05,Thu,Mwimuto,Kabete,Kiambu,Student Friendly,Apartment,Studio / Bedsitter,0,1,0,1,B0291,22000,22000,15.6,23,6,No,No,No,No,51,20500,24,92.8,9.2,Agency
NRB00705,2026-02-06,Fri,Thome,Kasarani,Nairobi,Family Friendly,Apartment,2 Bedroom,2,2,0,3,B0157,26000,26000,12.0,75,11,No,No,No,No,33,26000,8,76.0,8.5,Agency
NRB00706,2026-02-09,Mon,Lower Kabete,Kabete,Kiambu,Student Friendly,Apartment,Studio / Bedsitter,0,1,1,1,B0760,17000,17000,11.1,20,5,No,No,No,Yes,47,16500,5,81.2,9.2,Landlord direct
NRB00707,2026-02-09,Mon,Lower Kabete,Kabete,Kiambu,Student Friendly,Apartment,Studio / Bedsitter,0,1,1,1,B0760,17000,17000,11.1,23,5,No,No,No,Yes,50,16500,15,86.1,9.0,Landlord direct
NRB00708,2026-02-09,Mon,Lower Kabete,Kabete,Kiambu,Student Friendly,Apartment,Studio / Bedsitter,0,1,1,1,B0760,17000,17000,10.8,21,4,No,No,No,Yes,52,15500,4,84.8,5.4,Agency
NRB00709,2026-02-09,Mon,Marurui,Kasarani,Nairobi,Family Friendly,Apartment,2 Bedroom,2,1,1,2,B0894,100000,100000,11.3,93,9,Yes,Yes,Yes,No,43,92000,2,94.4,5.6,Property manager
NRB00710,2026-02-09,Mon,Marurui,Kasarani,Nairobi,Family Friendly,Apartment,2 Bedroom,2,1,1,5,B0485,70000,70000,10.9,86,4,Yes,Yes,Yes,Yes,40,62000,134,86.2,4.8,Agency
NRB00711,2026-02-09,Mon,Marurui,Kasarani,Nairobi,Family Friendly,Apartment,2 Bedroom,2,2,1,8,B0645,60000,60000,11.3,56,5,Yes,Yes,Yes,No,42,60000,14,96.4,8.2,Landlord direct
NRB00712,2026-02-09,Mon,Marurui,Kasarani,Nairobi,Family Friendly,Apartment,2 Bedroom,2,1,0,1,B0722,55000,55000,12.1,60,3,Yes,Yes,No,Yes,66,51500,17,76.9,8.1,Agency
NRB00713,2026-02-09,Mon,Marurui,Kasarani,Nairobi,Family Friendly,Apartment,2 Bedroom,2,1,1,4,B0485,70000,70000,10.5,80,4,Yes,Yes,Yes,Yes,52,66000,28,89.0,8.4,Agency
NRB00714,2026-02-10,Tue,Fedha,Embakasi,Nairobi,Family Friendly,Apartment,2 Bedroom,2,2,1,1,B0431,21000,21000,12.7,81,29,No,No,No,Yes,39,19000,38,95.8,7.9,Property manager
NRB00715,2026-02-10,Tue,Fedha,Embakasi,Nairobi,Family Friendly,Apartment,3 Bedroom,3,2,1,2,B0098,35000,35000,12.2,132,1,No,No,No,Yes,36,35000,128,81.0,8.5,Agency
NRB00716,2026-02-10,Tue,Fedha,Embakasi,Nairobi,Family Friendly,Apartment,2 Bedroom,2,2,1,1,B0431,21000,21000,12.2,64,1,No,Yes,No,Yes,55,21000,19,92.9,9.1,Agency
NRB00717,2026-02-10,Tue,Fedha,Embakasi,Nairobi,Family Friendly,Apartment,2 Bedroom,2,2,1,1,B0431,22000,22000,12.1,84,1,No,Yes,No,Yes,68,19500,3,91.8,5.4,Property manager
NRB00718,2026-02-10,Tue,Garden City,Kasarani,Nairobi,Student Friendly,Apartment,1 Bedroom,1,1,0,0,B0410,24000,24000,15.4,53,14,Yes,Yes,No,Yes,60,23500,13,99.1,8.0,Landlord direct
NRB00719,2026-02-10,Tue,Garden City,Kasarani,Nairobi,Mid-Range,Mixed Development,2 Bedroom,2,3,1,4,B0351,35000,35000,15.2,80,6,No,Yes,No,Yes,38,35000,21,87.7,6.9,Landlord direct
NRB00720,2026-02-10,Tue,Garden City,Kasarani,Nairobi,Mid-Range,Mixed Development,2 Bedroom,2,2,1,2,B0351,30000,30000,15.7,68,5,No,No,No,No,45,28000,33,79.6,7.5,Property manager
NRB00721,2026-02-10,Tue,Mwihoko,Ruiru,Kiambu,Student Friendly,Apartment,1 Bedroom,1,1,0,1,B0016,12000,12000,30.7,49,8,No,Yes,No,Yes,65,12000,3,96.9,6.2,Property manager
NRB00722,2026-02-10,Tue,Fedha,Embakasi,Nairobi,Family Friendly,Apartment,2 Bedroom,2,2,1,1,B0431,21000,21000,13.3,65,5,No,No,No,No,49,21000,8,65.6,7.7,Agency
NRB00723,2026-02-12,Thu,Syokimau,Athi River,Machakos,Family Friendly,Apartment,3 Bedroom,3,2,1,1,B0082,70000,70000,21.2,123,2,Yes,No,Yes,No,45,70000,45,82.4,6.9,Property manager
NRB00724,2026-02-12,Thu,Garden City,Kasarani,Nairobi,Student Friendly,Apartment,1 Bedroom,1,1,0,2,B0003,27000,27000,16.6,34,9,No,Yes,No,No,54,24500,18,93.0,6.7,Landlord direct
NRB00725,2026-02-12,Thu,Syokimau,Athi River,Machakos,Student Friendly,Apartment,1 Bedroom,1,1,0,3,B0701,31000,31000,20.6,57,2,No,Yes,No,No,34,29500,4,98.0,6.2,Agency
NRB00726,2026-02-12,Thu,Syokimau,Athi River,Machakos,Family Friendly,Apartment,3 Bedroom,3,2,1,1,B0082,70000,70000,20.3,96,3,No,Yes,No,No,41,68000,102,67.5,9.2,Property manager
NRB00727,2026-02-12,Thu,Syokimau,Athi River,Machakos,Student Friendly,Apartment,1 Bedroom,1,1,0,4,B0701,33000,33000,21.5,37,13,No,Yes,No,Yes,56,31000,111,84.0,7.0,Landlord direct
NRB00728,2026-02-12,Thu,Fedha,Embakasi,Nairobi,Family Friendly,Apartment,2 Bedroom,2,2,1,1,B0097,20000,20000,11.7,84,8,No,No,No,Yes,49,19000,9,95.4,6.3,Agency
NRB00729,2026-02-18,Wed,Garden City,Kasarani,Nairobi,Family Friendly,Apartment,2 Bedroom,2,1,1,4,B0540,35000,78750,15.6,86,12,No,No,No,No,35,33000,59,94.1,9.1,Agency
NRB00730,2026-02-18,Wed,USIU,Kasarani,Nairobi,Family Friendly,Apartment,2 Bedroom,2,1,1,2,B0915,28000,28000,13.0,64,9,No,Yes,No,Yes,52,26500,5,93.5,8.2,Agency
NRB00731,2026-02-18,Wed,Garden City,Kasarani,Nairobi,Family Friendly,Apartment,2 Bedroom,2,1,1,4,B0762,45000,45000,15.8,74,4,No,No,No,No,35,43000,15,52.8,9.1,Property manager
NRB00732,2026-02-18,Wed,Garden City,Kasarani,Nairobi,Family Friendly,Apartment,2 Bedroom,2,1,1,4,B0762,45000,45000,16.9,75,12,No,Yes,No,Yes,46,42500,8,94.0,9.0,Landlord direct
NRB00733,2026-02-18,Wed,Garden City,Kasarani,Nairobi,Student Friendly,Apartment,1 Bedroom,1,1,0,3,B0944,18000,18000,15.3,45,5,No,No,No,Yes,62,16000,15,98.4,7.9,Agency
NRB00734,2026-02-19,Thu,Kamakis,Ruiru,Kiambu,Affordable,Apartment,2 Bedroom,2,1,0,2,B0893,30000,30000,28.2,64,11,No,Yes,No,Yes,61,28000,10,82.3,7.9,Landlord direct
NRB00735,2026-02-19,Thu,Garden City,Kasarani,Nairobi,Family Friendly,Apartment,2 Bedroom,2,1,0,4,B0688,35000,35000,16.1,77,3,No,No,No,No,59,35000,7,98.0,5.6,Agency
NRB00736,2026-02-19,Thu,Garden City,Kasarani,Nairobi,Affordable,Apartment,1 Bedroom,1,1,0,10,B0297,45000,45000,17.1,54,9,No,Yes,No,Yes,52,39500,18,87.4,7.7,Agency
NRB00737,2026-02-19,Thu,Kamakis,Ruiru,Kiambu,Family Friendly,Apartment,2 Bedroom,2,1,1,6,B0766,20000,20000,27.8,64,17,No,No,No,No,48,18000,44,89.0,7.3,Landlord direct
NRB00738,2026-02-19,Thu,Garden City,Kasarani,Nairobi,Affordable,Apartment,1 Bedroom,1,1,0,10,B0297,45000,45000,16.1,51,4,Yes,Yes,No,No,50,44500,61,95.7,5.2,Landlord direct
NRB00739,2026-02-19,Thu,Garden City,Kasarani,Nairobi,Affordable,Apartment,Studio / Bedsitter,0,1,0,10,B0297,30000,30000,15.5,19,9,No,Yes,No,No,43,30000,92,82.3,5.9,Agency
NRB00740,2026-02-19,Thu,Kamakis,Ruiru,Kiambu,Affordable,Apartment,1 Bedroom,1,1,0,3,B0893,20000,20000,27.9,42,3,No,Yes,No,No,61,20000,36,88.9,8.5,Agency
NRB00741,2026-02-19,Thu,Garden City,Kasarani,Nairobi,Affordable,Apartment,2 Bedroom,2,1,1,10,B0297,55000,55000,15.6,81,3,No,Yes,No,Yes,41,53000,39,95.9,7.1,Property manager
NRB00742,2026-02-19,Thu,Kamakis,Ruiru,Kiambu,Family Friendly,Apartment,2 Bedroom,2,2,1,3,B0880,26000,26000,27.1,85,12,No,Yes,No,No,72,26000,42,71.4,8.5,Agency
NRB00743,2026-02-19,Thu,Ruiru,Ruiru,Kiambu,Family Friendly,Apartment,2 Bedroom,2,1,0,3,B0792,35000,35000,26.3,67,25,Yes,Yes,No,Yes,45,35000,39,77.0,6.8,Property manager
NRB00744,2026-02-19,Thu,Kihunguro,Ruiru,Kiambu,Family Friendly,Apartment,1 Bedroom,1,1,0,1,B0911,25000,25000,25.4,43,11,No,Yes,No,Yes,67,25000,27,87.1,6.3,Property manager
NRB00745,2026-02-19,Thu,Kihunguro,Ruiru,Kiambu,Family Friendly,Apartment,1 Bedroom,1,1,0,1,B0911,24000,24000,25.7,32,24,No,Yes,No,No,54,23000,19,96.3,4.3,Agency
NRB00746,2026-02-19,Thu,Kihunguro,Ruiru,Kiambu,Family Friendly,Apartment,2 Bedroom,2,1,1,5,B0911,35000,35000,25.8,78,5,No,No,No,No,69,33500,90,87.9,9.0,Property manager
NRB00747,2026-02-19,Thu,Kihunguro,Ruiru,Kiambu,Family Friendly,Apartment,2 Bedroom,2,1,1,3,B0911,30000,30000,25.2,69,7,No,No,No,Yes,47,27000,34,91.1,5.5,Landlord direct
NRB00748,2026-02-20,Fri,Ruiru,Ruiru,Kiambu,Family Friendly,Apartment,2 Bedroom,2,1,0,2,B0844,30000,30000,28.7,91,3,No,No,No,Yes,79,27500,19,89.1,6.8,Agency
NRB00749,2026-02-20,Fri,Kitengela,Kajiado North,Kajiado,Family Friendly,Apartment,2 Bedroom,2,1,1,2,B0322,16000,16000,31.0,75,3,No,No,No,Yes,69,15000,104,81.6,8.8,Agency
NRB00750,2026-02-23,Mon,Kihunguro,Ruiru,Kiambu,Family Friendly,Apartment,2 Bedroom,2,1,0,3,B0791,25000,25000,24.6,71,8,No,Yes,No,No,46,26500,54,92.4,8.6,Agency
NRB00751,2026-02-23,Mon,Kihunguro,Ruiru,Kiambu,Family Friendly,Apartment,2 Bedroom,2,1,1,3,B0791,35000,35000,26.2,82,6,No,No,No,No,44,33500,24,97.0,7.0,Property manager
NRB00752,2026-02-23,Mon,Kamakis,Ruiru,Kiambu,Affordable,Apartment,1 Bedroom,1,1,0,2,B0432,25000,25000,27.7,39,2,No,Yes,No,No,68,24000,40,97.2,4.2,Landlord direct
NRB00753,2026-02-23,Mon,Kamakis,Ruiru,Kiambu,Affordable,Apartment,2 Bedroom,2,2,1,2,B0432,30000,30000,27.6,97,4,No,Yes,No,Yes,56,30000,74,91.5,5.6,Agency
NRB00754,2026-02-23,Mon,Kamakis,Ruiru,Kiambu,Family Friendly,Apartment,2 Bedroom,2,2,1,2,B0038,42000,42000,27.2,86,5,No,Yes,No,No,52,39000,45,89.6,9.5,Agency
NRB00755,2026-02-23,Mon,Kamakis,Ruiru,Kiambu,Affordable,Apartment,1 Bedroom,1,1,0,2,B0432,20000,20000,27.7,48,4,No,Yes,No,Yes,39,19500,37,97.2,7.2,Landlord direct
NRB00756,2026-02-23,Mon,Ruiru,Ruiru,Kiambu,Student Friendly,Apartment,1 Bedroom,1,1,1,0,B0037,20000,20000,28.7,50,11,No,No,No,No,64,17000,22,85.1,8.4,Property manager
NRB00757,2026-02-23,Mon,Kitengela,Kajiado North,Kajiado,Student Friendly,Apartment,1 Bedroom,1,1,0,2,B0000,12000,12000,30.4,32,7,No,No,No,No,59,11500,4,76.3,8.6,Agency
NRB00758,2026-02-23,Mon,Kamakis,Ruiru,Kiambu,Family Friendly,Apartment,2 Bedroom,2,1,1,3,B0886,17000,17000,26.2,72,7,No,No,No,Yes,52,16000,19,93.6,8.1,Property manager
NRB00759,2026-02-23,Mon,Kihunguro,Ruiru,Kiambu,Affordable,Apartment,2 Bedroom,2,1,0,2,B0107,35000,35000,24.6,74,6,No,Yes,No,Yes,58,32000,115,83.2,8.2,Agency
NRB00760,2026-02-23,Mon,Kamakis,Ruiru,Kiambu,Family Friendly,Apartment,2 Bedroom,2,1,0,3,B0620,25000,25000,27.1,91,16,No,No,No,Yes,56,25000,7,94.7,8.7,Agency
NRB00761,2026-02-23,Mon,Kamakis,Ruiru,Kiambu,Student Friendly,Apartment,1 Bedroom,1,1,0,3,B0026,17000,17000,27.8,37,3,No,No,No,Yes,51,16000,11,96.7,7.6,Agency
NRB00762,2026-02-24,Tue,Ruai,Embakasi,Nairobi,Family Friendly,Apartment,2 Bedroom,2,1,1,3,B0416,32000,32000,19.2,70,7,Yes,No,No,No,39,32000,105,85.6,9.0,Agency
NRB00763,2026-02-26,Thu,Utawala,Embakasi,Nairobi,Mid-Range,Apartment,1 Bedroom,1,1,1,1,B0210,25000,25000,21.5,43,6,No,Yes,No,No,56,23000,38,96.9,8.8,Property manager
NRB00764,2026-02-26,Thu,Marurui,Kasarani,Nairobi,Family Friendly,Apartment,2 Bedroom,2,1,1,0,B0875,32000,32000,10.9,68,2,No,No,No,No,41,29500,76,97.2,9.2,Property manager
NRB00765,2026-02-26,Thu,Kitengela,Kajiado North,Kajiado,Student Friendly,Apartment,1 Bedroom,1,1,0,2,B0681,15000,15000,31.1,44,8,No,Yes,No,Yes,48,14500,16,94.9,9.5,Landlord direct
NRB00766,2026-02-27,Fri,Ruaka,Kiambaa,Kiambu,Family Friendly,Apartment,2 Bedroom,2,1,1,2,B0377,45000,45000,11.9,76,5,No,Yes,Yes,No,43,45000,7,98.1,6.1,Agency
NRB00767,2026-02-27,Fri,Ruaka,Kiambaa,Kiambu,Family Friendly,Apartment,2 Bedroom,2,1,0,0,B0382,23000,23000,12.6,102,3,No,No,No,Yes,42,22500,13,75.4,8.9,Agency
NRB00768,2026-02-27,Fri,Ruaka,Kiambaa,Kiambu,Family Friendly,Apartment,2 Bedroom,2,1,1,3,B0418,30000,30000,11.5,85,1,No,Yes,No,No,41,28500,6,86.3,5.9,Landlord direct
NRB00769,2026-02-27,Fri,Ruaka,Kiambaa,Kiambu,Student Friendly,Apartment,1 Bedroom,1,1,0,2,B0811,33000,33000,11.6,53,5,No,Yes,No,No,33,30000,24,91.2,8.8,Agency
NRB00770,2026-02-28,Sat,Mwimuto,Kabete,Kiambu,Affordable,Apartment,Studio / Bedsitter,0,1,0,3,B0884,13000,13000,16.3,16,17,No,No,No,Yes,40,12000,51,88.1,7.9,Agency
NRB00771,2026-02-28,Sat,Mwimuto,Kabete,Kiambu,Affordable,Apartment,1 Bedroom,1,1,0,1,B0884,20000,20000,15.2,48,2,No,No,No,No,63,20000,3,87.1,8.7,Agency
NRB00772,2026-02-28,Sat,Satellite,Dagoretti,Nairobi,Student Friendly,Apartment,1 Bedroom,1,1,0,0,B0013,14000,14000,11.6,44,3,No,No,No,No,39,14000,3,86.0,7.8,Agency
NRB00773,2026-03-01,Sun,Fedha,Embakasi,Nairobi,Affordable,Apartment,1 Bedroom,1,1,1,3,B0315,18000,18000,12.5,43,6,No,Yes,No,Yes,62,18000,15,54.1,7.8,Agency
NRB00774,2026-03-01,Sun,Fedha,Embakasi,Nairobi,Family Friendly,Apartment,2 Bedroom,2,2,1,1,B0296,25000,25000,11.8,62,7,No,Yes,No,Yes,52,22000,34,91.1,7.2,Landlord direct
NRB00775,2026-03-01,Sun,Kwa Ndege,Embakasi,Nairobi,Affordable,Apartment,1 Bedroom,1,1,0,4,B0290,10000,10000,10.3,46,5,No,No,No,Yes,47,9500,2,94.4,7.6,Landlord direct
NRB00776,2026-03-02,Mon,Ruiru,Ruiru,Kiambu,Student Friendly,Apartment,1 Bedroom,1,1,1,2,B0036,20000,20000,27.8,49,11,No,Yes,No,No,52,20000,2,98.9,4.9,Property manager
NRB00777,2026-03-02,Mon,Ruaka,Kiambaa,Kiambu,Affordable,Apartment,1 Bedroom,1,1,0,1,B0035,16000,16000,12.0,49,8,No,No,No,No,42,15500,42,94.6,9.4,Landlord direct
NRB00778,2026-03-02,Mon,Kihunguro,Ruiru,Kiambu,Family Friendly,Apartment,3 Bedroom,3,3,2,2,B0821,60000,60000,25.3,130,6,No,Yes,No,Yes,45,55500,17,91.8,8.0,Agency
NRB00779,2026-03-02,Mon,Ruiru,Ruiru,Kiambu,Affordable,Apartment,1 Bedroom,1,1,1,2,B0001,25000,25000,27.7,50,6,No,No,No,No,57,24500,22,95.2,8.7,Landlord direct
NRB00780,2026-03-02,Mon,Ruiru,Ruiru,Kiambu,Affordable,Apartment,1 Bedroom,1,1,1,2,B0001,25000,25000,27.9,42,6,No,Yes,No,No,53,25000,15,98.1,6.5,Property manager
NRB00781,2026-03-02,Mon,Ruiru,Ruiru,Kiambu,Affordable,Apartment,1 Bedroom,1,1,0,2,B0001,25000,25000,28.5,37,4,No,No,No,No,77,24500,7,56.0,7.5,Property manager
NRB00782,2026-03-02,Mon,Ruiru,Ruiru,Kiambu,Affordable,Apartment,1 Bedroom,1,1,0,2,B0001,25000,25000,29.3,49,4,Yes,Yes,No,No,63,24000,7,92.4,8.9,Agency
NRB00783,2026-03-02,Mon,Ruiru,Ruiru,Kiambu,Family Friendly,Apartment,2 Bedroom,2,1,0,2,B0952,28000,28000,28.9,76,11,No,Yes,No,Yes,56,24000,22,88.7,7.5,Landlord direct
NRB00784,2026-03-02,Mon,Ruiru,Ruiru,Kiambu,Affordable,Apartment,1 Bedroom,1,1,0,2,B0001,25000,25000,28.6,50,20,No,No,No,Yes,44,25000,12,92.2,8.2,Agency
NRB00785,2026-03-02,Mon,Kihunguro,Ruiru,Kiambu,Family Friendly,Apartment,1 Bedroom,1,1,1,1,B0821,20000,20000,25.4,45,2,No,No,No,No,58,20000,16,86.4,8.1,Agency
NRB00786,2026-03-03,Tue,Ruaka,Kiambaa,Kiambu,Mid-Range,Apartment,1 Bedroom,1,1,0,2,B0120,33000,33000,11.7,34,16,No,Yes,No,Yes,46,31000,2,87.0,8.5,Property manager
NRB00787,2026-03-03,Tue,Ruaka,Kiambaa,Kiambu,Family Friendly,Apartment,2 Bedroom,2,1,0,0,B0603,23000,23000,12.5,77,5,No,Yes,No,Yes,64,23000,3,82.0,9.5,Agency
NRB00788,2026-03-03,Tue,Ruaka,Kiambaa,Kiambu,Mid-Range,Apartment,2 Bedroom,2,1,1,6,B0531,55000,55000,10.9,68,8,Yes,Yes,No,Yes,47,52000,19,86.0,9.1,Agency
NRB00789,2026-03-03,Tue,Ruaka,Kiambaa,Kiambu,Mid-Range,Apartment,1 Bedroom,1,1,1,1,B0120,33000,33000,12.3,49,3,Yes,Yes,No,Yes,49,32000,20,97.1,6.2,Landlord direct
NRB00790,2026-03-03,Tue,Ruaka,Kiambaa,Kiambu,Mid-Range,Apartment,1 Bedroom,1,1,1,2,B0120,33000,33000,12.6,38,4,No,Yes,No,Yes,59,30500,41,89.6,7.6,Agency
NRB00791,2026-03-03,Tue,Ruaka,Kiambaa,Kiambu,Mid-Range,Apartment,2 Bedroom,2,1,1,6,B0531,55000,55000,12.3,76,4,Yes,Yes,No,No,50,51500,115,94.8,8.8,Agency
NRB00792,2026-03-03,Tue,Ruaka,Kiambaa,Kiambu,Mid-Range,Apartment,1 Bedroom,1,1,1,2,B0531,43000,43000,13.0,45,2,No,Yes,No,Yes,40,42000,7,93.2,8.7,Property manager
NRB00793,2026-03-03,Tue,Ruaka,Kiambaa,Kiambu,Mid-Range,Apartment,1 Bedroom,1,1,0,2,B0531,40000,40000,12.2,53,7,No,Yes,No,Yes,56,40000,23,99.7,7.5,Agency
NRB00794,2026-03-03,Tue,Joska,Matungulu,Machakos,Student Friendly,Apartment,1 Bedroom,1,1,0,1,B0218,10000,10000,39.4,50,9,No,No,No,No,49,9500,31,85.3,9.7,Agency
NRB00795,2026-03-03,Tue,Kitengela,Kajiado North,Kajiado,Student Friendly,Apartment,1 Bedroom,1,1,0,3,B0089,13000,13000,30.8,44,5,No,No,No,No,47,12000,17,96.3,7.2,Agency
NRB00796,2026-03-03,Tue,Ruaka,Kiambaa,Kiambu,Affordable,Apartment,1 Bedroom,1,1,1,3,B0826,20000,20000,12.9,44,6,No,No,No,Yes,51,20000,36,81.3,6.8,Property manager
NRB00797,2026-03-04,Wed,Ruaka,Kiambaa,Kiambu,Family Friendly,Apartment,Studio / Bedsitter,0,1,0,2,B0810,32000,32000,12.5,16,5,No,Yes,No,Yes,55,28000,79,99.8,4.5,Agency
NRB00798,2026-03-04,Wed,Ruaka,Kiambaa,Kiambu,Family Friendly,Apartment,3 Bedroom,3,2,1,2,B0810,94000,94000,12.3,129,0,No,Yes,Yes,Yes,55,94000,14,75.2,9.6,Agency
NRB00799,2026-03-04,Wed,Ruaka,Kiambaa,Kiambu,Family Friendly,Apartment,Studio / Bedsitter,0,1,0,2,B0810,32000,32000,12.9,20,10,Yes,Yes,No,No,34,30000,119,88.8,5.9,Landlord direct
NRB00800,2026-03-04,Wed,Ruaka,Kiambaa,Kiambu,Family Friendly,Apartment,2 Bedroom,2,2,2,1,B0810,53000,53000,13.5,71,4,Yes,Yes,No,Yes,63,51000,3,88.5,7.6,Landlord direct
NRB00801,2026-03-04,Wed,Ruaka,Kiambaa,Kiambu,Family Friendly,Apartment,3 Bedroom,3,2,1,1,B0810,83000,83000,12.2,90,1,No,No,No,Yes,32,83000,101,84.3,5.3,Landlord direct
NRB00802,2026-03-04,Wed,Ruaka,Kiambaa,Kiambu,Family Friendly,Apartment,1 Bedroom,1,1,1,2,B0810,39000,39000,12.4,46,9,Yes,Yes,No,No,36,39000,25,98.3,4.7,Property manager
NRB00803,2026-03-04,Wed,Ruaka,Kiambaa,Kiambu,Family Friendly,Apartment,2 Bedroom,2,2,1,2,B0810,65000,65000,12.5,73,6,No,Yes,No,No,64,63000,20,93.6,9.4,Agency
NRB00804,2026-03-04,Wed,Ruaka,Kiambaa,Kiambu,Affordable,Apartment,1 Bedroom,1,1,0,0,B0347,18000,18000,12.2,51,2,No,No,No,Yes,25,17500,14,91.5,7.3,Agency
NRB00805,2026-03-04,Wed,Ruaka,Kiambaa,Kiambu,Family Friendly,Apartment,2 Bedroom,2,1,0,3,B0181,18000,18000,12.5,74,16,No,No,No,Yes,46,16500,19,86.3,8.7,Agency
NRB00806,2026-03-04,Wed,Ruaka,Kiambaa,Kiambu,Family Friendly,Apartment,2 Bedroom,2,1,0,3,B0181,18000,18000,13.0,75,4,No,No,No,Yes,30,18000,14,97.9,6.5,Agency
NRB00807,2026-03-04,Wed,Ruaka,Kiambaa,Kiambu,Mid-Range,Apartment,2 Bedroom,2,2,1,2,B0955,50000,50000,11.8,78,15,No,Yes,No,No,46,47000,4,75.1,8.7,Agency
NRB00808,2026-03-04,Wed,Ruaka,Kiambaa,Kiambu,Affordable,Apartment,2 Bedroom,2,1,0,0,B0347,23000,23000,13.4,78,10,No,No,No,No,48,22000,21,81.1,7.0,Property manager
NRB00809,2026-03-04,Wed,Ruaka,Kiambaa,Kiambu,Mid-Range,Apartment,1 Bedroom,1,1,0,3,B0955,35000,35000,12.6,53,2,No,Yes,No,Yes,63,31500,9,87.5,7.6,Agency
NRB00810,2026-03-04,Wed,Ruaka,Kiambaa,Kiambu,Student Friendly,Apartment,Studio / Bedsitter,0,1,1,6,B0830,12000,12000,12.4,24,28,No,No,No,No,44,12000,23,87.4,5.5,Property manager
NRB00811,2026-03-05,Thu,Gitaru,Kabete,Kiambu,Family Friendly,Apartment,2 Bedroom,2,2,1,3,B0428,38000,38000,21.0,68,12,No,Yes,No,No,27,34500,12,99.3,8.6,Agency
NRB00812,2026-03-05,Thu,Kinoo,Kikuyu,Kiambu,Family Friendly,Apartment,3 Bedroom,3,1,1,3,B0808,40000,40000,17.8,105,17,No,No,No,Yes,31,41000,77,72.6,7.8,Property manager
NRB00813,2026-03-05,Thu,Kinoo,Kikuyu,Kiambu,Family Friendly,Apartment,2 Bedroom,2,1,1,2,B0808,30000,30000,18.6,62,1,No,Yes,No,Yes,47,31500,23,98.5,8.5,Landlord direct
NRB00814,2026-03-05,Thu,Rungiri,Kikuyu,Kiambu,Family Friendly,Apartment,2 Bedroom,2,1,0,0,B0827,20000,20000,18.1,79,2,No,No,No,Yes,70,20000,17,82.9,9.3,Landlord direct
NRB00815,2026-03-05,Thu,Regen,Kikuyu,Kiambu,Affordable,Apartment,1 Bedroom,1,1,1,4,B0523,24000,24000,15.5,46,7,No,Yes,No,Yes,39,25000,5,75.9,8.8,Property manager
NRB00816,2026-03-05,Thu,Gitaru,Kabete,Kiambu,Family Friendly,Apartment,2 Bedroom,2,2,1,3,B0428,38000,38000,21.9,88,15,No,Yes,No,No,42,35000,97,99.2,8.9,Agency
NRB00817,2026-03-05,Thu,Gitaru,Kabete,Kiambu,Family Friendly,Apartment,2 Bedroom,2,2,1,3,B0428,38000,38000,22.5,83,3,Yes,Yes,No,Yes,54,38000,15,96.6,5.5,Property manager
NRB00818,2026-03-05,Thu,Marurui,Kasarani,Nairobi,Family Friendly,Apartment,2 Bedroom,2,1,1,1,B0139,25000,25000,11.1,65,19,No,Yes,No,No,44,25500,58,98.4,5.6,Agency
NRB00819,2026-03-05,Thu,Ruaka,Kiambaa,Kiambu,Affordable,Apartment,1 Bedroom,1,1,0,0,B0903,20000,20000,12.1,45,10,No,No,No,No,56,19000,9,84.0,7.9,Landlord direct
NRB00820,2026-03-05,Thu,Marurui,Kasarani,Nairobi,Family Friendly,Apartment,2 Bedroom,2,2,1,4,B0394,20000,20000,12.1,79,1,No,No,No,Yes,39,20000,9,86.9,8.5,Landlord direct
NRB00821,2026-03-05,Thu,Marurui,Kasarani,Nairobi,Family Friendly,Apartment,2 Bedroom,2,1,1,4,B0394,20000,20000,10.4,76,15,No,No,No,No,33,19000,4,90.4,5.7,Agency
NRB00822,2026-03-05,Thu,Ruaka,Kiambaa,Kiambu,Mid-Range,Apartment,1 Bedroom,1,1,0,1,B0605,35000,35000,12.0,40,7,No,Yes,No,No,52,35000,8,94.5,9.0,Agency
NRB00823,2026-03-05,Thu,Marurui,Kasarani,Nairobi,Family Friendly,Apartment,2 Bedroom,2,1,1,3,B0134,17000,17000,11.3,82,8,No,No,No,Yes,43,17000,68,73.1,7.7,Agency
NRB00824,2026-03-05,Thu,Ruaka,Kiambaa,Kiambu,Affordable,Apartment,1 Bedroom,1,1,0,2,B0796,22000,22000,10.8,53,6,No,No,No,Yes,62,22000,29,95.4,9.4,Landlord direct
NRB00825,2026-03-05,Thu,Ruaka,Kiambaa,Kiambu,Family Friendly,Apartment,2 Bedroom,2,2,1,1,B0818,40000,40000,12.3,69,4,No,Yes,No,Yes,45,40000,39,78.4,9.3,Agency
NRB00826,2026-03-06,Fri,Ruaka,Kiambaa,Kiambu,Mid-Range,Apartment,1 Bedroom,1,1,1,3,B0053,35000,35000,12.5,46,12,No,Yes,No,Yes,32,35000,13,84.3,7.0,Agency
NRB00827,2026-03-06,Fri,Ruaka,Kiambaa,Kiambu,Mid-Range,Apartment,1 Bedroom,1,1,1,3,B0924,30000,30000,11.8,41,7,No,Yes,No,No,70,28000,2,71.7,8.3,Property manager
NRB00828,2026-03-06,Fri,Ruaka,Kiambaa,Kiambu,Student Friendly,Apartment,1 Bedroom,1,1,0,0,B0051,16500,16500,10.6,48,10,No,No,No,No,25,17000,3,90.3,8.5,Property manager
NRB00829,2026-03-06,Fri,Rungiri,Kikuyu,Kiambu,Family Friendly,Apartment,2 Bedroom,2,1,1,0,B0189,30000,30000,17.5,68,8,No,No,No,Yes,58,28500,40,86.0,6.6,Landlord direct
NRB00830,2026-03-06,Fri,Ruaka,Kiambaa,Kiambu,Affordable,Apartment,1 Bedroom,1,1,1,4,B0940,23000,23000,12.7,35,4,No,No,No,Yes,58,23000,58,95.6,9.2,Agency
NRB00831,2026-03-06,Fri,Ruaka,Kiambaa,Kiambu,Mid-Range,Apartment,1 Bedroom,1,1,1,3,B0924,30000,30000,12.2,47,4,No,Yes,No,Yes,26,30000,38,68.8,9.2,Agency
NRB00832,2026-03-06,Fri,Ruaka,Kiambaa,Kiambu,Family Friendly,Apartment,2 Bedroom,2,1,1,3,B0052,24000,24000,11.4,85,2,No,Yes,No,No,54,22000,32,97.7,7.6,Agency
NRB00833,2026-03-06,Fri,Thogoto,Kikuyu,Kiambu,Family Friendly,Apartment,2 Bedroom,2,2,1,3,B0931,30000,30000,18.4,82,10,No,Yes,No,Yes,58,30000,52,99.8,8.5,Property manager
NRB00834,2026-03-06,Fri,Thogoto,Kikuyu,Kiambu,Family Friendly,Apartment,2 Bedroom,2,1,1,2,B0931,28000,28000,17.2,74,3,No,No,No,Yes,49,25500,49,98.3,9.0,Agency
NRB00835,2026-03-06,Fri,Ruaka,Kiambaa,Kiambu,Student Friendly,Apartment,1 Bedroom,1,1,1,2,B0878,20000,20000,11.9,48,1,No,Yes,No,Yes,46,20000,11,99.4,3.1,Property manager
NRB00836,2026-03-06,Fri,Thogoto,Kikuyu,Kiambu,Student Friendly,Apartment,Studio / Bedsitter,0,1,1,2,B0547,16000,16000,18.3,20,5,No,No,No,Yes,36,15000,23,92.5,6.4,Agency
NRB00837,2026-03-06,Fri,Rungiri,Kikuyu,Kiambu,Family Friendly,Apartment,2 Bedroom,2,2,1,3,B0070,25000,25000,17.0,89,7,No,Yes,No,Yes,47,26000,18,96.3,7.0,Agency
NRB00838,2026-03-09,Mon,Kahawa West,Kasarani,Nairobi,Affordable,Apartment,1 Bedroom,1,2,1,1,B0779,15000,18750,17.1,29,5,No,Yes,No,Yes,37,14500,16,95.1,7.2,Property manager
NRB00839,2026-03-09,Mon,Kahawa West,Kasarani,Nairobi,Family Friendly,Apartment,3 Bedroom,3,2,1,2,B0571,80000,160000,17.4,95,17,No,Yes,Yes,Yes,58,76500,18,88.2,6.7,Landlord direct
NRB00840,2026-03-09,Mon,Banana,Kiambaa,Kiambu,Family Friendly,Apartment,2 Bedroom,2,1,1,2,B0062,18000,18000,18.8,75,2,No,Yes,No,Yes,62,17500,15,84.9,9.5,Landlord direct
NRB00841,2026-03-09,Mon,Kahawa West,Kasarani,Nairobi,Affordable,Apartment,2 Bedroom,2,2,2,1,B0779,20000,20000,17.4,76,10,No,Yes,No,Yes,52,17500,34,92.7,8.1,Agency
NRB00842,2026-03-09,Mon,Kahawa West,Kasarani,Nairobi,Student Friendly,Apartment,1 Bedroom,1,1,1,4,B0348,14000,14000,17.5,47,6,No,No,No,No,55,14000,4,92.2,8.0,Landlord direct
NRB00843,2026-03-09,Mon,Kahawa West,Kasarani,Nairobi,Affordable,Apartment,1 Bedroom,1,2,1,1,B0779,15000,18750,17.6,42,5,No,Yes,No,Yes,43,15000,25,92.7,7.5,Agency
NRB00844,2026-03-09,Mon,Kahawa West,Kasarani,Nairobi,Family Friendly,Apartment,2 Bedroom,2,2,0,0,B0571,60000,120000,18.0,69,4,Yes,Yes,Yes,No,43,60000,2,97.0,6.3,Agency
NRB00845,2026-03-09,Mon,Kahawa West,Kasarani,Nairobi,Family Friendly,Apartment,2 Bedroom,2,1,1,3,B0569,22000,22000,17.4,71,2,No,No,No,Yes,32,20000,19,87.9,8.6,Landlord direct
NRB00846,2026-03-09,Mon,Kinoo,Kikuyu,Kiambu,Mid-Range,Apartment,1 Bedroom,1,1,1,2,B0186,35000,35000,18.1,49,4,No,No,No,No,34,33500,4,81.5,8.9,Agency
NRB00847,2026-03-09,Mon,Kinoo,Kikuyu,Kiambu,Mid-Range,Apartment,1 Bedroom,1,1,1,2,B0186,35000,35000,17.6,47,3,No,Yes,No,No,42,35500,10,76.3,9.3,Agency
NRB00848,2026-03-09,Mon,Rungiri,Kikuyu,Kiambu,Family Friendly,Apartment,2 Bedroom,2,1,1,0,B0402,25000,25000,17.5,91,8,No,Yes,No,Yes,41,23500,34,87.8,7.4,Agency
NRB00849,2026-03-09,Mon,Kinoo,Kikuyu,Kiambu,Mid-Range,Apartment,1 Bedroom,1,1,1,2,B0186,35000,35000,18.3,43,7,No,Yes,Yes,No,49,35000,4,94.2,8.4,Landlord direct
NRB00850,2026-03-09,Mon,Rungiri,Kikuyu,Kiambu,Mid-Range,Apartment,2 Bedroom,2,2,1,3,B0308,45000,45000,16.5,69,7,No,Yes,Yes,No,54,48000,121,91.2,9.2,Agency
NRB00851,2026-03-09,Mon,Kahawa West,Kasarani,Nairobi,Student Friendly,Apartment,1 Bedroom,1,1,1,3,B0348,14000,14000,17.0,60,19,No,No,No,No,47,13000,7,91.6,7.2,Landlord direct
NRB00852,2026-03-10,Tue,Utawala,Embakasi,Nairobi,Student Friendly,Apartment,1 Bedroom,1,1,0,3,B0238,20000,20000,21.5,47,5,No,Yes,No,Yes,60,19000,7,94.2,8.8,Agency
NRB00853,2026-03-10,Tue,Kahawa West,Kasarani,Nairobi,Student Friendly,Apartment,1 Bedroom,1,1,1,3,B0590,15000,15000,17.3,35,6,No,No,No,Yes,56,13500,36,86.7,6.3,Property manager
NRB00854,2026-03-10,Tue,Kahawa West,Kasarani,Nairobi,Student Friendly,Apartment,1 Bedroom,1,1,1,2,B0150,10000,10000,17.6,41,9,No,No,No,No,43,10000,3,75.0,6.6,Landlord direct
NRB00855,2026-03-10,Tue,Kahawa West,Kasarani,Nairobi,Family Friendly,Apartment,2 Bedroom,2,1,1,1,B0152,15000,15000,17.7,69,8,No,No,No,Yes,39,13500,9,85.2,8.0,Agency
NRB00856,2026-03-10,Tue,Kahawa West,Kasarani,Nairobi,Family Friendly,Apartment,2 Bedroom,2,1,1,1,B0153,20000,20000,18.3,84,6,No,Yes,No,Yes,36,18000,50,95.9,7.1,Landlord direct
NRB00857,2026-03-12,Thu,Thome,Kasarani,Nairobi,Family Friendly,Apartment,2 Bedroom,2,1,1,3,B0374,20000,20000,11.8,70,1,No,No,Yes,Yes,55,19000,4,81.8,8.9,Agency
NRB00858,2026-03-12,Thu,Thogoto,Kikuyu,Kiambu,Affordable,Apartment,1 Bedroom,1,1,0,0,B0192,11500,11500,18.4,33,5,No,Yes,No,Yes,34,11500,29,93.0,8.9,Property manager
NRB00859,2026-03-12,Thu,Ruaka,Kiambaa,Kiambu,Student Friendly,Apartment,Studio / Bedsitter,0,1,1,1,B0056,13000,13000,12.4,24,14,No,No,No,Yes,44,12000,94,92.0,8.0,Agency
NRB00860,2026-03-12,Thu,Ruaka,Kiambaa,Kiambu,Student Friendly,Apartment,Studio / Bedsitter,0,1,0,1,B0122,12500,12500,13.0,28,7,No,No,No,Yes,52,12500,14,86.8,7.1,Landlord direct
NRB00861,2026-03-12,Thu,Ruaka,Kiambaa,Kiambu,Student Friendly,Apartment,1 Bedroom,1,1,0,0,B0122,20000,20000,11.4,39,11,No,No,No,Yes,35,19500,18,82.1,9.2,Agency
NRB00862,2026-03-12,Thu,Thogoto,Kikuyu,Kiambu,Affordable,Apartment,Studio / Bedsitter,0,1,0,0,B0192,10000,10000,18.4,26,6,No,No,No,Yes,57,9500,29,96.5,8.1,Landlord direct
NRB00863,2026-03-12,Thu,Thogoto,Kikuyu,Kiambu,Family Friendly,Apartment,2 Bedroom,2,2,1,2,B0895,18000,18000,17.9,55,8,No,Yes,No,Yes,57,16000,17,91.9,9.4,Agency
NRB00864,2026-03-12,Thu,Kahawa West,Kasarani,Nairobi,Family Friendly,Apartment,2 Bedroom,2,1,0,0,B0145,17000,17000,17.2,73,9,No,No,No,Yes,62,17000,44,96.6,8.8,Property manager
NRB00865,2026-03-12,Thu,Imara Daima,Embakasi,Nairobi,Mid-Range,Apartment,1 Bedroom,1,1,1,5,B0519,28000,28000,11.0,44,6,No,Yes,No,Yes,56,26000,45,86.6,8.8,Property manager
NRB00866,2026-03-12,Thu,Imara Daima,Embakasi,Nairobi,Family Friendly,Apartment,3 Bedroom,3,2,1,2,B0424,55000,55000,10.1,97,3,No,Yes,No,Yes,44,51500,18,95.0,8.4,Agency
NRB00867,2026-03-12,Thu,Imara Daima,Embakasi,Nairobi,Family Friendly,Apartment,2 Bedroom,2,2,1,2,B0860,38000,38000,10.6,70,8,No,Yes,No,Yes,56,33000,38,94.8,8.1,Agency
NRB00868,2026-03-12,Thu,Kahawa West,Kasarani,Nairobi,Family Friendly,Apartment,1 Bedroom,1,1,1,4,B0145,11000,11000,17.5,45,12,No,Yes,No,No,64,11000,48,88.4,8.2,Landlord direct
NRB00869,2026-03-12,Thu,Imara Daima,Embakasi,Nairobi,Family Friendly,Apartment,2 Bedroom,2,1,1,2,B0317,35000,35000,11.5,70,5,No,Yes,No,Yes,38,35500,17,90.1,6.2,Landlord direct
NRB00870,2026-03-12,Thu,Thome,Kasarani,Nairobi,Student Friendly,Apartment,1 Bedroom,1,1,1,1,B0892,15000,15000,12.4,50,4,No,No,No,Yes,52,15000,63,98.7,7.8,Agency
NRB00871,2026-03-12,Thu,Kahawa West,Kasarani,Nairobi,Student Friendly,Apartment,1 Bedroom,1,1,1,1,B0799,13000,13000,17.7,34,9,No,No,No,Yes,40,13000,102,84.7,7.0,Property manager
NRB00872,2026-03-13,Fri,Mwihoko,Ruiru,Kiambu,Family Friendly,Apartment,2 Bedroom,2,1,0,0,B0015,12000,12000,31.6,70,7,No,No,No,Yes,42,11500,12,94.3,9.1,Property manager
NRB00873,2026-03-16,Mon,Imara Daima,Embakasi,Nairobi,Family Friendly,Apartment,2 Bedroom,2,1,0,0,B0793,35000,35000,12.3,77,5,No,Yes,No,Yes,49,33000,15,89.9,7.1,Agency
NRB00874,2026-03-16,Mon,Car Wash,Kasarani,Nairobi,Student Friendly,Apartment,Studio / Bedsitter,0,1,0,1,B0748,10000,10000,16.5,23,10,No,No,No,No,42,9500,10,87.1,8.3,Agency
NRB00875,2026-03-17,Tue,Car Wash,Kasarani,Nairobi,Family Friendly,Apartment,2 Bedroom,2,1,1,1,B0624,32000,32000,16.2,65,1,Yes,No,Yes,No,53,31500,8,99.4,9.9,Agency
NRB00876,2026-03-17,Tue,Kahawa West,Kasarani,Nairobi,Family Friendly,Apartment,2 Bedroom,2,1,1,1,B0151,25000,25000,17.7,60,12,No,No,No,Yes,28,25000,61,55.2,8.0,Agency
NRB00877,2026-03-18,Wed,Car Wash,Kasarani,Nairobi,Affordable,Apartment,2 Bedroom,2,1,2,2,B0103,20000,20000,16.7,81,2,No,No,No,No,43,20500,33,89.4,8.7,Property manager
NRB00878,2026-03-18,Wed,Car Wash,Kasarani,Nairobi,Affordable,Apartment,1 Bedroom,1,1,1,2,B0103,13000,13000,17.5,37,5,No,Yes,No,Yes,38,12500,10,95.2,6.8,Landlord direct
NRB00879,2026-03-18,Wed,Car Wash,Kasarani,Nairobi,Affordable,Apartment,2 Bedroom,2,1,2,2,B0103,20000,20000,17.5,85,3,No,No,No,Yes,35,20000,22,95.7,6.1,Landlord direct
NRB00880,2026-03-18,Wed,Kasarani,Kasarani,Nairobi,Family Friendly,Apartment,2 Bedroom,2,2,2,2,B0159,27000,27000,14.9,84,3,No,Yes,No,No,38,25000,14,93.0,9.2,Agency
NRB00881,2026-03-18,Wed,Kasarani,Kasarani,Nairobi,Family Friendly,Apartment,1 Bedroom,1,1,1,0,B0159,20000,20000,15.1,44,15,No,No,No,Yes,56,17500,4,95.4,7.8,Agency
NRB00882,2026-03-18,Wed,Gachie,Kiambaa,Kiambu,Family Friendly,Apartment,2 Bedroom,2,1,1,0,B0169,23000,23000,13.1,75,3,No,Yes,Yes,Yes,39,23000,30,98.5,9.6,Agency
NRB00883,2026-03-18,Wed,Kasarani,Kasarani,Nairobi,Family Friendly,Apartment,2 Bedroom,2,2,2,2,B0159,27000,27000,14.6,73,8,No,Yes,No,Yes,46,25500,3,93.2,7.3,Agency
NRB00884,2026-03-18,Wed,Kahawa West,Kasarani,Nairobi,Affordable,Apartment,2 Bedroom,2,1,1,0,B0455,24000,24000,18.1,80,6,No,No,No,Yes,63,22000,30,88.6,6.8,Agency
NRB00885,2026-03-18,Wed,Kahawa West,Kasarani,Nairobi,Family Friendly,Apartment,2 Bedroom,2,1,1,1,B0102,17000,21250,18.7,77,3,No,No,No,No,40,16000,56,88.5,5.1,Agency
NRB00886,2026-03-18,Wed,Gachie,Kiambaa,Kiambu,Family Friendly,Apartment,2 Bedroom,2,1,1,4,B0163,30000,30000,12.7,65,12,No,No,No,Yes,42,28000,48,95.9,8.0,Agency
NRB00887,2026-03-18,Wed,Zimmerman,Kasarani,Nairobi,Student Friendly,Apartment,1 Bedroom,1,1,1,2,B0487,14000,17500,15.2,31,1,No,Yes,No,No,53,13000,19,73.3,6.3,Agency
NRB00888,2026-03-18,Wed,Zimmerman,Kasarani,Nairobi,Student Friendly,Apartment,1 Bedroom,1,1,1,2,B0487,14000,17500,15.5,47,8,No,No,No,No,45,14000,9,87.1,7.2,Agency
NRB00889,2026-03-18,Wed,Kahawa West,Kasarani,Nairobi,Family Friendly,Apartment,2 Bedroom,2,1,1,2,B0102,18000,18000,17.5,61,5,No,No,No,Yes,58,17000,14,66.2,8.4,Agency
NRB00890,2026-03-18,Wed,Gachie,Kiambaa,Kiambu,Family Friendly,Apartment,2 Bedroom,2,1,1,4,B0768,26000,26000,12.1,74,15,No,Yes,No,No,40,23000,22,59.4,5.7,Property manager
NRB00891,2026-03-18,Wed,Car Wash,Kasarani,Nairobi,Family Friendly,Apartment,2 Bedroom,2,1,1,3,B0949,18000,18000,16.8,78,18,No,Yes,No,Yes,57,17500,5,94.9,6.9,Agency
NRB00892,2026-03-18,Wed,Gachie,Kiambaa,Kiambu,Family Friendly,Apartment,2 Bedroom,2,1,0,2,B0164,30000,30000,11.2,79,8,No,Yes,No,No,64,29500,16,95.5,8.3,Property manager
NRB00893,2026-03-18,Wed,Kahawa West,Kasarani,Nairobi,Family Friendly,Apartment,2 Bedroom,2,1,1,2,B0102,19000,19000,17.7,70,5,No,No,No,Yes,57,17500,15,80.0,9.2,Agency
NRB00894,2026-03-19,Thu,Kamakis,Ruiru,Kiambu,Student Friendly,Apartment,1 Bedroom,1,1,1,4,B0118,15000,15000,28.4,47,21,No,Yes,No,Yes,50,15000,6,81.3,7.2,Landlord direct
NRB00895,2026-03-19,Thu,Kasarani,Kasarani,Nairobi,Family Friendly,Apartment,2 Bedroom,2,2,0,3,B0278,25000,25000,16.0,63,13,No,Yes,No,Yes,39,23500,16,80.7,4.9,Landlord direct
NRB00896,2026-03-23,Mon,Zambezi,Kikuyu,Kiambu,Family Friendly,Apartment,3 Bedroom,3,3,2,3,B0694,45000,45000,25.1,113,2,No,Yes,No,No,62,42500,38,92.1,8.8,Property manager
NRB00897,2026-03-23,Mon,Sigona,Kikuyu,Kiambu,Mid-Range,Apartment,2 Bedroom,2,2,1,3,B0170,50000,100000,23.4,78,22,No,Yes,No,No,53,47000,34,95.6,6.5,Agency
NRB00898,2026-03-24,Tue,Syokimau,Athi River,Machakos,Family Friendly,Apartment,3 Bedroom,3,3,2,1,B0723,70000,70000,20.9,94,9,No,Yes,Yes,Yes,48,61000,67,87.5,4.7,Property manager
NRB00899,2026-03-24,Tue,Syokimau,Athi River,Machakos,Family Friendly,Apartment,3 Bedroom,3,3,2,1,B0723,70000,140000,19.2,125,1,Yes,Yes,No,No,55,63000,112,94.6,9.3,Property manager
NRB00900,2026-03-24,Tue,Rungiri,Kikuyu,Kiambu,Mid-Range,Apartment,1 Bedroom,1,1,1,5,B0639,28000,28000,17.5,39,3,No,Yes,No,No,36,28000,18,75.7,7.6,Agency
NRB00901,2026-03-24,Tue,Jomoko,Thika,Kiambu,Family Friendly,Apartment,2 Bedroom,2,1,1,4,B0585,22000,22000,48.6,60,6,No,No,Yes,Yes,52,22000,3,92.6,7.1,Property manager
NRB00902,2026-03-26,Thu,Komarock,Embakasi,Nairobi,Family Friendly,Townhouse,4 Bedroom,4,3,0,0,B0241,45000,45000,12.5,195,11,No,Yes,No,No,18,45000,13,97.6,4.8,Landlord direct
NRB00903,2026-03-26,Thu,Sosian,Embakasi,Nairobi,Family Friendly,Apartment,3 Bedroom,3,2,1,3,B0842,40000,40000,4.1,96,5,No,Yes,Yes,Yes,40,40000,18,95.8,9.0,Agency
NRB00904,2026-03-26,Thu,Sosian,Embakasi,Nairobi,Family Friendly,Apartment,3 Bedroom,3,3,1,2,B0842,60000,60000,4.9,119,4,No,Yes,Yes,Yes,43,57500,6,83.2,6.9,Landlord direct
NRB00905,2026-03-26,Thu,Mountain View,Westlands,Nairobi,Family Friendly,Apartment,2 Bedroom,2,1,1,3,B0500,45000,45000,5.8,78,5,No,Yes,No,Yes,55,41000,68,81.6,5.3,Property manager
NRB00906,2026-03-26,Thu,USIU,Kasarani,Nairobi,Family Friendly,Apartment,2 Bedroom,2,2,1,2,B0817,40000,40000,13.5,65,7,No,Yes,No,Yes,46,40000,37,86.7,7.6,Agency
NRB00907,2026-03-26,Thu,Mountain View,Westlands,Nairobi,Family Friendly,Apartment,3 Bedroom,3,2,1,2,B0500,55000,55000,5.5,125,14,No,No,No,Yes,51,55000,12,80.3,7.8,Landlord direct
NRB00908,2026-03-26,Thu,Syokimau,Athi River,Machakos,Affordable,Apartment,1 Bedroom,1,1,1,2,B0312,22000,22000,19.6,37,4,No,No,No,No,32,19500,77,90.0,6.4,Agency
NRB00909,2026-03-26,Thu,Utawala,Embakasi,Nairobi,Affordable,Apartment,2 Bedroom,2,1,1,5,B0325,25000,25000,20.8,80,6,No,Yes,No,No,36,24000,7,98.7,7.8,Agency
NRB00910,2026-03-26,Thu,Syokimau,Athi River,Machakos,Affordable,Apartment,2 Bedroom,2,2,1,4,B0312,25000,25000,20.3,60,3,No,No,No,Yes,65,25000,16,83.3,6.1,Agency
NRB00911,2026-03-27,Fri,Lavington,Westlands,Nairobi,Luxury,Apartment,2 Bedroom,2,2,2,13,B0633,90000,180000,8.1,69,4,No,Yes,No,Yes,66,87500,124,95.0,6.7,Agency
NRB00912,2026-03-27,Fri,Fedha,Embakasi,Nairobi,Student Friendly,Apartment,1 Bedroom,1,1,0,3,B0017,18500,18500,12.6,45,3,No,Yes,Yes,No,25,17000,70,98.8,8.9,Agency
NRB00913,2026-03-27,Fri,Zambezi,Kikuyu,Kiambu,Family Friendly,Apartment,3 Bedroom,3,3,2,3,B0694,45000,45000,25.4,101,4,No,Yes,Yes,Yes,55,42000,91,91.8,8.6,Property manager
NRB00914,2026-03-28,Sat,Ruiru,Ruiru,Kiambu,Student Friendly,Apartment,1 Bedroom,1,1,0,5,B0558,16000,16000,28.8,52,13,No,No,No,Yes,40,15000,23,74.6,7.1,Agency
NRB00915,2026-03-28,Sat,Kihunguro,Ruiru,Kiambu,Affordable,Apartment,2 Bedroom,2,1,1,2,B0107,35000,35000,25.6,73,4,No,Yes,No,Yes,51,33000,13,94.5,9.2,Agency
NRB00916,2026-03-28,Sat,Garden City,Kasarani,Nairobi,Family Friendly,Apartment,2 Bedroom,2,1,1,8,B0679,98000,196000,15.9,80,6,Yes,Yes,Yes,Yes,42,93000,50,97.4,8.1,Agency
NRB00917,2026-03-28,Sat,Garden City,Kasarani,Nairobi,Family Friendly,Apartment,1 Bedroom,1,1,2,11,B0679,89000,222500,16.0,36,10,Yes,Yes,Yes,Yes,37,78000,23,89.9,8.9,Landlord direct
NRB00918,2026-03-28,Sat,Garden City,Kasarani,Nairobi,Family Friendly,Apartment,3 Bedroom,3,2,2,11,B0679,110000,220000,16.1,115,2,Yes,Yes,Yes,Yes,54,104000,30,87.1,8.7,Landlord direct
NRB00919,2026-03-30,Mon,Banana,Kiambaa,Kiambu,Family Friendly,Apartment,2 Bedroom,2,2,1,3,B0063,30000,30000,17.5,83,7,No,No,No,No,30,28000,58,87.2,7.1,Agency
NRB00920,2026-03-30,Mon,Gitaru,Kabete,Kiambu,Student Friendly,Apartment,1 Bedroom,1,1,1,2,B0171,18000,18000,21.2,43,10,No,Yes,No,Yes,52,17500,6,67.0,7.5,Agency
NRB00921,2026-03-30,Mon,Kinoo,Kikuyu,Kiambu,Family Friendly,Apartment,2 Bedroom,2,2,1,2,B0188,45000,45000,18.1,77,9,Yes,Yes,No,Yes,53,44000,1,96.8,7.0,Agency
NRB00922,2026-03-30,Mon,Kinoo,Kikuyu,Kiambu,Family Friendly,Apartment,3 Bedroom,3,5,2,2,B0187,60000,60000,18.0,119,13,No,Yes,Yes,Yes,33,60000,18,95.4,9.2,Landlord direct
NRB00923,2026-03-30,Mon,Rungiri,Kikuyu,Kiambu,Family Friendly,Apartment,2 Bedroom,2,2,2,2,B0614,23000,23000,17.7,64,3,No,No,No,No,59,23000,21,96.0,6.4,Agency
NRB00924,2026-03-30,Mon,Banana,Kiambaa,Kiambu,Family Friendly,Apartment,2 Bedroom,2,1,1,1,B0064,15000,15000,17.8,67,6,No,Yes,No,Yes,41,14000,7,81.9,8.2,Agency
NRB00925,2026-03-30,Mon,Ruaka,Kiambaa,Kiambu,Family Friendly,Apartment,2 Bedroom,2,2,1,3,B0185,45000,45000,12.3,68,4,Yes,Yes,No,Yes,26,42000,26,92.0,6.5,Landlord direct
NRB00926,2026-03-30,Mon,Ruaka,Kiambaa,Kiambu,Family Friendly,Apartment,2 Bedroom,2,2,1,3,B0185,45000,45000,14.1,83,5,No,Yes,No,No,44,41000,123,87.8,8.1,Landlord direct
NRB00927,2026-03-30,Mon,Ruaka,Kiambaa,Kiambu,Family Friendly,Apartment,1 Bedroom,1,1,1,5,B0185,35000,35000,12.6,49,5,No,Yes,No,Yes,50,35000,25,93.4,7.6,Landlord direct
NRB00928,2026-03-30,Mon,Ruaka,Kiambaa,Kiambu,Family Friendly,Apartment,1 Bedroom,1,1,1,5,B0185,35000,35000,11.1,48,3,No,Yes,Yes,No,44,35000,12,88.7,6.0,Landlord direct
NRB00929,2026-03-30,Mon,Ruaka,Kiambaa,Kiambu,Family Friendly,Apartment,2 Bedroom,2,2,1,1,B0479,30000,30000,12.4,77,8,No,No,No,Yes,64,29500,21,93.2,9.2,Landlord direct
NRB00930,2026-03-30,Mon,Ruaka,Kiambaa,Kiambu,Family Friendly,Apartment,2 Bedroom,2,2,1,5,B0662,42000,42000,13.8,88,6,No,Yes,No,No,42,42000,16,84.9,7.2,Property manager
NRB00931,2026-03-30,Mon,Ruaka,Kiambaa,Kiambu,Family Friendly,Apartment,1 Bedroom,1,1,1,1,B0662,32000,32000,12.4,48,10,No,No,No,No,30,30000,56,87.0,6.4,Landlord direct
NRB00932,2026-03-30,Mon,Ruaka,Kiambaa,Kiambu,Mid-Range,Apartment,Studio / Bedsitter,0,1,0,0,B0804,13000,13000,13.0,25,6,No,No,No,No,63,13000,3,90.4,7.3,Property manager
NRB00933,2026-03-30,Mon,Ruaka,Kiambaa,Kiambu,Affordable,Apartment,2 Bedroom,2,1,1,2,B0448,18000,18000,13.0,74,13,No,No,No,Yes,47,17000,8,80.3,7.4,Landlord direct
NRB00934,2026-03-31,Tue,Utawala,Embakasi,Nairobi,Family Friendly,Apartment,4 Bedroom,4,3,2,0,B0010,60000,60000,21.8,164,4,Yes,Yes,No,No,47,56500,81,84.9,8.3,Agency
NRB00935,2026-03-31,Tue,Utawala,Embakasi,Nairobi,Family Friendly,Apartment,2 Bedroom,2,1,1,0,B0009,30000,30000,22.3,83,3,No,No,No,No,72,27500,73,96.7,6.9,Agency
NRB00936,2026-03-31,Tue,Ruaka,Kiambaa,Kiambu,Family Friendly,Apartment,2 Bedroom,2,1,0,0,B0814,25000,25000,12.4,80,4,No,Yes,No,Yes,68,23500,10,88.1,8.7,Agency
NRB00937,2026-03-31,Tue,Marurui,Kasarani,Nairobi,Family Friendly,Apartment,1 Bedroom,1,1,1,1,B0440,20000,20000,11.8,49,1,No,Yes,No,Yes,47,20000,14,99.0,9.1,Agency
NRB00938,2026-03-31,Tue,Ruaka,Kiambaa,Kiambu,Family Friendly,Apartment,2 Bedroom,2,1,1,4,B0502,25000,25000,11.5,78,7,No,No,No,No,49,23000,30,95.1,8.3,Landlord direct
NRB00939,2026-03-31,Tue,Utawala,Embakasi,Nairobi,Family Friendly,Apartment,1 Bedroom,1,1,1,0,B0009,20000,20000,20.1,51,14,No,No,No,Yes,60,18000,14,97.1,7.3,Agency
NRB00940,2026-03-31,Tue,Mwihoko,Ruiru,Kiambu,Student Friendly,Apartment,1 Bedroom,1,1,1,1,B0019,13000,13000,31.2,40,10,No,No,No,Yes,42,12000,4,85.0,8.5,Agency
NRB00941,2026-03-31,Tue,Mwihoko,Ruiru,Kiambu,Affordable,Apartment,1 Bedroom,1,1,1,2,B0014,13000,13000,30.1,49,7,No,No,No,No,56,12000,18,90.2,7.3,Landlord direct
NRB00942,2026-03-31,Tue,Gachie,Kiambaa,Kiambu,Student Friendly,Apartment,1 Bedroom,1,1,1,3,B0162,20000,20000,12.1,46,8,No,Yes,No,Yes,57,18000,7,75.1,4.9,Property manager
NRB00943,2026-03-31,Tue,Marurui,Kasarani,Nairobi,Family Friendly,Apartment,1 Bedroom,1,1,1,1,B0440,20000,20000,11.9,49,9,No,Yes,No,No,44,20000,12,91.5,6.1,Agency
NRB00944,2026-04-01,Wed,Zimmerman,Kasarani,Nairobi,Family Friendly,Apartment,2 Bedroom,2,1,1,3,B0108,20000,20000,15.1,79,14,No,No,No,Yes,42,19000,24,92.5,8.2,Landlord direct
NRB00945,2026-04-01,Wed,Kasarani,Kasarani,Nairobi,Student Friendly,Apartment,1 Bedroom,1,1,1,2,B0160,20000,20000,14.8,38,4,Yes,No,No,No,44,20000,33,77.6,2.9,Landlord direct
NRB00946,2026-04-01,Wed,Kasarani,Kasarani,Nairobi,Family Friendly,Apartment,2 Bedroom,2,1,1,0,B0158,21000,21000,14.6,79,6,No,Yes,No,Yes,54,21000,19,98.9,5.3,Property manager
NRB00947,2026-04-01,Wed,Kasarani,Kasarani,Nairobi,Family Friendly,Apartment,2 Bedroom,2,2,1,3,B0161,18000,18000,15.1,77,9,No,No,No,No,38,16500,31,84.5,4.1,Property manager
NRB00948,2026-04-01,Wed,Kasarani,Kasarani,Nairobi,Student Friendly,Apartment,1 Bedroom,1,1,1,3,B0204,18500,18500,15.4,47,7,No,No,No,Yes,31,18500,8,66.4,8.1,Agency
NRB00949,2026-04-02,Thu,Kahawa West,Kasarani,Nairobi,Family Friendly,Apartment,2 Bedroom,2,2,2,1,B0194,20000,20000,16.4,76,8,No,Yes,No,No,49,20000,6,90.6,7.0,Property manager
NRB00950,2026-04-02,Thu,Gachie,Kiambaa,Kiambu,Family Friendly,Apartment,2 Bedroom,2,1,0,0,B0774,25000,25000,12.4,80,14,No,No,No,No,58,23500,12,79.4,5.9,Property manager
NRB00951,2026-04-02,Thu,Kahawa West,Kasarani,Nairobi,Family Friendly,Apartment,1 Bedroom,1,2,1,5,B0194,16000,16000,17.5,44,2,No,Yes,No,Yes,59,15500,5,93.9,6.9,Landlord direct
NRB00952,2026-04-10,Fri,Kahawa Wendani,Ruiru,Kiambu,Family Friendly,Apartment,2 Bedroom,2,2,1,2,B0474,28000,28000,21.2,76,9,No,Yes,No,No,49,24500,70,80.1,9.5,Agency
NRB00953,2026-04-10,Fri,Kahawa Wendani,Ruiru,Kiambu,Family Friendly,Apartment,2 Bedroom,2,2,1,2,B0474,25000,25000,21.9,66,2,No,Yes,No,Yes,58,23000,9,70.5,5.2,Property manager
NRB00954,2026-04-14,Tue,Ruiru,Ruiru,Kiambu,Family Friendly,Apartment,2 Bedroom,2,2,1,2,B0828,30000,30000,27.4,78,35,No,Yes,Yes,No,52,27000,20,82.7,7.5,Landlord direct
NRB00955,2026-04-14,Tue,Kihunguro,Ruiru,Kiambu,Student Friendly,Apartment,1 Bedroom,1,1,1,3,B0802,16500,16500,25.4,53,2,No,No,No,No,42,16500,6,72.5,6.7,Agency
NRB00956,2026-04-14,Tue,Kahawa Wendani,Ruiru,Kiambu,Student Friendly,Apartment,1 Bedroom,1,1,1,1,B0104,12000,12000,21.6,47,2,No,No,No,No,68,12000,21,98.0,9.4,Agency
NRB00957,2026-04-14,Tue,Kahawa Wendani,Ruiru,Kiambu,Family Friendly,Apartment,2 Bedroom,2,1,0,0,B0105,20000,20000,21.1,72,9,No,No,No,No,61,20000,13,78.2,7.0,Agency
NRB00958,2026-04-14,Tue,Kahawa Wendani,Ruiru,Kiambu,Family Friendly,Apartment,3 Bedroom,3,2,0,0,B0106,33000,33000,22.2,87,8,Yes,Yes,No,Yes,63,32000,3,87.3,8.4,Property manager
NRB00959,2026-04-14,Tue,Northlands,Ruiru,Kiambu,Family Friendly,Apartment,1 Bedroom,1,1,1,2,B0730,45000,90000,26.5,44,16,No,No,No,Yes,55,45000,34,94.5,3.5,Agency
NRB00960,2026-04-14,Tue,Kahawa Sukari,Ruiru,Kiambu,Family Friendly,Apartment,1 Bedroom,1,1,1,3,B0787,21000,21000,22.6,35,12,No,No,No,Yes,52,20500,34,82.1,6.1,Property manager
NRB00961,2026-04-16,Thu,OJ Membley,Ruiru,Kiambu,Family Friendly,Apartment,2 Bedroom,2,1,1,7,B0675,40000,40000,14.5,86,2,No,Yes,Yes,Yes,42,39500,15,80.1,8.8,Agency
NRB00962,2026-04-16,Thu,OJ Membley,Ruiru,Kiambu,Affordable,Apartment,1 Bedroom,1,1,1,4,B0110,25000,25000,15.5,37,6,No,Yes,Yes,Yes,49,23500,59,93.5,9.2,Agency
NRB00963,2026-04-16,Thu,OJ Membley,Ruiru,Kiambu,Affordable,Apartment,1 Bedroom,1,1,1,4,B0110,25000,25000,15.9,49,11,No,Yes,No,No,46,24000,46,98.7,8.2,Property manager
NRB00964,2026-04-16,Thu,OJ Membley,Ruiru,Kiambu,Family Friendly,Apartment,2 Bedroom,2,1,1,0,B0675,40000,40000,15.1,64,7,No,Yes,No,Yes,62,40000,91,99.5,9.3,Property manager
NRB00965,2026-04-16,Thu,OJ Membley,Ruiru,Kiambu,Family Friendly,Apartment,2 Bedroom,2,1,1,7,B0675,40000,40000,15.8,78,2,No,Yes,No,Yes,56,37500,11,94.6,5.7,Property manager
NRB00966,2026-04-16,Thu,Githunguri,Ruiru,Kiambu,Mid-Range,Apartment,1 Bedroom,1,1,1,3,B0727,28000,28000,23.5,38,6,No,Yes,No,Yes,45,28000,11,81.7,8.7,Agency
NRB00967,2026-04-16,Thu,OJ Membley,Ruiru,Kiambu,Affordable,Apartment,1 Bedroom,1,1,1,11,B0110,23000,23000,15.3,35,10,No,Yes,Yes,No,71,23000,1,84.1,7.8,Landlord direct
NRB00968,2026-04-16,Thu,Githunguri,Ruiru,Kiambu,Mid-Range,Apartment,1 Bedroom,1,1,1,3,B0727,28000,28000,22.9,47,7,No,Yes,No,Yes,60,26000,13,80.1,9.2,Property manager
NRB00969,2026-04-16,Thu,Githunguri,Ruiru,Kiambu,Mid-Range,Apartment,1 Bedroom,1,1,1,3,B0727,28000,28000,21.7,46,9,No,No,No,Yes,53,28000,1,83.0,6.8,Property manager
NRB00970,2026-04-16,Thu,OJ Membley,Ruiru,Kiambu,Affordable,Apartment,1 Bedroom,1,1,1,4,B0110,25000,25000,15.0,39,1,No,Yes,Yes,No,51,25000,116,97.7,9.3,Property manager
NRB00971,2026-04-22,Wed,Juja,Juja,Kiambu,Family Friendly,Apartment,2 Bedroom,2,1,1,1,B0583,18200,18200,49.1,70,6,No,No,No,Yes,60,18000,13,97.2,7.8,Agency
NRB00972,2026-04-22,Wed,Kimbo,Ruiru,Kiambu,Family Friendly,Apartment,2 Bedroom,2,2,1,3,B0536,25000,25000,39.1,77,5,No,No,No,Yes,58,24000,47,71.1,9.1,Landlord direct
NRB00973,2026-04-22,Wed,Juja,Juja,Kiambu,Student Friendly,Apartment,1 Bedroom,1,1,1,3,B0606,14000,14000,51.4,48,12,No,No,No,No,50,13000,12,89.8,7.8,Agency
NRB00974,2026-04-22,Wed,Juja,Juja,Kiambu,Student Friendly,Apartment,1 Bedroom,1,1,1,3,B0782,15000,15000,49.6,46,4,No,No,No,Yes,52,15000,6,84.9,4.1,Landlord direct
NRB00975,2026-04-22,Wed,Juja,Juja,Kiambu,Student Friendly,Apartment,1 Bedroom,1,1,1,3,B0782,14000,14000,50.0,47,3,No,No,No,Yes,47,13000,34,96.5,6.4,Landlord direct
NRB00976,2026-04-23,Thu,Ruiru,Ruiru,Kiambu,Mid-Range,Apartment,1 Bedroom,1,1,1,2,B0495,26000,26000,27.3,50,13,No,Yes,No,No,50,24000,3,96.5,6.9,Agency
NRB00977,2026-04-23,Thu,Ruiru,Ruiru,Kiambu,Family Friendly,Apartment,1 Bedroom,1,1,1,1,B0343,22000,22000,29.2,44,3,No,Yes,No,Yes,70,22500,1,77.4,8.2,Agency
NRB00978,2026-04-23,Thu,Ruiru,Ruiru,Kiambu,Student Friendly,Apartment,1 Bedroom,1,1,1,2,B0124,13000,13000,28.4,54,6,No,No,No,No,61,13000,2,98.9,8.4,Agency
NRB00979,2026-04-23,Thu,Ruiru,Ruiru,Kiambu,Student Friendly,Apartment,1 Bedroom,1,1,1,2,B0123,16000,16000,27.4,43,6,No,No,No,No,55,15000,30,94.3,8.7,Landlord direct
NRB00980,2026-04-23,Thu,Ruiru,Ruiru,Kiambu,Mid-Range,Apartment,2 Bedroom,2,2,1,3,B0495,35000,35000,27.4,88,9,No,Yes,No,Yes,51,35000,58,89.5,8.4,Landlord direct
NRB00981,2026-04-23,Thu,Kimbo,Ruiru,Kiambu,Student Friendly,Apartment,1 Bedroom,1,1,1,2,B0926,16000,16000,39.5,36,10,No,No,No,Yes,39,15500,19,96.4,7.8,Property manager
NRB00982,2026-04-23,Thu,Kimbo,Ruiru,Kiambu,Family Friendly,Apartment,2 Bedroom,2,1,1,2,B0720,16000,16000,39.8,80,8,No,No,No,Yes,48,16000,27,87.9,9.2,Agency
NRB00983,2026-04-23,Thu,OJ Membley,Ruiru,Kiambu,Affordable,Apartment,1 Bedroom,1,1,1,3,B0691,23000,23000,14.1,39,3,No,No,No,Yes,50,23000,6,91.7,5.3,Agency
NRB00984,2026-04-23,Thu,Kimbo,Ruiru,Kiambu,Student Friendly,Apartment,1 Bedroom,1,1,1,3,B0930,18000,18000,39.5,33,4,No,Yes,No,No,54,18000,12,97.5,9.0,Property manager
NRB00985,2026-04-23,Thu,OJ Membley,Ruiru,Kiambu,Affordable,Apartment,1 Bedroom,1,1,1,3,B0691,23000,23000,15.5,39,1,No,No,No,No,51,22500,6,72.4,6.2,Property manager
NRB00986,2026-04-23,Thu,Kimbo,Ruiru,Kiambu,Student Friendly,Apartment,1 Bedroom,1,1,1,2,B0341,13000,13000,39.4,43,5,No,No,No,Yes,68,12500,35,81.0,7.8,Agency
NRB00987,2026-04-27,Mon,Kenyatta Road,Juja,Kiambu,Student Friendly,Apartment,1 Bedroom,1,1,1,3,B0384,13000,13000,36.4,49,2,No,No,No,No,41,12500,28,70.6,9.4,Landlord direct
NRB00988,2026-04-27,Mon,Kenyatta Road,Juja,Kiambu,Student Friendly,Apartment,1 Bedroom,1,1,1,2,B0057,11000,11000,35.9,42,8,No,No,No,No,53,10000,15,93.9,9.1,Property manager
NRB00989,2026-04-27,Mon,Kenyatta Road,Juja,Kiambu,Family Friendly,Apartment,2 Bedroom,2,2,1,1,B0126,24000,24000,34.9,71,4,No,No,No,No,55,24000,3,67.3,8.3,Agency
NRB00990,2026-04-27,Mon,Kenyatta Road,Juja,Kiambu,Mid-Range,Apartment,1 Bedroom,1,1,1,3,B0579,18000,18000,35.0,43,3,Yes,Yes,No,No,56,16500,6,91.3,8.2,Landlord direct
NRB00991,2026-04-27,Mon,Kenyatta Road,Juja,Kiambu,Student Friendly,Apartment,Studio / Bedsitter,0,1,1,3,B0384,8500,8500,33.7,24,6,No,No,No,Yes,55,7500,17,99.2,5.9,Agency
NRB00992,2026-04-27,Mon,Kenyatta Road,Juja,Kiambu,Student Friendly,Apartment,1 Bedroom,1,1,1,3,B0582,15000,15000,35.8,52,3,No,No,No,Yes,48,15000,42,86.3,7.9,Agency
NRB00993,2026-04-27,Mon,Kenyatta Road,Juja,Kiambu,Mid-Range,Apartment,1 Bedroom,1,1,1,3,B0702,14000,14000,36.1,33,16,No,Yes,No,Yes,30,14000,2,96.9,4.8,Property manager
NRB00994,2026-04-27,Mon,Kenyatta Road,Juja,Kiambu,Mid-Range,Apartment,1 Bedroom,1,1,1,3,B0702,13000,13000,34.9,38,10,No,No,No,Yes,60,12000,54,90.2,8.4,Property manager
NRB00995,2026-04-28,Tue,"Gwa Kairu, Ruiru",Ruiru,Kiambu,Student Friendly,Apartment,1 Bedroom,1,1,1,3,B0725,17500,17500,29.6,44,27,No,No,No,Yes,59,17500,3,83.6,8.3,Agency
NRB00996,2026-04-29,Wed,Kimbo,Ruiru,Kiambu,Affordable,Apartment,1 Bedroom,1,1,1,3,B0919,20000,20000,39.0,47,9,No,No,No,Yes,53,20500,14,97.0,8.8,Landlord direct
NRB00997,2026-04-29,Wed,Kimbo,Ruiru,Kiambu,Affordable,Apartment,1 Bedroom,1,1,1,3,B0919,20000,20000,40.0,47,4,No,No,No,Yes,62,20000,14,72.5,8.8,Agency
NRB00998,2026-04-29,Wed,Kimbo,Ruiru,Kiambu,Affordable,Apartment,1 Bedroom,1,1,1,3,B0919,20000,20000,38.6,39,2,No,No,No,Yes,52,20000,4,73.6,9.8,Landlord direct
NRB00999,2026-04-29,Wed,Kimbo,Ruiru,Kiambu,Affordable,Apartment,1 Bedroom,1,1,1,3,B0919,20000,20000,38.3,48,4,No,Yes,No,Yes,47,18500,1,84.9,7.1,Agency
NRB01000,2026-04-30,Thu,Witeithie,Thika,Kiambu,Family Friendly,Apartment,2 Bedroom,2,1,1,2,B0747,20000,20000,47.3,75,11,No,No,No,Yes,72,18500,29,98.4,7.4,Agency
NRB01001,2026-04-30,Thu,Witeithie,Thika,Kiambu,Affordable,Apartment,1 Bedroom,1,1,1,1,B0073,12000,12000,46.2,48,1,No,No,No,Yes,76,11500,5,94.7,8.8,Agency
NRB01002,2026-04-30,Thu,Juja,Juja,Kiambu,Student Friendly,Apartment,1 Bedroom,1,1,1,3,B0142,13000,13000,49.7,46,4,No,No,No,Yes,55,13000,3,81.8,8.6,Property manager
NRB01003,2026-04-30,Thu,Juja,Juja,Kiambu,Family Friendly,Apartment,2 Bedroom,2,1,0,0,B0785,14000,14000,48.9,79,0,No,No,No,No,44,13500,4,79.3,8.2,Property manager
NRB01004,2026-04-30,Thu,Juja,Juja,Kiambu,Mid-Range,Apartment,1 Bedroom,1,1,1,3,B0459,28000,28000,48.8,46,7,No,Yes,No,Yes,61,25500,22,71.1,4.9,Agency
NRB01005,2026-04-30,Thu,"Gwa Kairu, Ruiru",Ruiru,Kiambu,Affordable,Apartment,1 Bedroom,1,1,1,1,B0335,18000,18000,30.3,48,2,No,Yes,No,Yes,62,18000,8,92.8,8.8,Landlord direct
NRB01006,2026-04-30,Thu,Juja,Juja,Kiambu,Family Friendly,Apartment,2 Bedroom,2,2,1,3,B0071,30000,30000,49.8,76,8,No,Yes,No,No,76,27500,51,96.1,9.5,Property manager
NRB01007,2026-04-30,Thu,Juja,Juja,Kiambu,Family Friendly,Apartment,2 Bedroom,2,2,1,3,B0071,33000,33000,49.5,69,4,No,No,Yes,Yes,49,30500,5,98.1,7.6,Property manager
NRB01008,2026-04-30,Thu,Kenyatta Road,Juja,Kiambu,Mid-Range,Apartment,2 Bedroom,2,2,1,1,B0699,25000,25000,35.7,87,1,No,Yes,No,Yes,62,25000,8,62.4,8.7,Landlord direct
NRB01009,2026-04-30,Thu,"Gwa Kairu, Ruiru",Ruiru,Kiambu,Affordable,Apartment,1 Bedroom,1,1,1,4,B0335,20000,20000,30.6,44,10,No,Yes,No,No,51,21500,20,89.4,7.4,Agency
NRB01010,2026-04-30,Thu,Kenyatta Road,Juja,Kiambu,Mid-Range,Apartment,2 Bedroom,2,1,1,1,B0699,28000,28000,34.8,68,3,No,Yes,No,Yes,59,26000,26,94.5,8.6,Property manager
NRB01011,2026-04-30,Thu,"Gwa Kairu, Ruiru",Ruiru,Kiambu,Affordable,Apartment,1 Bedroom,1,1,1,1,B0335,18000,18000,30.3,40,12,No,Yes,No,Yes,40,17000,11,92.3,8.4,Agency
NRB01012,2026-04-30,Thu,Juja,Juja,Kiambu,Student Friendly,Apartment,Studio / Bedsitter,0,1,0,0,B0135,11000,11000,48.6,22,6,No,No,No,No,50,11000,15,89.5,6.2,Landlord direct
NRB01013,2026-04-30,Thu,Witeithie,Thika,Kiambu,Family Friendly,Apartment,2 Bedroom,2,1,1,2,B0747,20000,20000,47.3,68,4,No,Yes,No,No,46,17500,26,63.0,5.4,Agency
NRB01014,2026-05-04,Mon,Witeithie,Thika,Kiambu,Mid-Range,Mixed Development,1 Bedroom,1,1,1,1,B0921,18000,18000,45.8,49,15,No,No,No,No,44,17500,4,84.8,4.6,Landlord direct
NRB01015,2026-05-04,Mon,Witeithie,Thika,Kiambu,Mid-Range,Mixed Development,1 Bedroom,1,1,1,2,B0921,18000,18000,45.2,46,6,No,No,No,No,67,16500,3,77.0,5.1,Agency
NRB01016,2026-05-04,Mon,Witeithie,Thika,Kiambu,Mid-Range,Mixed Development,1 Bedroom,1,1,1,1,B0921,16000,16000,46.7,36,7,No,Yes,Yes,Yes,50,15000,7,68.2,6.4,Property manager
NRB01017,2026-05-04,Mon,Ngoingwa,Thika,Kiambu,Family Friendly,Apartment,2 Bedroom,2,2,1,3,B0331,28000,28000,44.2,77,6,No,No,No,Yes,52,25000,44,96.2,7.7,Agency
NRB01018,2026-05-04,Mon,Witeithie,Thika,Kiambu,Mid-Range,Mixed Development,1 Bedroom,1,1,1,3,B0921,18000,18000,46.7,55,6,No,No,No,Yes,51,17500,8,84.3,8.2,Agency
NRB01019,2026-05-04,Mon,Witeithie,Thika,Kiambu,Mid-Range,Mixed Development,1 Bedroom,1,1,1,1,B0921,18000,18000,47.4,54,11,No,Yes,No,No,63,16500,45,90.7,7.9,Agency
NRB01020,2026-05-05,Tue,Ngoingwa,Thika,Kiambu,Student Friendly,Apartment,1 Bedroom,1,1,1,1,B0387,12000,12000,44.3,45,13,No,Yes,No,No,74,12000,82,76.1,8.2,Agency
NRB01021,2026-05-05,Tue,Ngoingwa,Thika,Kiambu,Affordable,Apartment,2 Bedroom,2,1,1,2,B0148,18500,18500,45.1,85,5,No,No,No,Yes,55,17500,1,92.4,9.3,Agency
NRB01022,2026-05-05,Tue,Section 10,Thika,Kiambu,Family Friendly,Apartment,2 Bedroom,2,1,1,1,B0891,20000,20000,51.2,80,0,No,Yes,No,Yes,58,20000,32,93.2,5.0,Agency
NRB01023,2026-05-06,Wed,Makongeni,Thika,Kiambu,Family Friendly,Apartment,2 Bedroom,2,1,1,2,B0090,20000,20000,41.6,77,7,No,Yes,No,Yes,62,20500,6,93.7,7.5,Property manager
NRB01024,2026-05-06,Wed,Makongeni,Thika,Kiambu,Family Friendly,Apartment,2 Bedroom,2,1,1,2,B0090,18000,18000,40.6,71,3,No,No,No,Yes,57,17000,2,92.2,7.6,Agency
NRB01025,2026-05-06,Wed,Ngoingwa,Thika,Kiambu,Family Friendly,Apartment,2 Bedroom,2,1,1,1,B0839,25000,25000,45.3,88,5,No,Yes,No,Yes,50,24500,15,97.8,5.0,Agency
NRB01026,2026-05-07,Thu,Ngoingwa,Thika,Kiambu,Family Friendly,Apartment,2 Bedroom,2,2,1,1,B0146,32000,32000,44.2,87,3,No,Yes,No,No,69,29000,3,94.9,6.8,Landlord direct
NRB01027,2026-05-07,Thu,Ngoingwa,Thika,Kiambu,Family Friendly,Apartment,2 Bedroom,2,1,1,2,B0749,25000,25000,44.9,71,11,No,Yes,Yes,No,58,24500,6,94.0,4.8,Landlord direct
NRB01028,2026-05-07,Thu,Makongeni,Thika,Kiambu,Mid-Range,Mixed Development,1 Bedroom,1,1,1,1,B0154,15000,15000,40.7,49,3,No,No,No,No,60,15000,10,86.8,6.9,Agency
NRB01029,2026-05-07,Thu,Ngoingwa,Thika,Kiambu,Family Friendly,Apartment,2 Bedroom,2,1,1,4,B0146,28000,28000,43.8,85,10,No,No,No,Yes,57,28500,23,89.0,7.6,Agency
NRB01030,2026-05-07,Thu,Ngoingwa,Thika,Kiambu,Family Friendly,Apartment,2 Bedroom,2,1,1,4,B0146,28000,28000,44.1,82,18,No,Yes,No,Yes,50,25000,14,88.5,7.2,Property manager
NRB01031,2026-05-07,Thu,Makongeni,Thika,Kiambu,Family Friendly,Apartment,2 Bedroom,2,1,1,1,B0365,14000,14000,41.6,80,7,No,No,No,No,71,13000,58,89.0,8.5,Landlord direct
NRB01032,2026-05-07,Thu,Ngoingwa,Thika,Kiambu,Family Friendly,Apartment,2 Bedroom,2,1,1,4,B0146,28000,28000,44.4,83,4,No,No,No,No,56,25500,35,91.3,7.9,Agency
NRB01033,2026-05-07,Thu,Makongeni,Thika,Kiambu,Affordable,Apartment,1 Bedroom,1,1,1,1,B0156,8500,8500,41.3,53,9,No,No,No,Yes,49,8000,28,94.6,7.7,Landlord direct
NRB01034,2026-05-12,Tue,Ngong Road,Langata,Nairobi,Mid-Range,Apartment,1 Bedroom,1,2,2,7,B0655,55000,55000,8.1,52,6,No,Yes,No,Yes,51,52000,12,71.7,7.2,Landlord direct
NRB01035,2026-05-12,Tue,Ngong Road,Langata,Nairobi,Mid-Range,Apartment,1 Bedroom,1,2,1,11,B0655,55000,55000,8.6,46,8,No,Yes,No,Yes,49,49000,18,96.1,8.4,Agency
NRB01036,2026-05-12,Tue,Ngong Road,Langata,Nairobi,Mid-Range,Apartment,1 Bedroom,1,2,1,5,B0655,55000,55000,8.5,46,2,No,Yes,Yes,Yes,46,55000,138,82.1,5.9,Agency
NRB01037,2026-05-12,Tue,Ngong Road,Langata,Nairobi,Mid-Range,Apartment,1 Bedroom,1,2,1,11,B0655,55000,55000,8.0,47,1,No,Yes,No,No,56,55000,34,88.9,8.0,Property manager
NRB01038,2026-05-13,Wed,Wanyee,Dagoretti,Nairobi,Mid-Range,Apartment,1 Bedroom,1,1,1,7,B0318,45000,33750,8.9,54,1,No,Yes,No,No,45,42000,6,93.0,8.1,Property manager
NRB01039,2026-05-13,Wed,Wanyee,Dagoretti,Nairobi,Mid-Range,Apartment,1 Bedroom,1,1,1,11,B0318,45000,90000,9.6,55,3,No,Yes,No,Yes,44,42500,94,96.3,8.5,Agency
NRB01040,2026-05-13,Wed,Wanyee,Dagoretti,Nairobi,Mid-Range,Apartment,Studio / Bedsitter,0,1,1,8,B0318,20000,30000,8.6,22,5,No,Yes,No,Yes,35,18500,6,99.1,6.8,Landlord direct
NRB01041,2026-05-13,Wed,Wanyee,Dagoretti,Nairobi,Mid-Range,Apartment,Studio / Bedsitter,0,1,1,8,B0318,30000,30000,9.4,17,3,No,Yes,No,Yes,47,28000,54,97.3,7.7,Property manager
NRB01042,2026-05-13,Wed,Wanyee,Dagoretti,Nairobi,Mid-Range,Apartment,Studio / Bedsitter,0,1,1,8,B0318,30000,30000,9.9,28,8,No,Yes,No,No,45,30000,11,78.5,6.6,Agency
NRB01043,2026-05-13,Wed,Wanyee,Dagoretti,Nairobi,Mid-Range,Apartment,Studio / Bedsitter,0,1,1,8,B0318,30000,30000,9.8,23,11,No,Yes,No,Yes,44,26500,69,90.5,6.8,Landlord direct
NRB01044,2026-05-13,Wed,Wanyee,Dagoretti,Nairobi,Mid-Range,Apartment,1 Bedroom,1,1,1,10,B0318,40000,40000,10.6,34,3,No,No,No,Yes,50,40000,6,97.4,9.6,Landlord direct
NRB01045,2026-05-13,Wed,Wanyee,Dagoretti,Nairobi,Mid-Range,Apartment,2 Bedroom,2,1,1,9,B0318,50000,75000,8.9,85,5,Yes,Yes,Yes,Yes,38,50000,31,86.1,9.3,Agency
NRB01046,2026-05-13,Wed,Wanyee,Dagoretti,Nairobi,Mid-Range,Apartment,Studio / Bedsitter,0,1,1,8,B0318,30000,30000,9.4,27,3,No,Yes,No,Yes,35,27500,79,96.3,9.1,Agency
NRB01047,2026-05-14,Thu,Ngong Road,Langata,Nairobi,Mid-Range,Apartment,2 Bedroom,2,2,0,0,B0744,45000,45000,8.0,88,6,No,Yes,No,Yes,66,45500,65,96.7,7.0,Agency
NRB01048,2026-05-14,Thu,Lavington,Westlands,Nairobi,Mid-Range,Apartment,2 Bedroom,2,2,1,2,B0711,70000,140000,8.3,66,13,No,Yes,No,No,46,67500,28,79.7,8.5,Agency
NRB01049,2026-05-14,Thu,Lavington,Westlands,Nairobi,Family Friendly,Apartment,3 Bedroom,3,2,2,3,B0298,150000,300000,7.1,140,14,Yes,Yes,Yes,Yes,54,141500,38,84.5,7.8,Property manager
NRB01050,2026-05-15,Fri,Ngong Road,Langata,Nairobi,Affordable,Apartment,1 Bedroom,1,1,0,0,B0460,18000,18000,8.4,40,7,No,No,No,Yes,52,18000,18,82.2,7.0,Property manager
NRB01051,2026-05-15,Fri,Ngong Road,Langata,Nairobi,Affordable,Apartment,1 Bedroom,1,1,1,1,B0460,18000,18000,7.9,49,4,No,No,No,Yes,44,16000,10,91.6,7.2,Agency
NRB01052,2026-05-15,Fri,Lavington,Westlands,Nairobi,Family Friendly,Apartment,2 Bedroom,2,2,2,5,B0920,90000,180000,7.2,76,3,Yes,Yes,Yes,Yes,44,90000,26,95.3,8.5,Landlord direct
NRB01053,2026-05-18,Mon,Lavington,Westlands,Nairobi,Family Friendly,Apartment,3 Bedroom,3,2,2,1,B0873,110000,220000,8.7,110,9,No,Yes,Yes,Yes,42,110000,15,80.9,9.7,Agency
NRB01054,2026-05-19,Tue,Thindigua,Kiambaa,Kiambu,Family Friendly,Apartment,3 Bedroom,3,1,1,3,B0515,65000,65000,12.7,118,10,Yes,Yes,Yes,Yes,34,61000,10,83.1,5.8,Agency
NRB01055,2026-05-19,Tue,Thindigua,Kiambaa,Kiambu,Family Friendly,Apartment,4 Bedroom,4,2,1,2,B0515,75000,75000,14.3,176,12,Yes,Yes,Yes,No,52,72500,73,98.1,7.8,Agency
NRB01056,2026-05-20,Wed,Lenana,Dagoretti,Nairobi,Family Friendly,Apartment,2 Bedroom,2,2,1,3,B0617,52500,105000,11.9,81,10,No,Yes,No,Yes,43,52500,13,54.7,5.5,Agency
NRB01057,2026-05-20,Wed,Lenana,Dagoretti,Nairobi,Family Friendly,Apartment,2 Bedroom,2,1,1,4,B0617,55000,110000,12.9,67,12,No,Yes,Yes,Yes,30,52000,19,84.8,9.3,Property manager
NRB01058,2026-05-20,Wed,Kiambu,Kiambu,Kiambu,Affordable,Apartment,2 Bedroom,2,1,0,3,B0837,18000,18000,15.6,55,7,No,No,No,Yes,50,17000,4,78.9,7.4,Agency
NRB01059,2026-05-20,Wed,Lenana,Dagoretti,Nairobi,Family Friendly,Apartment,2 Bedroom,2,1,1,4,B0617,55000,110000,12.6,64,6,No,No,Yes,Yes,47,51000,46,96.3,5.1,Agency
NRB01060,2026-05-20,Wed,Kiambu,Kiambu,Kiambu,Family Friendly,Apartment,2 Bedroom,2,1,1,2,B0419,18000,36000,15.6,73,3,No,Yes,No,Yes,52,16500,20,79.8,8.3,Agency
NRB01061,2026-05-20,Wed,Kiambu,Kiambu,Kiambu,Family Friendly,Apartment,2 Bedroom,2,1,1,2,B0419,18000,36000,16.3,59,5,No,No,No,No,48,17000,14,75.7,5.7,Property manager
NRB01062,2026-05-20,Wed,Kiambu,Kiambu,Kiambu,Family Friendly,Apartment,2 Bedroom,2,1,1,2,B0598,60000,120000,16.7,82,25,Yes,No,No,No,30,57000,8,97.9,8.5,Agency
NRB01063,2026-05-22,Fri,Kirigiti,Kiambu,Kiambu,Family Friendly,Apartment,2 Bedroom,2,1,1,3,B0797,41000,41000,18.3,68,6,Yes,Yes,No,Yes,64,41000,176,89.0,7.0,Landlord direct
NRB01064,2026-05-22,Fri,Kirigiti,Kiambu,Kiambu,Affordable,Apartment,2 Bedroom,2,1,1,4,B0852,20000,20000,19.3,60,7,No,No,No,Yes,73,20000,73,86.9,8.6,Agency
NRB01065,2026-05-22,Fri,Kirigiti,Kiambu,Kiambu,Family Friendly,Apartment,3 Bedroom,3,2,1,1,B0797,56000,42000,18.2,104,9,Yes,Yes,Yes,Yes,55,51500,4,80.4,9.8,Agency
NRB01066,2026-05-22,Fri,Kirigiti,Kiambu,Kiambu,Family Friendly,Apartment,2 Bedroom,2,2,1,3,B0696,30000,30000,18.9,77,5,No,Yes,No,Yes,38,30000,20,89.3,8.4,Property manager
NRB01067,2026-05-22,Fri,Kirigiti,Kiambu,Kiambu,Affordable,Apartment,1 Bedroom,1,1,1,3,B0852,14000,14000,18.8,49,9,No,Yes,No,No,50,13000,8,97.6,7.5,Landlord direct
NRB01068,2026-05-22,Fri,Kirigiti,Kiambu,Kiambu,Family Friendly,Apartment,2 Bedroom,2,2,0,0,B0696,30000,30000,19.0,82,3,No,No,No,Yes,47,29000,6,73.8,7.4,Landlord direct
NRB01069,2026-05-22,Fri,Kirigiti,Kiambu,Kiambu,Student Friendly,Apartment,1 Bedroom,1,1,1,4,B0939,16000,16000,18.1,51,1,No,Yes,No,Yes,61,15000,74,96.0,9.0,Landlord direct
NRB01070,2026-05-22,Fri,Kirigiti,Kiambu,Kiambu,Affordable,Apartment,1 Bedroom,1,1,0,0,B0704,16000,16000,19.4,50,2,No,Yes,No,Yes,62,16000,29,94.7,8.8,Agency
NRB01071,2026-05-22,Fri,Kirigiti,Kiambu,Kiambu,Family Friendly,Apartment,2 Bedroom,2,2,1,1,B0696,30000,30000,19.4,59,12,No,Yes,No,Yes,53,29500,47,85.4,8.2,Landlord direct
NRB01072,2026-05-22,Fri,Kirigiti,Kiambu,Kiambu,Family Friendly,Apartment,2 Bedroom,2,1,0,0,B0696,30000,30000,19.2,72,7,No,No,No,Yes,62,30500,19,82.0,4.0,Landlord direct
NRB01073,2026-05-22,Fri,Kirigiti,Kiambu,Kiambu,Student Friendly,Apartment,1 Bedroom,1,1,1,1,B0941,13000,13000,18.8,51,2,No,Yes,No,Yes,63,13000,5,95.6,8.9,Property manager
NRB01074,2026-05-25,Mon,Thindigua,Kiambaa,Kiambu,Family Friendly,Apartment,3 Bedroom,3,2,1,4,B0376,60000,60000,13.7,103,7,No,Yes,No,Yes,53,57000,24,92.0,9.0,Agency
NRB01075,2026-05-26,Tue,Kirigiti,Kiambu,Kiambu,Family Friendly,Apartment,2 Bedroom,2,1,1,3,B0552,22000,22000,19.5,92,8,No,No,No,No,42,22000,6,98.0,7.9,Landlord direct
NRB01076,2026-05-26,Tue,Kirigiti,Kiambu,Kiambu,Family Friendly,Apartment,3 Bedroom,3,2,1,3,B0047,30000,30000,17.8,123,2,No,Yes,No,Yes,57,28000,13,98.1,9.2,Landlord direct
NRB01077,2026-05-26,Tue,Junction,Ruiru,Kiambu,Student Friendly,Apartment,2 Bedroom,2,1,1,4,B0643,20000,20000,32.8,73,22,No,No,No,Yes,29,19000,40,84.9,8.4,Agency
NRB01078,2026-05-26,Tue,Junction,Ruiru,Kiambu,Student Friendly,Apartment,1 Bedroom,1,1,1,2,B0643,14000,14000,32.7,58,8,No,Yes,No,No,47,13500,6,94.2,8.7,Agency
NRB01079,2026-05-26,Tue,Kirigiti,Kiambu,Kiambu,Affordable,Apartment,2 Bedroom,2,2,1,3,B0342,28000,28000,18.6,58,7,No,Yes,No,No,55,26000,17,94.7,8.9,Agency
NRB01080,2026-05-26,Tue,Kirigiti,Kiambu,Kiambu,Affordable,Apartment,1 Bedroom,1,1,1,3,B0342,20000,20000,19.5,41,3,No,No,No,Yes,56,19500,60,95.4,8.4,Landlord direct
NRB01081,2026-05-26,Tue,Kirigiti,Kiambu,Kiambu,Mid-Range,Apartment,2 Bedroom,2,3,2,4,B0913,37000,46250,18.0,63,9,No,No,No,Yes,55,36500,46,83.3,9.0,Landlord direct
NRB01082,2026-05-26,Tue,Kirigiti,Kiambu,Kiambu,Mid-Range,Apartment,2 Bedroom,2,3,2,4,B0913,37000,46250,17.9,72,8,No,No,No,Yes,41,37000,31,84.1,7.2,Property manager
NRB01083,2026-05-26,Tue,Matangi,Ruiru,Kiambu,Affordable,Apartment,1 Bedroom,1,1,1,2,B0877,14000,14000,35.6,51,2,No,No,No,No,52,13000,16,98.1,8.1,Property manager
NRB01084,2026-05-26,Tue,Kirigiti,Kiambu,Kiambu,Mid-Range,Apartment,1 Bedroom,1,2,2,4,B0913,29000,29000,18.5,51,3,No,Yes,No,Yes,49,27500,12,90.2,8.6,Property manager
NRB01085,2026-05-26,Tue,Kirigiti,Kiambu,Kiambu,Mid-Range,Apartment,2 Bedroom,2,3,2,4,B0913,37000,46250,18.8,62,6,No,No,No,No,47,34500,14,84.9,9.3,Agency
NRB01086,2026-05-28,Thu,Kiambu,Kiambu,Kiambu,Affordable,Apartment,1 Bedroom,1,1,1,5,B0031,25000,25000,16.4,49,1,No,Yes,No,Yes,42,25000,13,85.0,4.6,Property manager
NRB01087,2026-05-28,Thu,Kiambu,Kiambu,Kiambu,Affordable,Apartment,1 Bedroom,1,1,1,4,B0031,22500,22500,16.6,32,1,No,Yes,No,Yes,38,22500,2,64.7,7.4,Agency
NRB01088,2026-05-28,Thu,Kiambu,Kiambu,Kiambu,Affordable,Apartment,1 Bedroom,1,1,1,4,B0031,22500,22500,15.0,43,6,No,No,No,Yes,48,23000,29,95.3,9.4,Landlord direct
NRB01089,2026-05-28,Thu,Kiambu,Kiambu,Kiambu,Affordable,Apartment,1 Bedroom,1,1,1,5,B0031,25000,25000,17.1,43,2,No,Yes,No,No,55,23000,28,74.8,5.5,Property manager
NRB01090,2026-05-28,Thu,Kiambu,Kiambu,Kiambu,Affordable,Apartment,1 Bedroom,1,1,1,1,B0031,20000,20000,16.6,50,10,No,Yes,No,Yes,44,19500,17,80.8,7.3,Agency
NRB01091,2026-05-28,Thu,Kiambu,Kiambu,Kiambu,Affordable,Apartment,1 Bedroom,1,1,1,3,B0031,18000,18000,15.3,45,13,No,Yes,No,Yes,40,18000,36,93.1,7.8,Landlord direct
NRB01092,2026-05-28,Thu,Kiambu,Kiambu,Kiambu,Mid-Range,Apartment,2 Bedroom,2,2,1,1,B0527,30000,30000,16.1,49,8,No,Yes,No,No,46,30000,8,95.0,7.5,Property manager
NRB01093,2026-05-28,Thu,Kiambu,Kiambu,Kiambu,Affordable,Apartment,1 Bedroom,1,1,1,5,B0031,25000,25000,16.0,47,4,No,Yes,No,Yes,55,22500,13,73.7,8.7,Landlord direct
NRB01094,2026-05-28,Thu,Kiambu,Kiambu,Kiambu,Affordable,Apartment,1 Bedroom,1,1,1,3,B0031,21000,21000,16.4,34,10,No,No,No,Yes,53,20500,19,84.2,5.8,Property manager
NRB01095,2026-05-28,Thu,Kiambu,Kiambu,Kiambu,Affordable,Apartment,1 Bedroom,1,1,1,3,B0405,25000,25000,15.7,46,4,No,No,No,No,50,23000,4,82.6,7.9,Property manager
NRB01096,2026-05-28,Thu,Kiambu,Kiambu,Kiambu,Affordable,Apartment,2 Bedroom,2,2,1,3,B0385,25000,25000,15.3,73,4,No,Yes,No,Yes,29,25000,11,97.8,7.2,Agency
NRB01097,2026-05-28,Thu,Kiambu,Kiambu,Kiambu,Affordable,Apartment,1 Bedroom,1,1,1,3,B0031,21000,21000,16.7,49,9,No,No,No,Yes,48,20000,3,97.8,9.2,Property manager
NRB01098,2026-05-29,Fri,Matangi,Ruiru,Kiambu,Affordable,Apartment,1 Bedroom,1,1,1,2,B0661,12000,12000,36.7,52,1,No,No,No,No,83,11000,3,74.7,8.5,Landlord direct
NRB01099,2026-05-29,Fri,Matangi,Ruiru,Kiambu,Family Friendly,Apartment,2 Bedroom,2,1,1,5,B0465,26000,26000,36.2,71,16,Yes,Yes,No,Yes,60,23000,29,88.5,6.3,Agency
NRB01100,2026-05-29,Fri,Matangi,Ruiru,Kiambu,Affordable,Apartment,1 Bedroom,1,1,1,1,B0788,12000,12000,35.8,52,3,No,No,No,Yes,34,11500,8,73.6,5.3,Property manager
NRB01101,2026-05-29,Fri,Matangi,Ruiru,Kiambu,Affordable,Apartment,1 Bedroom,1,1,1,1,B0788,12000,12000,35.6,43,16,No,Yes,No,Yes,46,12000,2,99.4,9.2,Property manager
NRB01102,2026-06-02,Tue,Matangi,Ruiru,Kiambu,Affordable,Apartment,2 Bedroom,2,1,1,2,B0756,17000,17000,35.8,60,4,No,Yes,No,Yes,44,16500,7,81.2,8.1,Agency
NRB01103,2026-06-02,Tue,Matangi,Ruiru,Kiambu,Student Friendly,Apartment,1 Bedroom,1,1,1,1,B0670,18500,18500,37.0,42,10,No,No,No,No,64,17500,8,75.5,9.7,Landlord direct
NRB01104,2026-06-02,Tue,Matangi,Ruiru,Kiambu,Student Friendly,Apartment,1 Bedroom,1,1,1,1,B0670,18500,18500,36.5,50,4,No,Yes,No,Yes,48,17000,68,83.3,6.6,Property manager
NRB01105,2026-06-02,Tue,Matangi,Ruiru,Kiambu,Affordable,Apartment,2 Bedroom,2,1,1,2,B0756,17000,17000,35.9,83,8,No,Yes,No,Yes,43,16500,10,94.3,9.2,Agency
NRB01106,2026-06-02,Tue,Matangi,Ruiru,Kiambu,Student Friendly,Apartment,1 Bedroom,1,1,1,1,B0670,18500,18500,36.4,48,5,No,Yes,No,No,70,18500,20,98.3,8.9,Agency
NRB01107,2026-06-02,Tue,Matangi,Ruiru,Kiambu,Student Friendly,Apartment,1 Bedroom,1,1,1,1,B0670,18500,18500,35.4,48,10,No,No,Yes,No,58,18500,30,87.8,8.8,Landlord direct
NRB01108,2026-06-02,Tue,Matangi,Ruiru,Kiambu,Affordable,Apartment,1 Bedroom,1,1,1,1,B0362,15000,15000,36.4,38,3,No,No,No,Yes,35,14000,15,86.8,7.1,Agency
NRB01109,2026-06-02,Tue,Matangi,Ruiru,Kiambu,Affordable,Apartment,1 Bedroom,1,1,1,3,B0439,17000,17000,36.7,55,4,No,No,No,No,45,15000,5,94.7,7.4,Property manager
NRB01110,2026-06-02,Tue,Matangi,Ruiru,Kiambu,Affordable,Apartment,1 Bedroom,1,1,1,3,B0439,17000,17000,35.3,44,3,No,No,No,No,81,17000,11,96.3,4.9,Landlord direct
NRB01111,2026-06-02,Tue,Matangi,Ruiru,Kiambu,Affordable,Apartment,2 Bedroom,2,1,1,3,B0464,25000,25000,34.6,91,2,Yes,No,Yes,No,64,24000,19,75.9,7.8,Agency
NRB01112,2026-06-02,Tue,Matangi,Ruiru,Kiambu,Affordable,Apartment,1 Bedroom,1,1,1,3,B0464,15000,15000,35.9,36,2,No,No,No,No,42,14000,18,67.5,8.4,Agency
NRB01113,2026-06-02,Tue,Matangi,Ruiru,Kiambu,Student Friendly,Apartment,1 Bedroom,1,1,1,4,B0680,15000,15000,36.0,41,13,No,No,No,No,70,14500,67,94.2,8.0,Agency
NRB01114,2026-06-02,Tue,Matangi,Ruiru,Kiambu,Affordable,Apartment,1 Bedroom,1,1,1,3,B0555,17000,17000,36.2,47,6,No,Yes,No,Yes,44,17000,1,66.1,8.7,Property manager
NRB01115,2026-06-03,Wed,Matangi,Ruiru,Kiambu,Affordable,Apartment,2 Bedroom,2,1,1,3,B0684,18000,18000,35.8,92,3,No,Yes,No,Yes,54,18500,22,92.8,8.0,Agency
NRB01116,2026-06-03,Wed,Matangi,Ruiru,Kiambu,Affordable,Apartment,1 Bedroom,1,1,1,1,B0684,13000,13000,35.7,43,8,No,No,No,Yes,71,12500,5,94.9,9.1,Property manager
NRB01117,2026-06-03,Wed,Matangi,Ruiru,Kiambu,Affordable,Apartment,2 Bedroom,2,1,1,3,B0685,18000,18000,35.1,66,13,No,No,No,Yes,51,17000,3,87.0,8.1,Agency
NRB01118,2026-06-08,Mon,Lower Kabete,Kabete,Kiambu,Family Friendly,Apartment,2 Bedroom,2,1,1,6,B0581,45000,90000,10.6,58,2,No,Yes,No,Yes,40,43000,31,75.8,7.9,Property manager
NRB01119,2026-06-08,Mon,Lower Kabete,Kabete,Kiambu,Family Friendly,Apartment,3 Bedroom,3,2,1,3,B0566,65000,130000,9.9,131,11,No,Yes,Yes,Yes,45,60000,58,87.5,9.4,Agency
NRB01120,2026-06-10,Wed,Lower Kabete,Kabete,Kiambu,Family Friendly,Apartment,2 Bedroom,2,1,1,4,B0083,30000,30000,9.8,81,8,No,Yes,No,No,67,28000,14,75.9,6.9,Landlord direct
NRB01121,2026-06-16,Tue,Ngong,Kajiado South,Kajiado,Family Friendly,Apartment,3 Bedroom,3,2,1,2,B0356,45000,45000,23.6,104,3,No,Yes,No,Yes,52,41000,13,99.2,6.6,Landlord direct
NRB01122,2026-06-16,Tue,Ngong,Kajiado South,Kajiado,Family Friendly,Apartment,2 Bedroom,2,1,0,2,B0480,40000,40000,22.5,70,8,Yes,No,No,No,66,40000,4,69.6,6.7,Property manager
NRB01123,2026-06-16,Tue,Ngong,Kajiado South,Kajiado,Family Friendly,Apartment,2 Bedroom,2,1,1,3,B0494,27000,27000,24.3,73,5,No,Yes,No,No,50,27000,37,82.5,5.2,Landlord direct
NRB01124,2026-06-16,Tue,Ngong,Kajiado South,Kajiado,Family Friendly,Apartment,2 Bedroom,2,2,1,3,B0712,55000,55000,23.7,71,4,Yes,Yes,Yes,Yes,66,50500,12,85.4,9.1,Agency
NRB01125,2026-06-16,Tue,Ngong,Kajiado South,Kajiado,Family Friendly,Apartment,2 Bedroom,2,1,1,1,B0543,35000,35000,22.6,70,5,No,Yes,No,Yes,58,32000,29,92.9,8.0,Agency
NRB01126,2026-06-16,Tue,Ngong,Kajiado South,Kajiado,Family Friendly,Apartment,2 Bedroom,2,1,1,1,B0543,35000,35000,23.2,58,5,No,Yes,No,No,53,32500,38,87.5,5.4,Agency
NRB01127,2026-06-16,Tue,Ngong,Kajiado South,Kajiado,Family Friendly,Apartment,2 Bedroom,2,2,1,2,B0542,35000,35000,22.7,75,7,No,Yes,No,No,42,33000,29,95.6,9.5,Landlord direct
NRB01128,2026-06-16,Tue,Ngong,Kajiado South,Kajiado,Family Friendly,Apartment,2 Bedroom,2,1,1,3,B0494,27000,27000,22.7,60,1,No,Yes,No,No,57,25000,3,85.0,5.6,Landlord direct
NRB01129,2026-06-17,Wed,Westlands,Westlands,Nairobi,Mid-Range,Apartment,1 Bedroom,1,1,1,4,B0556,80000,80000,3.2,39,3,No,Yes,Yes,Yes,44,80500,16,76.1,8.9,Agency
NRB01130,2026-06-17,Wed,Westlands,Westlands,Nairobi,Mid-Range,Apartment,3 Bedroom,3,2,1,7,B0556,120000,120000,3.2,119,4,No,Yes,No,Yes,24,113000,66,91.0,9.1,Property manager
NRB01131,2026-06-17,Wed,Mountain View,Westlands,Nairobi,Family Friendly,Apartment,2 Bedroom,2,1,1,7,B0647,80000,80000,5.1,75,19,No,Yes,Yes,No,42,74500,90,85.8,5.4,Landlord direct
NRB01132,2026-06-17,Wed,Mountain View,Westlands,Nairobi,Family Friendly,Apartment,3 Bedroom,3,2,1,5,B0647,100000,100000,6.9,94,3,Yes,Yes,Yes,Yes,61,99000,16,98.5,6.1,Agency
NRB01133,2026-06-17,Wed,Mountain View,Westlands,Nairobi,Family Friendly,Apartment,3 Bedroom,3,2,1,1,B0770,45000,45000,6.2,114,11,No,No,No,No,38,41000,22,89.4,8.5,Agency
NRB01134,2026-06-19,Fri,Ongata Rongai,Kajiado North,Kajiado,Family Friendly,Apartment,2 Bedroom,2,1,1,5,B0407,33000,33000,17.2,75,2,No,No,No,No,63,33000,105,99.5,6.2,Landlord direct
NRB01135,2026-06-19,Fri,Ngong,Kajiado South,Kajiado,Family Friendly,Apartment,2 Bedroom,2,1,1,3,B0480,45000,45000,23.7,91,14,No,Yes,No,Yes,36,43000,18,94.2,6.0,Agency
NRB01136,2026-06-19,Fri,Ngong,Kajiado South,Kajiado,Family Friendly,Apartment,2 Bedroom,2,1,1,3,B0480,45000,45000,24.1,76,10,Yes,Yes,No,Yes,61,45000,8,78.9,8.5,Landlord direct
NRB01137,2026-06-19,Fri,Ongata Rongai,Kajiado North,Kajiado,Family Friendly,Apartment,2 Bedroom,2,1,1,3,B0929,25000,25000,19.4,89,4,No,Yes,No,Yes,41,23000,5,98.6,8.4,Agency
NRB01138,2026-06-19,Fri,Ongata Rongai,Kajiado North,Kajiado,Family Friendly,Apartment,3 Bedroom,3,1,0,0,B0114,30000,30000,17.9,115,5,No,Yes,No,Yes,41,27000,59,92.9,6.9,Agency
NRB01139,2026-06-22,Mon,Uthiru,Kikuyu,Kiambu,Family Friendly,Apartment,2 Bedroom,2,2,0,0,B0443,25000,25000,15.2,90,11,No,Yes,No,No,33,25000,13,97.2,6.8,Property manager
NRB01140,2026-06-22,Mon,Uthiru,Kikuyu,Kiambu,Family Friendly,Apartment,2 Bedroom,2,2,0,0,B0846,50000,50000,14.5,65,4,No,Yes,No,Yes,70,49000,38,78.0,7.5,Agency
NRB01141,2026-06-23,Tue,Ongata Rongai,Kajiado North,Kajiado,Family Friendly,Apartment,2 Bedroom,2,1,1,2,B0113,23000,23000,18.5,76,1,No,No,No,Yes,39,22000,9,68.5,7.3,Agency
NRB01142,2026-06-24,Wed,Ongata Rongai,Kajiado North,Kajiado,Family Friendly,Apartment,2 Bedroom,2,2,1,2,B0306,26000,26000,18.4,77,4,No,Yes,No,Yes,32,24500,8,91.5,8.6,Agency
NRB01143,2026-06-24,Wed,Ongata Rongai,Kajiado North,Kajiado,Family Friendly,Apartment,2 Bedroom,2,3,2,3,B0313,23000,23000,18.8,75,10,No,Yes,No,No,44,23000,5,98.4,9.4,Landlord direct
NRB01144,2026-06-24,Wed,Ngong,Kajiado South,Kajiado,Affordable,Apartment,2 Bedroom,2,1,1,3,B0111,19000,19000,23.3,83,1,No,No,No,No,51,17500,4,93.3,8.7,Agency
NRB01145,2026-06-24,Wed,Ngong,Kajiado South,Kajiado,Student Friendly,Apartment,1 Bedroom,1,1,0,0,B0109,16000,16000,23.2,38,2,No,No,No,No,51,15500,7,99.5,7.2,Agency
NRB01146,2026-06-24,Wed,Ngong,Kajiado South,Kajiado,Affordable,Apartment,1 Bedroom,1,1,1,2,B0112,15000,15000,22.8,36,7,No,No,No,Yes,35,14500,1,80.7,6.2,Agency
NRB01147,2026-06-24,Wed,Ongata Rongai,Kajiado North,Kajiado,Family Friendly,Apartment,2 Bedroom,2,2,1,3,B0313,22000,22000,18.1,87,6,No,No,No,No,52,21000,3,94.8,8.3,Landlord direct
NRB01148,2026-06-26,Fri,Lang'ata,Langata,Nairobi,Family Friendly,Apartment,3 Bedroom,3,2,1,2,B0771,42000,84000,6.4,116,5,No,Yes,No,No,22,36500,16,82.3,5.2,Agency
NRB01149,2026-06-26,Fri,Lang'ata,Langata,Nairobi,Family Friendly,Apartment,1 Bedroom,1,2,1,2,B0771,35000,70000,5.8,53,11,No,No,No,No,49,34500,36,99.0,7.0,Landlord direct
NRB01150,2026-06-26,Fri,Lang'ata,Langata,Nairobi,Family Friendly,Apartment,3 Bedroom,3,3,1,3,B0771,37000,74000,5.3,113,6,No,Yes,No,Yes,42,33500,4,85.4,8.1,Landlord direct
NRB01151,2026-06-26,Fri,Lang'ata,Langata,Nairobi,Family Friendly,Apartment,2 Bedroom,2,3,1,3,B0771,37000,74000,5.4,76,3,No,No,No,Yes,44,36000,32,98.2,7.3,Landlord direct
NRB01152,2026-06-29,Mon,Ongata Rongai,Kajiado North,Kajiado,Family Friendly,Apartment,3 Bedroom,3,2,1,2,B0442,80000,160000,18.8,87,22,Yes,Yes,Yes,Yes,52,82000,61,89.4,8.4,Agency
NRB01153,2026-06-29,Mon,Ongata Rongai,Kajiado North,Kajiado,Family Friendly,Apartment,2 Bedroom,2,3,1,3,B0442,55000,110000,16.8,81,9,Yes,Yes,Yes,Yes,41,55000,34,98.9,8.0,Agency
NRB01154,2026-06-29,Mon,Ongata Rongai,Kajiado North,Kajiado,Family Friendly,Apartment,1 Bedroom,1,2,0,3,B0442,35000,70000,18.8,59,6,Yes,Yes,Yes,No,37,33000,25,71.7,8.0,Agency
NRB01155,2026-06-30,Tue,Kahawa West,Kasarani,Nairobi,Family Friendly,Apartment,2 Bedroom,2,3,1,3,B0834,30000,30000,17.3,82,16,No,Yes,Yes,No,48,28000,34,72.4,6.6,Agency
NRB01156,2026-06-30,Tue,Kahawa West,Kasarani,Nairobi,Family Friendly,Apartment,2 Bedroom,2,3,1,1,B0669,29000,29000,17.2,69,2,No,Yes,No,Yes,45,29000,23,91.0,7.0,Property manager
NRB01157,2026-06-30,Tue,Kahawa West,Kasarani,Nairobi,Family Friendly,Apartment,2 Bedroom,2,2,1,1,B0773,24000,24000,17.4,69,3,No,Yes,No,Yes,52,22000,9,89.9,8.1,Landlord direct
NRB01158,2026-06-30,Tue,Kihunguro,Ruiru,Kiambu,Family Friendly,Apartment,2 Bedroom,2,3,1,1,B0565,45000,45000,25.9,76,2,No,Yes,No,Yes,45,41500,32,91.0,7.5,Agency
NRB01159,2026-06-30,Tue,Kihunguro,Ruiru,Kiambu,Family Friendly,Apartment,2 Bedroom,2,3,1,1,B0565,45000,45000,24.3,75,8,No,Yes,Yes,No,62,43000,65,97.9,6.4,Landlord direct
NRB01160,2026-07-01,Wed,Kahawa West,Kasarani,Nairobi,Family Friendly,Apartment,2 Bedroom,2,2,1,1,B0066,25000,25000,17.2,93,5,No,Yes,No,Yes,41,24000,15,92.4,8.7,Property manager
NRB01161,2026-07-01,Wed,Ongata Rongai,Kajiado North,Kajiado,Affordable,Apartment,1 Bedroom,1,1,0,0,B0822,13000,13000,18.2,42,9,No,No,No,No,49,12000,61,88.9,6.9,Property manager
NRB01162,2026-07-07,Tue,Mirema,Kasarani,Nairobi,Family Friendly,Apartment,2 Bedroom,2,3,2,1,B0912,33000,33000,14.5,76,4,No,Yes,No,Yes,45,32000,10,80.5,8.7,Agency
NRB01163,2026-07-07,Tue,Mirema,Kasarani,Nairobi,Family Friendly,Apartment,2 Bedroom,2,1,1,4,B0686,23000,23000,14.4,67,7,No,Yes,No,No,33,23000,18,75.9,7.8,Property manager
NRB01164,2026-07-07,Tue,Mirema,Kasarani,Nairobi,Family Friendly,Apartment,2 Bedroom,2,3,2,1,B0912,33000,33000,15.5,78,1,Yes,Yes,No,Yes,41,30500,67,94.2,7.5,Agency
NRB01165,2026-07-07,Tue,Githurai 44,Kasarani,Nairobi,Student Friendly,Apartment,Studio / Bedsitter,0,1,1,2,B0441,15000,15000,16.6,21,3,No,No,No,No,61,14500,12,53.8,6.0,Landlord direct
NRB01166,2026-07-07,Tue,Kahawa Wendani,Ruiru,Kiambu,Affordable,Apartment,2 Bedroom,2,2,1,1,B0011,17000,17000,21.2,82,7,No,Yes,No,Yes,41,14500,1,87.3,8.8,Landlord direct
NRB01167,2026-07-07,Tue,Githurai 44,Kasarani,Nairobi,Student Friendly,Apartment,Studio / Bedsitter,0,1,1,2,B0441,15000,15000,16.9,20,4,No,Yes,No,No,51,15000,11,89.6,8.7,Property manager
NRB01168,2026-07-07,Tue,Githurai 44,Kasarani,Nairobi,Student Friendly,Apartment,Studio / Bedsitter,0,1,1,2,B0441,14000,14000,17.1,20,14,No,No,No,Yes,49,13000,20,95.9,8.7,Agency
NRB01169,2026-07-07,Tue,Mirema,Kasarani,Nairobi,Family Friendly,Apartment,2 Bedroom,2,3,1,3,B0084,30000,30000,14.6,77,11,No,Yes,Yes,No,40,30500,60,92.2,6.0,Property manager
NRB01170,2026-07-07,Tue,Mirema,Kasarani,Nairobi,Affordable,Apartment,2 Bedroom,2,2,0,0,B0088,17000,17000,14.8,76,6,No,No,No,Yes,62,17000,21,97.6,7.0,Agency
NRB01171,2026-07-08,Wed,Sigona,Kikuyu,Kiambu,Mid-Range,Apartment,2 Bedroom,2,2,1,2,B0539,40000,40000,24.0,66,10,No,Yes,No,Yes,35,41500,51,87.8,7.6,Agency
NRB01172,2026-07-08,Wed,Sigona,Kikuyu,Kiambu,Mid-Range,Apartment,1 Bedroom,1,2,1,4,B0539,25000,25000,23.9,55,1,No,Yes,No,Yes,46,23500,40,75.5,8.2,Property manager
NRB01173,2026-07-08,Wed,Sigona,Kikuyu,Kiambu,Mid-Range,Apartment,Studio / Bedsitter,0,1,1,3,B0539,19000,19000,23.4,21,6,No,Yes,No,Yes,68,18000,59,98.0,9.3,Agency
NRB01174,2026-07-08,Wed,"Gwa Kairu, Ruiru",Ruiru,Kiambu,Student Friendly,Apartment,1 Bedroom,1,1,1,1,B0600,17500,17500,30.4,47,4,No,Yes,No,No,55,17000,23,92.6,7.8,Agency
NRB01175,2026-07-08,Wed,Mirema,Kasarani,Nairobi,Mid-Range,Apartment,2 Bedroom,2,2,1,5,B0882,40000,40000,14.8,83,13,Yes,Yes,No,Yes,48,37000,19,59.3,5.6,Agency
NRB01176,2026-07-08,Wed,Mirema,Kasarani,Nairobi,Mid-Range,Apartment,1 Bedroom,1,2,1,4,B0882,32500,32500,14.3,55,14,No,Yes,No,No,44,30500,51,72.4,5.9,Landlord direct
NRB01177,2026-07-08,Wed,Mirema,Kasarani,Nairobi,Mid-Range,Apartment,1 Bedroom,1,2,1,4,B0882,32500,32500,14.6,45,8,No,Yes,Yes,Yes,54,29500,22,94.8,9.7,Landlord direct
NRB01178,2026-07-08,Wed,Mirema,Kasarani,Nairobi,Mid-Range,Apartment,Studio / Bedsitter,0,1,1,5,B0882,25000,25000,13.9,20,5,No,Yes,No,Yes,35,25000,34,95.6,7.4,Landlord direct
NRB01179,2026-07-08,Wed,Mirema,Kasarani,Nairobi,Mid-Range,Apartment,1 Bedroom,1,2,1,4,B0882,35000,35000,14.9,47,5,No,Yes,No,Yes,41,32000,40,90.3,8.0,Landlord direct
NRB01180,2026-07-08,Wed,Sigona,Kikuyu,Kiambu,Mid-Range,Apartment,2 Bedroom,2,2,1,2,B0539,40000,40000,23.5,79,11,No,Yes,No,Yes,66,37000,11,83.3,7.6,Property manager
NRB01181,2026-07-09,Thu,Kahawa Sukari,Ruiru,Kiambu,Family Friendly,Apartment,2 Bedroom,2,2,1,2,B0012,30000,30000,23.1,67,3,No,No,No,Yes,44,27000,8,96.9,8.2,Landlord direct
NRB01182,2026-07-13,Mon,Kimbo,Ruiru,Kiambu,Family Friendly,Apartment,2 Bedroom,2,2,1,2,B0575,20000,20000,40.0,71,3,No,No,No,No,43,20000,19,79.3,9.8,Landlord direct
NRB01183,2026-07-13,Mon,Kimbo,Ruiru,Kiambu,Family Friendly,Apartment,2 Bedroom,2,2,1,2,B0575,20000,20000,39.1,86,9,No,Yes,No,Yes,46,18000,8,93.0,9.0,Landlord direct
NRB01184,2026-07-15,Wed,Ruiru,Ruiru,Kiambu,Family Friendly,Apartment,2 Bedroom,2,1,1,4,B0524,28000,28000,28.7,76,4,No,Yes,No,Yes,62,26000,23,94.7,9.0,Agency
NRB01185,2026-07-15,Wed,Ruiru,Ruiru,Kiambu,Family Friendly,Apartment,2 Bedroom,2,1,1,5,B0524,26000,26000,27.4,77,11,No,No,No,Yes,66,24500,9,97.8,7.2,Landlord direct
NRB01186,2026-07-15,Wed,Ruiru,Ruiru,Kiambu,Family Friendly,Apartment,2 Bedroom,2,1,1,4,B0524,28000,28000,28.0,75,6,Yes,No,No,Yes,55,26500,19,81.0,9.3,Agency
NRB01187,2026-07-16,Thu,Kamakis,Ruiru,Kiambu,Family Friendly,Apartment,2 Bedroom,2,2,2,9,B0411,45000,45000,27.8,72,12,No,Yes,Yes,Yes,58,43000,41,99.7,8.1,Landlord direct
NRB01188,2026-07-16,Thu,Kamakis,Ruiru,Kiambu,Affordable,Apartment,1 Bedroom,1,1,1,3,B0414,17000,17000,29.5,41,6,No,No,No,Yes,64,17000,17,74.2,7.6,Agency
NRB01189,2026-07-17,Fri,Roysambu,Kasarani,Nairobi,Affordable,Apartment,2 Bedroom,2,1,1,5,B0707,22000,22000,13.8,74,6,No,Yes,No,Yes,59,22000,7,84.3,7.6,Agency
NRB01190,2026-07-17,Fri,Roysambu,Kasarani,Nairobi,Family Friendly,Apartment,2 Bedroom,2,1,1,2,B0040,24000,24000,14.8,80,18,No,No,No,No,60,21000,21,94.6,7.2,Agency
NRB01191,2026-07-17,Fri,Kasarani,Kasarani,Nairobi,Family Friendly,Apartment,2 Bedroom,2,1,1,2,B0121,36000,36000,15.7,71,2,No,Yes,Yes,No,49,34500,36,90.6,9.7,Agency
NRB01192,2026-07-17,Fri,Roysambu,Kasarani,Nairobi,Affordable,Apartment,1 Bedroom,1,1,1,3,B0041,20000,20000,14.4,34,12,No,Yes,No,Yes,49,19500,10,96.2,6.5,Agency
NRB01193,2026-07-17,Fri,Roysambu,Kasarani,Nairobi,Family Friendly,Apartment,2 Bedroom,2,2,1,2,B0039,25000,25000,14.7,83,5,No,Yes,No,Yes,59,23000,63,97.6,9.3,Agency
NRB01194,2026-07-17,Fri,Roysambu,Kasarani,Nairobi,Affordable,Apartment,2 Bedroom,2,1,1,3,B0173,22000,22000,14.2,67,8,No,Yes,No,Yes,46,20500,1,97.9,8.2,Property manager
NRB01195,2026-07-20,Mon,Kasarani,Kasarani,Nairobi,Student Friendly,Apartment,1 Bedroom,1,1,1,3,B0444,18000,18000,15.5,59,3,No,Yes,No,Yes,61,17000,117,97.0,7.9,Agency
NRB01196,2026-07-21,Tue,Kasarani,Kasarani,Nairobi,Mid-Range,Apartment,2 Bedroom,2,1,2,2,B0888,35000,35000,14.8,68,19,No,Yes,No,Yes,47,33000,12,87.8,6.7,Agency
NRB01197,2026-07-21,Tue,Kasarani,Kasarani,Nairobi,Family Friendly,Apartment,1 Bedroom,1,1,1,2,B0352,35000,35000,15.0,36,15,Yes,Yes,No,Yes,63,33500,20,90.7,7.2,Property manager
NRB01198,2026-07-21,Tue,Kasarani,Kasarani,Nairobi,Family Friendly,Apartment,2 Bedroom,2,2,1,1,B0125,29000,29000,15.6,81,6,No,Yes,No,Yes,58,28500,50,92.5,4.0,Agency
NRB01199,2026-07-22,Wed,Clay City,Kasarani,Nairobi,Affordable,Apartment,2 Bedroom,2,1,0,2,B0048,25000,25000,16.8,65,5,No,Yes,No,Yes,50,25000,43,99.6,7.4,Agency
NRB01200,2026-07-22,Wed,Clay City,Kasarani,Nairobi,Affordable,Apartment,1 Bedroom,1,1,0,2,B0534,12000,12000,16.9,37,5,No,No,No,Yes,40,11500,17,81.9,8.7,Agency
NRB01201,2026-07-22,Wed,Seasons,Kasarani,Nairobi,Affordable,Apartment,2 Bedroom,2,1,1,2,B0127,22000,22000,16.6,75,8,No,Yes,No,Yes,65,19500,16,78.3,9.1,Agency
NRB01202,2026-07-22,Wed,Clay City,Kasarani,Nairobi,Affordable,Apartment,1 Bedroom,1,1,1,5,B0177,14000,14000,18.2,41,2,No,No,No,Yes,54,14500,27,95.8,6.1,Agency
NRB01203,2026-07-23,Thu,Garden City,Kasarani,Nairobi,Affordable,Apartment,1 Bedroom,1,1,1,0,B0724,18000,18000,16.9,33,1,No,No,No,No,57,17500,17,88.0,6.6,Property manager
NRB01204,2026-07-23,Thu,Garden City,Kasarani,Nairobi,Family Friendly,Apartment,2 Bedroom,2,2,2,4,B0486,70000,140000,16.0,62,3,No,No,Yes,Yes,60,61500,28,77.9,9.2,Landlord direct
NRB01205,2026-07-23,Thu,Garden City,Kasarani,Nairobi,Family Friendly,Apartment,2 Bedroom,2,1,1,4,B0486,65000,130000,16.1,74,8,No,Yes,Yes,No,55,62000,59,99.4,6.1,Property manager
NRB01206,2026-07-23,Thu,Thome,Kasarani,Nairobi,Family Friendly,Apartment,2 Bedroom,2,1,1,3,B0055,30000,30000,11.2,71,2,No,Yes,No,No,51,28000,25,81.1,9.0,Agency
NRB01207,2026-07-24,Fri,Thome,Kasarani,Nairobi,Family Friendly,Apartment,2 Bedroom,2,1,1,2,B0054,26000,26000,12.8,80,7,No,Yes,No,Yes,60,24500,38,66.7,7.5,Agency
NRB01208,2026-07-24,Fri,Clay City,Kasarani,Nairobi,Family Friendly,Apartment,2 Bedroom,2,1,2,4,B0491,26000,26000,16.1,65,0,No,No,Yes,Yes,52,24500,27,83.8,8.1,Agency
NRB01209,2026-07-24,Fri,Banana,Kiambaa,Kiambu,Family Friendly,Apartment,3 Bedroom,3,2,1,4,B0938,65000,65000,18.8,131,11,No,Yes,No,Yes,47,65000,122,81.3,4.8,Agency
NRB01210,2026-07-24,Fri,Banana,Kiambaa,Kiambu,Mid-Range,Apartment,1 Bedroom,1,1,1,1,B0058,28000,28000,18.1,51,8,No,Yes,No,Yes,43,28000,41,82.4,7.4,Property manager
NRB01211,2026-07-24,Fri,Clay City,Kasarani,Nairobi,Family Friendly,Apartment,2 Bedroom,2,1,2,3,B0491,28000,28000,16.5,62,2,No,Yes,No,No,50,28000,33,75.4,7.4,Agency
NRB01212,2026-07-24,Fri,Banana,Kiambaa,Kiambu,Family Friendly,Apartment,3 Bedroom,3,2,1,4,B0938,65000,65000,18.1,107,5,No,Yes,Yes,Yes,50,63500,4,92.6,6.6,Agency
NRB01213,2026-07-27,Mon,Donholm,Embakasi,Nairobi,Family Friendly,Apartment,2 Bedroom,2,2,0,0,B0144,30000,30000,11.9,64,10,No,No,No,Yes,50,27500,156,92.0,5.8,Agency
NRB01214,2026-07-27,Mon,Donholm,Embakasi,Nairobi,Family Friendly,Apartment,2 Bedroom,2,2,2,4,B0470,28000,28000,12.5,83,6,No,No,No,Yes,36,28000,78,90.8,8.4,Agency
NRB01215,2026-07-28,Tue,Pangani,Starehe,Nairobi,Family Friendly,Apartment,2 Bedroom,2,2,2,2,B0753,37000,37000,3.9,85,2,No,Yes,No,Yes,37,35000,33,99.8,6.6,Agency
NRB01216,2026-07-28,Tue,Seasons,Kasarani,Nairobi,Affordable,Apartment,2 Bedroom,2,2,1,3,B0128,25000,25000,16.0,63,4,No,Yes,No,Yes,54,22500,3,84.2,9.3,Agency
NRB01217,2026-07-28,Tue,Seasons,Kasarani,Nairobi,Affordable,Apartment,2 Bedroom,2,2,0,2,B0128,23000,23000,15.6,86,13,No,No,No,Yes,38,23000,11,98.0,6.4,Landlord direct
NRB01218,2026-07-28,Tue,Seasons,Kasarani,Nairobi,Affordable,Apartment,2 Bedroom,2,2,1,3,B0128,25000,25000,14.7,84,3,No,Yes,No,No,50,24000,2,89.0,8.0,Property manager
NRB01219,2026-07-28,Tue,Pangani,Starehe,Nairobi,Family Friendly,Apartment,2 Bedroom,2,2,2,3,B0193,39000,39000,3.5,66,5,No,No,No,Yes,48,38500,26,88.6,8.7,Agency
NRB01220,2026-07-28,Tue,Umoja,Embakasi,Nairobi,Family Friendly,Apartment,2 Bedroom,2,1,1,3,B0689,25000,25000,12.9,93,8,No,No,No,Yes,31,23500,87,77.3,8.6,Landlord direct
NRB01221,2026-07-28,Tue,Pangani,Starehe,Nairobi,Family Friendly,Apartment,2 Bedroom,2,2,1,1,B0355,40500,40500,3.9,76,7,No,Yes,No,No,51,39000,49,97.3,9.6,Agency
NRB01222,2026-07-28,Tue,Umoja,Embakasi,Nairobi,Affordable,Apartment,2 Bedroom,2,2,2,2,B0191,22000,22000,12.6,78,7,No,Yes,No,Yes,52,20500,10,85.8,7.9,Landlord direct
NRB01223,2026-07-28,Tue,Athi River,Athi River,Machakos,Family Friendly,Townhouse,4 Bedroom,4,2,0,0,B0067,30000,30000,54.0,167,6,No,Yes,No,Yes,75,28500,30,96.2,6.6,Landlord direct
NRB01224,2026-07-29,Wed,Fedha,Embakasi,Nairobi,Affordable,Apartment,2 Bedroom,2,1,1,3,B0078,17000,17000,11.3,75,16,No,Yes,No,No,52,16000,14,83.5,8.2,Agency
NRB01225,2026-07-31,Fri,Utawala,Embakasi,Nairobi,Affordable,Apartment,2 Bedroom,2,1,1,2,B0314,28000,28000,20.5,73,10,Yes,Yes,No,Yes,45,26000,48,67.2,8.7,Agency
NRB01226,2026-07-31,Fri,Pangani,Starehe,Nairobi,Mid-Range,Apartment,2 Bedroom,2,2,2,4,B0538,55000,55000,3.5,84,5,No,Yes,No,No,45,55000,11,91.8,6.9,Agency
NRB01227,2026-07-31,Fri,Pangani,Starehe,Nairobi,Mid-Range,Apartment,2 Bedroom,2,2,2,4,B0538,60000,60000,3.6,92,5,Yes,Yes,No,No,45,59000,47,94.9,8.9,Property manager
NRB01228,2026-07-31,Fri,Utawala,Embakasi,Nairobi,Family Friendly,Apartment,2 Bedroom,2,2,1,1,B0093,23000,23000,21.7,84,2,No,No,No,Yes,47,21000,34,86.2,8.8,Agency
NRB01229,2026-07-31,Fri,Banana,Kiambaa,Kiambu,Family Friendly,Apartment,2 Bedroom,2,1,1,1,B0658,45000,45000,18.3,86,6,Yes,Yes,Yes,No,44,42000,19,96.0,8.2,Landlord direct
NRB01230,2026-07-31,Fri,Ngara,Starehe,Nairobi,Mid-Range,Apartment,2 Bedroom,2,1,1,4,B0379,48000,48000,3.2,69,6,No,Yes,No,No,55,46500,38,90.6,9.6,Agency
NRB01231,2026-07-31,Fri,Fedha,Embakasi,Nairobi,Affordable,Apartment,2 Bedroom,2,1,1,2,B0080,20000,20000,11.5,76,14,No,Yes,No,Yes,29,19000,6,87.1,6.8,Agency
NRB01232,2026-07-31,Fri,Fedha,Embakasi,Nairobi,Student Friendly,Apartment,Studio / Bedsitter,0,1,0,3,B0079,14000,14000,11.3,21,5,No,No,No,Yes,55,14000,20,97.0,9.3,Agency
NRB01233,2026-07-31,Fri,Utawala,Embakasi,Nairobi,Family Friendly,Apartment,3 Bedroom,3,2,2,2,B0093,32000,32000,22.5,102,1,No,Yes,No,Yes,51,28500,54,81.6,6.1,Landlord direct
NRB01234,2026-08-04,Tue,Utawala,Embakasi,Nairobi,Affordable,Apartment,1 Bedroom,1,1,1,1,B0091,14000,14000,21.1,57,4,No,No,No,No,47,13500,24,66.7,6.3,Agency
NRB01235,2026-08-04,Tue,Utawala,Embakasi,Nairobi,Affordable,Apartment,1 Bedroom,1,1,1,1,B0096,16000,16000,21.2,48,5,No,No,No,Yes,45,15000,11,95.6,4.7,Agency
NRB01236,2026-08-04,Tue,Utawala,Embakasi,Nairobi,Affordable,Apartment,2 Bedroom,2,1,1,3,B0091,18000,18000,21.8,65,7,No,Yes,No,Yes,58,18000,6,77.4,7.7,Landlord direct
NRB01237,2026-08-04,Tue,Utawala,Embakasi,Nairobi,Affordable,Apartment,2 Bedroom,2,1,0,0,B0092,18000,18000,21.4,58,10,No,No,No,No,46,18000,32,54.9,6.9,Landlord direct
NRB01238,2026-08-04,Tue,Utawala,Embakasi,Nairobi,Affordable,Apartment,1 Bedroom,1,1,1,3,B0096,15000,15000,21.1,50,6,No,No,No,No,52,15000,52,96.3,7.6,Agency
NRB01239,2026-08-04,Tue,Utawala,Embakasi,Nairobi,Affordable,Apartment,2 Bedroom,2,1,1,4,B0916,25000,25000,20.4,78,10,No,Yes,No,Yes,59,22000,9,87.4,8.1,Agency
NRB01240,2026-08-04,Tue,Utawala,Embakasi,Nairobi,Affordable,Apartment,1 Bedroom,1,1,1,4,B0916,18000,18000,21.2,52,4,No,No,No,No,33,18000,9,80.5,9.0,Agency
NRB01241,2026-08-05,Wed,Utawala,Embakasi,Nairobi,Family Friendly,Apartment,3 Bedroom,3,2,1,1,B0806,40000,40000,21.7,106,6,Yes,Yes,Yes,Yes,55,40000,1,47.3,9.7,Agency
NRB01242,2026-08-05,Wed,Utawala,Embakasi,Nairobi,Family Friendly,Apartment,2 Bedroom,2,2,2,5,B0196,39000,39000,22.5,72,1,Yes,Yes,No,Yes,45,39000,7,91.9,9.0,Landlord direct
NRB01243,2026-08-05,Wed,Utawala,Embakasi,Nairobi,Affordable,Apartment,1 Bedroom,1,1,0,4,B0316,18000,18000,20.5,47,8,No,Yes,No,Yes,36,16500,18,91.5,9.4,Agency
NRB01244,2026-08-05,Wed,Utawala,Embakasi,Nairobi,Mid-Range,Apartment,1 Bedroom,1,1,1,1,B0578,30000,30000,21.6,48,4,No,Yes,No,No,53,26500,16,95.0,8.3,Property manager
NRB01245,2026-08-05,Wed,Utawala,Embakasi,Nairobi,Family Friendly,Apartment,2 Bedroom,2,1,1,3,B0800,28500,28500,21.5,72,11,Yes,Yes,No,No,37,27000,2,77.7,6.7,Agency
NRB01246,2026-08-05,Wed,Utawala,Embakasi,Nairobi,Family Friendly,Apartment,2 Bedroom,2,2,2,5,B0196,37000,37000,22.1,65,1,No,Yes,Yes,Yes,53,37500,39,80.2,7.3,Agency
NRB01247,2026-08-05,Wed,Utawala,Embakasi,Nairobi,Family Friendly,Apartment,2 Bedroom,2,1,2,3,B0800,28500,28500,22.7,62,18,No,Yes,No,Yes,41,25500,17,92.5,8.5,Agency
NRB01248,2026-08-05,Wed,Utawala,Embakasi,Nairobi,Affordable,Apartment,1 Bedroom,1,1,1,3,B0330,16000,16000,21.8,39,6,No,No,No,Yes,35,14500,58,63.7,9.6,Landlord direct
NRB01249,2026-08-05,Wed,Utawala,Embakasi,Nairobi,Affordable,Apartment,1 Bedroom,1,1,0,2,B0642,16000,16000,21.6,45,5,No,No,No,Yes,32,15000,18,68.7,8.3,Property manager
NRB01250,2026-08-05,Wed,Utawala,Embakasi,Nairobi,Affordable,Apartment,1 Bedroom,1,1,1,2,B0330,17000,17000,20.5,49,3,No,No,No,Yes,49,16000,34,84.1,9.5,Landlord direct
NRB01251,2026-08-05,Wed,Utawala,Embakasi,Nairobi,Affordable,Apartment,1 Bedroom,1,1,1,4,B0562,20000,20000,20.5,42,2,No,No,No,Yes,60,20000,13,84.8,8.4,Agency
NRB01252,2026-08-05,Wed,Utawala,Embakasi,Nairobi,Affordable,Apartment,1 Bedroom,1,2,1,4,B0562,20000,20000,21.6,44,7,No,Yes,No,No,65,20000,3,96.2,8.8,Landlord direct
NRB01253,2026-08-05,Wed,Utawala,Embakasi,Nairobi,Affordable,Apartment,1 Bedroom,1,1,0,2,B0642,15000,15000,22.5,56,9,No,No,No,Yes,52,13500,17,92.9,7.7,Agency
NRB01254,2026-08-06,Thu,Utawala,Embakasi,Nairobi,Affordable,Apartment,1 Bedroom,1,1,1,4,B0906,18000,18000,20.9,48,12,No,Yes,No,Yes,54,16000,8,97.2,7.6,Agency
NRB01255,2026-08-06,Thu,Utawala,Embakasi,Nairobi,Family Friendly,Apartment,2 Bedroom,2,1,0,0,B0099,30000,30000,20.9,74,2,No,No,No,No,32,30000,38,99.9,8.7,Agency
NRB01256,2026-08-06,Thu,Utawala,Embakasi,Nairobi,Family Friendly,Apartment,1 Bedroom,1,1,0,2,B0099,18000,18000,21.4,35,9,No,No,No,Yes,54,18000,16,91.9,7.8,Agency
NRB01257,2026-08-06,Thu,Utawala,Embakasi,Nairobi,Affordable,Apartment,2 Bedroom,2,2,1,4,B0197,22000,22000,21.1,78,7,No,Yes,No,Yes,77,20500,3,78.3,8.5,Property manager
NRB01258,2026-08-06,Thu,Utawala,Embakasi,Nairobi,Affordable,Apartment,1 Bedroom,1,1,1,2,B0095,15000,15000,20.8,42,11,No,Yes,No,No,55,15000,13,95.8,5.4,Agency
NRB01259,2026-08-06,Thu,Ruiru,Ruiru,Kiambu,Family Friendly,Apartment,1 Bedroom,1,1,1,2,B0346,25000,25000,27.3,45,2,No,Yes,No,No,53,23000,4,86.4,9.2,Agency
NRB01260,2026-08-06,Thu,Ruiru,Ruiru,Kiambu,Family Friendly,Apartment,2 Bedroom,2,2,1,2,B0346,30000,30000,27.9,63,8,No,Yes,No,Yes,55,30000,31,94.1,8.2,Property manager
NRB01261,2026-08-06,Thu,Ruiru,Ruiru,Kiambu,Family Friendly,Apartment,2 Bedroom,2,1,1,3,B0101,20000,20000,27.9,62,2,No,Yes,No,Yes,51,18000,103,79.9,8.8,Property manager
NRB01262,2026-08-06,Thu,Ruiru,Ruiru,Kiambu,Affordable,Apartment,1 Bedroom,1,1,1,3,B0100,22000,22000,29.0,48,4,No,No,No,No,65,19500,20,79.8,5.7,Landlord direct
NRB01263,2026-08-06,Thu,Ruiru,Ruiru,Kiambu,Affordable,Apartment,1 Bedroom,1,2,1,2,B0100,25000,25000,28.9,40,3,No,Yes,No,No,62,23000,5,99.5,8.8,Landlord direct
NRB01264,2026-08-06,Thu,Utawala,Embakasi,Nairobi,Affordable,Apartment,2 Bedroom,2,1,0,0,B0094,18000,18000,20.8,80,4,No,No,No,No,61,18000,23,91.7,7.8,Agency
NRB01265,2026-08-07,Fri,South B,Langata,Nairobi,Affordable,Apartment,1 Bedroom,1,2,2,6,B0324,29000,29000,5.7,37,18,No,Yes,No,Yes,38,29500,53,95.8,8.7,Property manager
NRB01266,2026-08-07,Fri,Ngara,Starehe,Nairobi,Mid-Range,Apartment,2 Bedroom,2,1,1,7,B0508,50000,50000,2.1,58,2,No,Yes,No,Yes,43,48000,102,77.5,5.9,Agency
NRB01267,2026-08-07,Fri,Ngara,Starehe,Nairobi,Mid-Range,Apartment,2 Bedroom,2,1,1,7,B0508,50000,50000,2.8,87,4,No,Yes,Yes,Yes,44,50000,58,96.9,8.5,Landlord direct
NRB01268,2026-08-07,Fri,Ruiru,Ruiru,Kiambu,Mid-Range,Apartment,2 Bedroom,2,1,2,6,B0005,35000,35000,27.6,69,7,No,Yes,No,No,54,36000,42,64.6,9.6,Landlord direct
NRB01269,2026-08-07,Fri,Ngara,Starehe,Nairobi,Mid-Range,Apartment,Studio / Bedsitter,0,1,1,15,B0508,25000,25000,3.2,20,6,No,No,No,Yes,47,22000,20,94.0,9.0,Agency
NRB01270,2026-08-07,Fri,Nairobi West,Langata,Nairobi,Mid-Range,Apartment,3 Bedroom,3,2,1,3,B0781,85000,85000,2.6,115,5,No,Yes,Yes,Yes,42,78500,21,92.9,8.8,Agency
NRB01271,2026-08-07,Fri,Nairobi West,Langata,Nairobi,Mid-Range,Apartment,3 Bedroom,3,2,1,8,B0945,70000,70000,2.9,119,1,No,No,No,No,29,68500,36,93.2,6.1,Agency
NRB01272,2026-08-07,Fri,South B,Langata,Nairobi,Affordable,Apartment,2 Bedroom,2,2,2,3,B0324,39000,39000,4.8,75,3,No,No,Yes,Yes,57,39000,12,96.1,8.7,Agency
NRB01273,2026-08-07,Fri,Ruiru,Ruiru,Kiambu,Mid-Range,Apartment,1 Bedroom,1,1,1,9,B0005,25000,25000,27.6,41,7,No,Yes,No,Yes,38,23500,5,69.2,9.2,Property manager
NRB01274,2026-08-07,Fri,Ngara,Starehe,Nairobi,Mid-Range,Apartment,1 Bedroom,1,1,1,6,B0508,35000,35000,2.4,50,1,No,No,No,Yes,58,35000,2,70.9,7.2,Property manager
NRB01275,2026-08-11,Tue,Garden City,Kasarani,Nairobi,Affordable,Apartment,1 Bedroom,1,1,0,3,B0179,15000,15000,16.2,53,25,No,No,No,Yes,48,15000,4,98.7,8.3,Landlord direct
NRB01276,2026-08-11,Tue,Seasons,Kasarani,Nairobi,Affordable,Apartment,1 Bedroom,1,1,0,5,B0174,14500,14500,16.0,38,4,No,No,No,No,53,13500,4,86.4,5.3,Agency
NRB01277,2026-08-11,Tue,Seasons,Kasarani,Nairobi,Affordable,Apartment,1 Bedroom,1,1,0,4,B0449,17000,17000,16.4,42,5,No,No,No,No,42,16000,4,93.1,9.3,Landlord direct
NRB01278,2026-08-11,Tue,Seasons,Kasarani,Nairobi,Family Friendly,Apartment,2 Bedroom,2,2,2,5,B0408,30000,30000,16.4,76,2,No,Yes,No,No,52,28500,15,90.1,6.4,Property manager
NRB01279,2026-08-11,Tue,Homeland,Kasarani,Nairobi,Affordable,Apartment,1 Bedroom,1,1,0,1,B0481,25000,25000,11.7,39,8,No,Yes,No,No,39,25000,18,98.3,8.4,Property manager
NRB01280,2026-08-11,Tue,Utawala,Embakasi,Nairobi,Affordable,Apartment,1 Bedroom,1,1,1,4,B0195,32000,32000,21.8,38,7,No,Yes,Yes,Yes,59,30500,128,91.9,6.9,Landlord direct
NRB01281,2026-08-12,Wed,Nasra,Embakasi,Nairobi,Student Friendly,Apartment,Studio / Bedsitter,0,1,1,3,B0072,13000,13000,12.7,19,7,No,Yes,No,Yes,58,13000,42,83.7,7.4,Landlord direct
NRB01282,2026-08-12,Wed,Donholm,Embakasi,Nairobi,Mid-Range,Apartment,2 Bedroom,2,1,1,3,B0074,38000,38000,10.7,73,7,No,No,No,Yes,44,35500,26,83.6,7.2,Agency
NRB01283,2026-08-12,Wed,Nasra,Embakasi,Nairobi,Family Friendly,Apartment,3 Bedroom,3,2,1,2,B0659,45000,45000,12.8,132,2,No,Yes,No,No,59,42000,5,95.6,8.2,Agency
NRB01284,2026-08-12,Wed,Utawala,Embakasi,Nairobi,Mid-Range,Apartment,2 Bedroom,2,2,2,3,B0350,34000,34000,21.3,80,2,Yes,Yes,No,No,51,32000,115,99.5,6.4,Agency
NRB01285,2026-08-12,Wed,Utawala,Embakasi,Nairobi,Mid-Range,Apartment,1 Bedroom,1,2,1,4,B0350,20000,20000,21.3,41,3,No,Yes,No,Yes,39,18000,58,80.2,8.5,Landlord direct
NRB01286,2026-08-12,Wed,Mlolongo,Athi River,Machakos,Affordable,Apartment,Studio / Bedsitter,0,1,1,0,B0396,18000,18000,22.4,21,14,No,No,Yes,Yes,54,17000,2,96.8,9.9,Landlord direct
NRB01287,2026-08-12,Wed,Githunguri,Ruiru,Kiambu,Affordable,Apartment,2 Bedroom,2,1,1,2,B0551,28000,28000,22.6,80,16,No,Yes,No,No,54,28000,85,87.1,8.3,Landlord direct
NRB01288,2026-08-12,Wed,Githunguri,Ruiru,Kiambu,Affordable,Apartment,1 Bedroom,1,1,1,2,B0551,23000,23000,22.6,30,1,No,Yes,No,Yes,47,22000,25,94.9,6.7,Landlord direct
NRB01289,2026-08-12,Wed,Mlolongo,Athi River,Machakos,Family Friendly,Apartment,2 Bedroom,2,1,1,2,B0020,30000,30000,22.5,83,7,No,No,No,No,46,27000,28,79.2,8.0,Landlord direct
NRB01290,2026-08-12,Wed,Utawala,Embakasi,Nairobi,Family Friendly,Apartment,2 Bedroom,2,2,2,6,B0430,26000,26000,20.9,72,1,No,Yes,No,Yes,56,25500,23,93.2,9.6,Landlord direct
NRB01291,2026-08-12,Wed,Mlolongo,Athi River,Machakos,Affordable,Apartment,1 Bedroom,1,1,1,5,B0396,25000,25000,22.6,37,9,No,Yes,No,Yes,49,23500,19,85.2,5.9,Landlord direct
NRB01292,2026-08-13,Thu,Kasarani,Kasarani,Nairobi,Affordable,Mixed Development,2 Bedroom,2,1,1,5,B0116,13000,13000,14.5,75,5,No,No,No,No,35,11500,3,90.7,7.1,Landlord direct
NRB01293,2026-08-13,Thu,Kasarani,Kasarani,Nairobi,Affordable,Apartment,1 Bedroom,1,1,0,5,B0117,13000,13000,15.1,49,4,No,No,No,Yes,46,11500,24,90.6,7.3,Property manager
NRB01294,2026-08-13,Thu,Kasarani,Kasarani,Nairobi,Family Friendly,Apartment,2 Bedroom,2,1,1,4,B0890,30000,30000,15.4,74,7,No,No,No,No,70,29500,19,57.3,8.4,Landlord direct
NRB01295,2026-08-13,Thu,Kasarani,Kasarani,Nairobi,Affordable,Apartment,1 Bedroom,1,1,1,6,B0115,15000,15000,15.7,37,5,No,No,No,Yes,55,13500,8,80.8,8.5,Landlord direct
NRB01296,2026-08-14,Fri,Kasarani,Kasarani,Nairobi,Affordable,Apartment,1 Bedroom,1,1,1,1,B0813,10000,10000,15.5,47,2,No,No,No,No,38,9500,10,93.0,6.1,Agency
NRB01297,2026-08-14,Fri,Athi River,Athi River,Machakos,Family Friendly,Apartment,2 Bedroom,2,1,1,2,B0513,28000,28000,55.3,65,5,No,Yes,No,Yes,58,26500,9,92.8,8.5,Agency
NRB01298,2026-08-17,Mon,Zimmerman,Kasarani,Nairobi,Family Friendly,Mixed Development,2 Bedroom,2,1,0,0,B0119,23000,23000,14.9,62,11,No,No,Yes,Yes,58,22000,38,99.7,9.0,Property manager
NRB01299,2026-08-17,Mon,Zimmerman,Kasarani,Nairobi,Affordable,Apartment,1 Bedroom,1,1,1,5,B0172,16000,16000,16.0,56,2,No,Yes,No,Yes,48,15500,155,96.8,6.3,Property manager
NRB01300,2026-08-17,Mon,Zimmerman,Kasarani,Nairobi,Affordable,Apartment,2 Bedroom,2,1,1,4,B0172,18000,18000,15.8,78,15,No,Yes,No,Yes,53,18000,8,81.1,8.3,Property manager
NRB01301,2026-08-17,Mon,Kiambu,Kiambu,Kiambu,Affordable,Apartment,1 Bedroom,1,1,1,4,B0175,13000,13000,14.0,54,8,No,No,No,Yes,36,12000,6,87.0,9.0,Agency
NRB01302,2026-08-17,Mon,Kiambu,Kiambu,Kiambu,Family Friendly,Apartment,2 Bedroom,2,2,0,0,B0406,38000,38000,16.7,67,10,No,Yes,No,Yes,36,35000,30,95.5,7.2,Landlord direct
NRB01303,2026-08-17,Mon,Kiambu,Kiambu,Kiambu,Family Friendly,Apartment,3 Bedroom,3,2,2,4,B0406,48000,48000,16.1,118,4,No,Yes,Yes,Yes,45,43500,15,88.5,7.5,Agency
NRB01304,2026-08-17,Mon,Kiambu,Kiambu,Kiambu,Family Friendly,Apartment,2 Bedroom,2,2,2,2,B0667,55000,55000,16.9,71,16,Yes,Yes,Yes,Yes,39,51500,36,83.5,4.9,Agency
NRB01305,2026-08-18,Tue,Jomoko,Thika,Kiambu,Affordable,Apartment,1 Bedroom,1,1,1,3,B0129,15000,15000,48.9,43,1,No,Yes,No,No,68,14000,5,77.9,7.3,Property manager
NRB01306,2026-08-18,Tue,Jomoko,Thika,Kiambu,Affordable,Apartment,1 Bedroom,1,1,1,1,B0130,15000,15000,47.9,49,5,No,Yes,No,No,52,13500,30,78.4,7.8,Agency
NRB01307,2026-08-18,Tue,Jomoko,Thika,Kiambu,Affordable,Apartment,1 Bedroom,1,1,1,5,B0133,12000,12000,49.3,49,4,No,No,No,Yes,59,11000,99,84.8,6.6,Landlord direct
NRB01308,2026-08-18,Tue,Jomoko,Thika,Kiambu,Affordable,Apartment,1 Bedroom,1,1,1,3,B0692,16000,16000,48.8,48,14,No,No,No,No,59,15000,12,72.3,6.4,Property manager
NRB01309,2026-08-18,Tue,Jomoko,Thika,Kiambu,Affordable,Apartment,1 Bedroom,1,1,1,3,B0692,16000,16000,48.1,45,5,No,No,No,No,69,15500,16,87.0,7.7,Agency
NRB01310,2026-08-18,Tue,Jomoko,Thika,Kiambu,Affordable,Apartment,1 Bedroom,1,1,1,3,B0692,16000,16000,49.3,37,11,No,No,No,No,69,14500,12,94.9,5.0,Landlord direct
NRB01311,2026-08-18,Tue,Zimmerman,Kasarani,Nairobi,Affordable,Apartment,1 Bedroom,1,1,1,2,B0475,16000,16000,15.8,52,4,No,Yes,No,Yes,59,14000,12,83.6,8.1,Agency
NRB01312,2026-08-18,Tue,Jomoko,Thika,Kiambu,Affordable,Mixed Development,2 Bedroom,2,2,2,2,B0131,20000,20000,47.4,80,8,No,No,No,Yes,57,20000,27,91.1,8.2,Agency
NRB01313,2026-08-18,Tue,Jomoko,Thika,Kiambu,Affordable,Mixed Development,2 Bedroom,2,2,2,3,B0131,18000,18000,49.3,80,2,No,Yes,No,No,69,17000,2,99.2,7.3,Property manager
NRB01314,2026-08-18,Tue,Jomoko,Thika,Kiambu,Affordable,Apartment,1 Bedroom,1,1,1,2,B0388,14000,14000,48.2,52,3,No,Yes,No,No,49,12500,4,67.2,9.7,Agency
NRB01315,2026-08-18,Tue,Jomoko,Thika,Kiambu,Student Friendly,Apartment,Studio / Bedsitter,0,1,1,3,B0132,13000,13000,48.5,18,2,No,No,No,Yes,54,12000,18,92.7,8.5,Property manager
NRB01316,2026-08-18,Tue,Jomoko,Thika,Kiambu,Affordable,Apartment,1 Bedroom,1,1,1,2,B0388,15000,15000,49.6,46,4,No,No,No,Yes,54,13500,8,82.9,6.6,Landlord direct
NRB01317,2026-08-18,Tue,Jomoko,Thika,Kiambu,Student Friendly,Apartment,Studio / Bedsitter,0,1,1,2,B0132,13000,13000,48.8,26,9,No,No,No,Yes,70,12000,4,98.7,6.3,Property manager
NRB01318,2026-08-18,Tue,Jomoko,Thika,Kiambu,Student Friendly,Apartment,Studio / Bedsitter,0,1,1,3,B0132,13000,13000,49.2,23,5,No,Yes,No,Yes,75,12000,55,92.7,5.5,Property manager
NRB01319,2026-08-18,Tue,Jomoko,Thika,Kiambu,Affordable,Apartment,1 Bedroom,1,1,1,2,B0692,15000,15000,48.0,42,3,No,No,No,Yes,71,14000,9,86.3,5.9,Property manager
NRB01320,2026-08-19,Wed,Ngoingwa,Thika,Kiambu,Family Friendly,Apartment,2 Bedroom,2,1,1,3,B0899,25000,25000,44.7,68,1,No,No,No,No,70,22500,28,81.8,7.9,Property manager
NRB01321,2026-08-19,Wed,Ngoingwa,Thika,Kiambu,Family Friendly,Apartment,2 Bedroom,2,2,2,4,B0899,30000,30000,44.6,76,7,No,Yes,No,No,52,27000,71,95.6,6.7,Agency
NRB01322,2026-08-19,Wed,Ngoingwa,Thika,Kiambu,Affordable,Apartment,2 Bedroom,2,1,1,2,B0838,17000,17000,44.5,67,5,No,No,No,No,54,17000,48,94.6,8.4,Property manager
NRB01323,2026-08-19,Wed,Ngoingwa,Thika,Kiambu,Affordable,Apartment,1 Bedroom,1,1,1,2,B0713,18000,18000,45.9,41,6,No,No,No,Yes,54,18000,60,72.9,9.0,Property manager
NRB01324,2026-08-19,Wed,Ngoingwa,Thika,Kiambu,Affordable,Apartment,2 Bedroom,2,1,1,1,B0713,24000,24000,44.7,79,3,No,Yes,No,Yes,63,22500,8,92.4,6.9,Landlord direct
NRB01325,2026-08-19,Wed,Ngoingwa,Thika,Kiambu,Affordable,Apartment,1 Bedroom,1,1,0,0,B0137,13000,13000,45.8,39,11,No,No,No,Yes,50,13500,39,95.6,9.3,Agency
NRB01326,2026-08-19,Wed,Ngoingwa,Thika,Kiambu,Affordable,Apartment,1 Bedroom,1,1,1,3,B0137,14000,14000,43.6,51,5,No,No,No,No,85,14000,12,73.1,8.3,Agency
NRB01327,2026-08-19,Wed,Ngoingwa,Thika,Kiambu,Affordable,Apartment,2 Bedroom,2,1,0,0,B0136,16000,16000,44.4,79,3,No,No,No,Yes,60,15000,5,91.6,9.1,Agency
NRB01328,2026-08-19,Wed,Ngoingwa,Thika,Kiambu,Affordable,Apartment,1 Bedroom,1,1,0,0,B0138,13000,13000,43.6,46,1,No,Yes,No,Yes,60,11500,6,96.1,8.3,Landlord direct
NRB01329,2026-08-20,Thu,Ngoingwa,Thika,Kiambu,Affordable,Apartment,1 Bedroom,1,1,0,0,B0140,14000,14000,44.1,38,15,No,No,No,No,49,13500,10,51.5,8.9,Agency
NRB01330,2026-08-20,Thu,Ngoingwa,Thika,Kiambu,Affordable,Apartment,1 Bedroom,1,2,1,2,B0604,14000,14000,44.3,50,4,No,No,No,Yes,74,12500,5,96.3,8.3,Landlord direct
NRB01331,2026-08-20,Thu,Ngoingwa,Thika,Kiambu,Affordable,Apartment,1 Bedroom,1,1,1,2,B0604,14000,14000,43.6,43,10,No,No,No,Yes,54,14000,14,62.4,8.9,Agency
NRB01332,2026-08-20,Thu,Ngoingwa,Thika,Kiambu,Family Friendly,Apartment,2 Bedroom,2,2,2,4,B0816,25000,25000,45.1,98,6,No,Yes,No,Yes,63,24500,24,92.4,7.4,Property manager
NRB01333,2026-08-20,Thu,Ngoingwa,Thika,Kiambu,Affordable,Apartment,2 Bedroom,2,1,1,3,B0492,25000,25000,45.1,86,8,No,Yes,No,No,53,22000,30,74.8,8.9,Landlord direct
NRB01334,2026-08-20,Thu,Ngoingwa,Thika,Kiambu,Affordable,Apartment,2 Bedroom,2,1,0,0,B0141,14000,14000,44.5,85,9,No,No,No,No,49,14500,6,89.1,8.0,Agency
NRB01335,2026-08-20,Thu,Ngoingwa,Thika,Kiambu,Affordable,Apartment,1 Bedroom,1,1,1,3,B0140,14000,14000,44.3,44,9,No,Yes,No,No,68,13500,2,84.6,6.4,Property manager
NRB01336,2026-08-20,Thu,Roysambu,Kasarani,Nairobi,Family Friendly,Apartment,2 Bedroom,2,1,1,4,B0591,25000,25000,12.9,80,1,No,No,No,Yes,33,24500,7,74.0,9.0,Property manager
NRB01337,2026-08-20,Thu,Githunguri,Ruiru,Kiambu,Affordable,Apartment,1 Bedroom,1,1,1,3,B0715,20000,20000,22.4,38,5,No,No,No,No,54,20500,27,86.2,7.1,Property manager
NRB01338,2026-08-20,Thu,Githunguri,Ruiru,Kiambu,Affordable,Apartment,2 Bedroom,2,1,1,2,B0715,28000,28000,22.5,84,6,No,Yes,No,Yes,56,25500,55,98.1,7.3,Agency
NRB01339,2026-08-20,Thu,Githunguri,Ruiru,Kiambu,Affordable,Apartment,2 Bedroom,2,1,1,1,B0027,15000,15000,22.0,90,3,No,No,No,No,62,14000,20,98.1,6.7,Agency
NRB01340,2026-08-20,Thu,Kiambu,Kiambu,Kiambu,Family Friendly,Apartment,3 Bedroom,3,1,1,1,B0028,25000,25000,15.4,104,6,No,Yes,No,No,42,23000,20,99.8,7.6,Property manager
NRB01341,2026-08-20,Thu,Mirema,Kasarani,Nairobi,Affordable,Apartment,1 Bedroom,1,1,1,5,B0178,15000,15000,14.7,51,9,No,No,No,Yes,64,14000,30,95.8,8.3,Agency
NRB01342,2026-08-20,Thu,Mirema,Kasarani,Nairobi,Affordable,Apartment,1 Bedroom,1,1,1,2,B0049,16000,16000,15.2,48,21,No,No,No,No,45,15000,66,91.6,8.2,Agency
NRB01343,2026-08-20,Thu,Ngoingwa,Thika,Kiambu,Affordable,Apartment,1 Bedroom,1,1,1,3,B0140,14000,14000,43.5,44,2,No,Yes,No,No,52,12500,7,95.5,8.0,Landlord direct
NRB01344,2026-08-24,Mon,Section 9,Thika,Kiambu,Affordable,Apartment,2 Bedroom,2,1,1,5,B0340,22000,22000,46.5,69,12,No,No,No,No,59,20500,3,97.3,9.1,Agency
NRB01345,2026-08-24,Mon,"Gwa Kairu, Ruiru",Ruiru,Kiambu,Family Friendly,Apartment,2 Bedroom,2,1,1,2,B0143,25000,25000,29.8,67,9,Yes,No,Yes,Yes,72,25000,28,95.3,7.5,Agency
NRB01346,2026-08-24,Mon,Section 9,Thika,Kiambu,Affordable,Mixed Development,1 Bedroom,1,1,1,2,B0570,15000,15000,46.5,48,14,No,Yes,No,Yes,62,13500,3,73.6,7.7,Landlord direct
NRB01347,2026-08-24,Mon,Section 9,Thika,Kiambu,Affordable,Apartment,1 Bedroom,1,1,1,2,B0340,13000,13000,47.1,44,5,No,No,No,No,56,12000,49,93.6,8.0,Property manager
NRB01348,2026-08-24,Mon,Thindigua,Kiambaa,Kiambu,Family Friendly,Apartment,Studio / Bedsitter,0,1,1,5,B0307,15000,30000,11.0,24,7,No,No,No,No,50,15000,87,84.4,7.8,Agency
NRB01349,2026-08-24,Mon,Thindigua,Kiambaa,Kiambu,Family Friendly,Apartment,3 Bedroom,3,2,1,5,B0307,65000,130000,13.4,99,8,No,No,Yes,Yes,39,61500,44,64.9,8.6,Agency
NRB01350,2026-08-24,Mon,Thindigua,Kiambaa,Kiambu,Family Friendly,Apartment,3 Bedroom,3,2,2,1,B0307,65000,130000,11.7,135,7,Yes,Yes,Yes,Yes,49,65000,7,99.1,8.7,Agency
NRB01351,2026-08-24,Mon,Thindigua,Kiambaa,Kiambu,Family Friendly,Apartment,3 Bedroom,3,2,2,1,B0307,65000,130000,12.6,107,1,No,Yes,Yes,Yes,63,61000,8,89.8,7.3,Property manager
NRB01352,2026-08-24,Mon,Thindigua,Kiambaa,Kiambu,Family Friendly,Apartment,3 Bedroom,3,2,2,5,B0307,65000,130000,11.9,104,3,Yes,Yes,No,Yes,23,61000,39,82.3,9.0,Property manager
NRB01353,2026-08-25,Tue,Witeithie,Thika,Kiambu,Affordable,Apartment,2 Bedroom,2,1,1,3,B0184,14000,10500,46.8,83,1,No,No,No,Yes,48,13000,25,77.5,5.1,Agency
NRB01354,2026-08-25,Tue,Witeithie,Thika,Kiambu,Affordable,Apartment,2 Bedroom,2,2,1,6,B0776,20000,20000,47.6,83,15,No,No,No,Yes,49,20000,4,95.2,7.2,Landlord direct
NRB01355,2026-08-25,Tue,Witeithie,Thika,Kiambu,Affordable,Apartment,1 Bedroom,1,1,1,4,B0183,16000,32000,46.0,32,11,No,No,No,No,53,14500,9,94.0,7.4,Landlord direct
NRB01356,2026-08-25,Tue,Thindigua,Kiambaa,Kiambu,Family Friendly,Apartment,3 Bedroom,3,2,1,0,B0307,65000,130000,13.8,111,3,No,Yes,No,Yes,61,61500,90,77.9,6.2,Agency
NRB01357,2026-08-25,Tue,Athi River,Athi River,Machakos,Affordable,Apartment,1 Bedroom,1,1,1,0,B0863,21000,21000,54.1,48,10,No,Yes,No,No,58,19500,3,74.7,7.9,Agency
NRB01358,2026-08-25,Tue,Thindigua,Kiambaa,Kiambu,Family Friendly,Apartment,3 Bedroom,3,2,0,0,B0307,65000,130000,11.6,95,9,No,Yes,Yes,No,44,63000,20,97.5,7.0,Property manager
NRB01359,2026-08-25,Tue,Witeithie,Thika,Kiambu,Affordable,Apartment,1 Bedroom,1,1,1,5,B0182,10200,10200,45.4,41,2,No,No,No,No,75,9500,2,70.6,9.0,Agency
NRB01360,2026-08-26,Wed,Makongeni,Thika,Kiambu,Affordable,Apartment,2 Bedroom,2,1,1,4,B0068,14000,14000,41.5,83,2,No,No,No,Yes,70,13000,10,94.8,7.2,Agency
NRB01361,2026-08-26,Wed,Kamakis,Ruiru,Kiambu,Family Friendly,Apartment,2 Bedroom,2,1,1,3,B0504,40000,40000,27.7,85,7,Yes,Yes,No,Yes,55,37500,42,96.2,8.4,Property manager
NRB01362,2026-08-26,Wed,Kamakis,Ruiru,Kiambu,Family Friendly,Apartment,2 Bedroom,2,1,1,3,B0767,23000,23000,28.7,73,10,No,No,No,Yes,35,21500,21,81.9,7.1,Property manager
NRB01363,2026-08-26,Wed,Kamakis,Ruiru,Kiambu,Family Friendly,Apartment,1 Bedroom,1,1,1,2,B0504,35000,35000,28.0,52,5,No,Yes,No,No,49,33500,12,98.6,7.1,Agency
NRB01364,2026-08-26,Wed,Kamakis,Ruiru,Kiambu,Mid-Range,Apartment,2 Bedroom,2,1,1,2,B0503,40000,40000,28.3,63,14,No,Yes,No,No,55,39500,51,82.6,8.0,Agency
NRB01365,2026-08-26,Wed,Kamakis,Ruiru,Kiambu,Affordable,Mixed Development,1 Bedroom,1,1,1,6,B0344,22000,22000,27.3,48,5,No,Yes,No,Yes,51,22500,12,87.6,5.0,Property manager
NRB01366,2026-08-26,Wed,Kamakis,Ruiru,Kiambu,Affordable,Mixed Development,Studio / Bedsitter,0,1,1,2,B0344,15000,15000,28.3,25,13,No,No,Yes,No,73,14000,20,93.6,6.7,Landlord direct
NRB01367,2026-08-26,Wed,Makongeni,Thika,Kiambu,Affordable,Apartment,2 Bedroom,2,1,0,3,B0069,15000,15000,42.1,54,16,No,No,No,Yes,54,15000,8,72.2,7.0,Property manager
NRB01368,2026-08-26,Wed,Kamakis,Ruiru,Kiambu,Family Friendly,Apartment,2 Bedroom,2,2,1,2,B0147,25000,25000,28.5,75,1,No,No,No,No,76,21500,18,96.2,6.1,Property manager
NRB01369,2026-08-26,Wed,Kamakis,Ruiru,Kiambu,Mid-Range,Apartment,1 Bedroom,1,1,1,2,B0503,30000,30000,27.4,48,13,Yes,Yes,No,Yes,52,27000,43,89.8,9.3,Landlord direct
NRB01370,2026-08-27,Thu,Kenyatta Road,Juja,Kiambu,Affordable,Apartment,2 Bedroom,2,1,1,3,B0751,18000,18000,36.2,78,7,No,No,No,Yes,61,16000,3,68.7,8.6,Agency
NRB01371,2026-08-27,Thu,Kenyatta Road,Juja,Kiambu,Family Friendly,Apartment,2 Bedroom,2,1,1,3,B0697,35000,35000,35.5,67,5,No,Yes,No,Yes,56,32500,28,89.7,8.6,Landlord direct
NRB01372,2026-08-27,Thu,Kenyatta Road,Juja,Kiambu,Family Friendly,Apartment,2 Bedroom,2,2,2,3,B0697,28000,28000,35.8,63,3,No,Yes,No,No,61,26500,34,98.0,7.7,Agency
NRB01373,2026-08-27,Thu,Kenyatta Road,Juja,Kiambu,Family Friendly,Apartment,2 Bedroom,2,1,1,3,B0697,25000,25000,35.1,57,5,No,Yes,No,No,65,23500,21,94.4,8.0,Agency
NRB01374,2026-08-27,Thu,Kenyatta Road,Juja,Kiambu,Family Friendly,Apartment,2 Bedroom,2,2,2,3,B0697,30000,30000,35.8,72,6,No,Yes,No,No,59,30000,137,96.9,6.2,Agency
NRB01375,2026-08-27,Thu,Kenyatta Road,Juja,Kiambu,Student Friendly,Apartment,1 Bedroom,1,1,0,0,B0378,12000,12000,35.6,47,9,No,No,No,Yes,43,12000,2,92.0,8.6,Agency
NRB01376,2026-08-27,Thu,Kenyatta Road,Juja,Kiambu,Affordable,Apartment,1 Bedroom,1,1,1,4,B0149,11000,11000,35.2,51,2,No,No,No,Yes,67,10500,34,98.0,9.1,Landlord direct
NRB01377,2026-08-27,Thu,Kenyatta Road,Juja,Kiambu,Affordable,Apartment,1 Bedroom,1,1,1,4,B0085,15000,15000,34.9,44,3,No,Yes,No,Yes,60,15000,16,75.1,8.0,Property manager
NRB01378,2026-08-27,Thu,Kenyatta Road,Juja,Kiambu,Affordable,Apartment,1 Bedroom,1,1,1,3,B0786,12000,12000,36.0,50,6,No,No,No,Yes,70,11500,9,90.9,8.7,Landlord direct
NRB01379,2026-08-27,Thu,Kenyatta Road,Juja,Kiambu,Affordable,Apartment,2 Bedroom,2,1,1,1,B0333,17000,17000,36.1,79,4,No,No,No,Yes,57,16500,20,85.4,7.8,Agency
NRB01380,2026-08-27,Thu,Kenyatta Road,Juja,Kiambu,Family Friendly,Apartment,2 Bedroom,2,1,1,3,B0780,20000,20000,34.2,68,7,No,Yes,No,Yes,60,20000,38,64.7,6.2,Property manager
NRB01381,2026-08-28,Fri,Witeithie,Thika,Kiambu,Family Friendly,Apartment,2 Bedroom,2,2,2,3,B0190,21000,21000,45.5,76,9,No,Yes,No,Yes,47,21000,50,88.7,5.2,Landlord direct
NRB01382,2026-08-28,Fri,Kamakis,Ruiru,Kiambu,Family Friendly,Apartment,2 Bedroom,2,1,1,3,B0504,45000,45000,26.9,82,3,Yes,Yes,No,Yes,39,43000,38,81.6,3.8,Agency
NRB01383,2026-08-28,Fri,Witeithie,Thika,Kiambu,Family Friendly,Apartment,2 Bedroom,2,2,2,3,B0190,21000,21000,46.7,77,4,No,Yes,No,Yes,86,21000,15,91.9,9.3,Agency
NRB01384,2026-08-28,Fri,Witeithie,Thika,Kiambu,Family Friendly,Apartment,2 Bedroom,2,2,1,3,B0190,20000,20000,47.8,81,9,No,No,No,Yes,56,19000,3,64.1,8.3,Property manager
NRB01385,2026-08-28,Fri,Witeithie,Thika,Kiambu,Family Friendly,Apartment,2 Bedroom,2,1,1,4,B0190,18000,18000,46.4,75,3,No,No,No,Yes,56,18000,6,88.8,2.8,Property manager
NRB01386,2026-08-28,Fri,Witeithie,Thika,Kiambu,Family Friendly,Apartment,2 Bedroom,2,1,1,3,B0190,16000,16000,46.8,58,5,No,No,No,Yes,70,16000,9,90.9,8.9,Property manager
NRB01387,2026-08-28,Fri,Juja,Juja,Kiambu,Family Friendly,Apartment,2 Bedroom,2,2,2,2,B0719,45000,90000,48.8,82,2,No,No,No,Yes,66,40000,31,85.8,8.1,Agency
NRB01388,2026-08-28,Fri,Juja,Juja,Kiambu,Family Friendly,Apartment,3 Bedroom,3,2,2,4,B0872,35000,35000,48.3,105,7,No,Yes,No,Yes,46,35000,2,81.8,8.1,Landlord direct
NRB01389,2026-08-28,Fri,Juja,Juja,Kiambu,Family Friendly,Apartment,2 Bedroom,2,2,1,4,B0872,26000,26000,49.4,84,6,No,Yes,No,Yes,64,25500,36,80.0,9.0,Landlord direct
NRB01390,2026-08-28,Fri,Juja,Juja,Kiambu,Family Friendly,Apartment,2 Bedroom,2,1,1,3,B0728,28000,28000,50.0,66,7,No,No,Yes,Yes,72,26000,9,99.0,7.8,Agency
NRB01391,2026-08-28,Fri,Juja,Juja,Kiambu,Family Friendly,Mixed Development,2 Bedroom,2,2,2,6,B0672,26000,26000,49.2,73,14,No,No,No,No,71,25500,10,94.8,7.5,Agency
NRB01392,2026-08-28,Fri,Juja,Juja,Kiambu,Family Friendly,Mixed Development,3 Bedroom,3,2,2,3,B0672,35000,35000,50.3,113,14,No,Yes,No,No,45,32000,20,96.0,8.3,Agency
NRB01393,2026-08-28,Fri,Juja,Juja,Kiambu,Family Friendly,Mixed Development,2 Bedroom,2,2,0,6,B0672,26000,26000,49.6,56,5,No,Yes,No,No,69,24500,56,99.8,7.0,Landlord direct
NRB01394,2026-08-28,Fri,Juja,Juja,Kiambu,Affordable,Apartment,1 Bedroom,1,1,1,4,B0389,15000,15000,48.8,45,2,No,No,No,Yes,62,13500,32,92.6,7.1,Landlord direct
NRB01395,2026-09-01,Tue,Juja,Juja,Kiambu,Affordable,Apartment,Studio / Bedsitter,0,1,0,0,B0772,8500,8500,49.7,23,3,No,No,No,No,71,8500,4,85.4,6.5,Agency
NRB01396,2026-09-01,Tue,Juja,Juja,Kiambu,Affordable,Apartment,Studio / Bedsitter,0,1,1,1,B0772,8500,8500,49.5,20,2,No,No,No,No,63,7500,11,99.6,8.8,Property manager
NRB01397,2026-09-01,Tue,Juja,Juja,Kiambu,Affordable,Apartment,1 Bedroom,1,1,1,2,B0772,15000,15000,49.7,41,9,No,Yes,No,No,52,15000,4,91.3,8.3,Agency
NRB01398,2026-09-01,Tue,Juja,Juja,Kiambu,Affordable,Apartment,1 Bedroom,1,1,0,0,B0772,13000,13000,48.7,41,9,No,No,No,Yes,61,12500,14,83.0,7.8,Agency
NRB01399,2026-09-01,Tue,Juja,Juja,Kiambu,Affordable,Apartment,1 Bedroom,1,1,1,2,B0580,13000,13000,48.3,45,4,No,No,No,Yes,61,13000,25,93.1,6.7,Landlord direct
NRB01400,2026-09-01,Tue,Juja,Juja,Kiambu,Affordable,Apartment,2 Bedroom,2,1,1,2,B0794,15000,15000,49.3,81,5,No,No,No,No,56,15000,12,65.5,7.6,Agency
NRB01401,2026-09-01,Tue,Juja,Juja,Kiambu,Affordable,Apartment,2 Bedroom,2,1,0,0,B0794,14000,14000,49.8,76,7,No,No,No,No,68,13500,4,83.9,6.3,Property manager
NRB01402,2026-09-01,Tue,Kihunguro,Ruiru,Kiambu,Family Friendly,Apartment,2 Bedroom,2,2,1,6,B0518,30000,30000,24.6,71,13,No,No,No,Yes,49,29500,119,89.7,7.3,Landlord direct
NRB01403,2026-09-01,Tue,Kihunguro,Ruiru,Kiambu,Family Friendly,Apartment,2 Bedroom,2,2,2,3,B0518,30000,30000,24.5,90,3,No,Yes,No,No,39,29500,8,99.5,6.1,Landlord direct
NRB01404,2026-09-01,Tue,Juja,Juja,Kiambu,Family Friendly,Apartment,2 Bedroom,2,2,2,2,B0775,30000,30000,49.8,73,2,No,No,No,Yes,62,28000,49,65.0,8.0,Landlord direct
NRB01405,2026-09-02,Wed,Juja,Juja,Kiambu,Family Friendly,Apartment,2 Bedroom,2,1,1,4,B0338,21000,21000,49.0,66,14,No,Yes,No,No,71,20000,1,95.3,5.6,Agency
NRB01406,2026-09-02,Wed,Juja,Juja,Kiambu,Affordable,Apartment,1 Bedroom,1,1,1,3,B0927,15000,15000,50.4,50,8,No,No,No,No,59,15000,24,66.4,6.2,Property manager
NRB01407,2026-09-02,Wed,Juja,Juja,Kiambu,Affordable,Apartment,1 Bedroom,1,1,1,3,B0927,15000,15000,49.0,50,13,No,Yes,No,No,55,15000,51,79.9,7.3,Property manager
NRB01408,2026-09-03,Thu,Roysambu,Kasarani,Nairobi,Affordable,Apartment,1 Bedroom,1,1,0,2,B0042,18000,18000,14.1,54,4,No,No,No,No,70,16500,12,78.1,6.1,Agency
NRB01409,2026-09-03,Thu,Clay City,Kasarani,Nairobi,Affordable,Apartment,1 Bedroom,1,1,1,4,B0883,15000,15000,17.5,52,12,No,Yes,No,Yes,58,14000,5,98.5,7.0,Landlord direct
NRB01410,2026-09-03,Thu,Roysambu,Kasarani,Nairobi,Affordable,Apartment,1 Bedroom,1,1,1,2,B0042,18000,18000,14.2,50,5,No,No,No,Yes,47,17000,28,86.4,6.4,Property manager
NRB01411,2026-09-03,Thu,Kahawa West,Kasarani,Nairobi,Family Friendly,Apartment,2 Bedroom,2,1,1,4,B0065,25000,25000,18.2,89,2,No,Yes,No,No,48,24000,7,95.7,6.2,Agency
NRB01412,2026-09-03,Thu,Clay City,Kasarani,Nairobi,Family Friendly,Apartment,2 Bedroom,2,1,1,1,B0176,20000,20000,15.7,89,12,No,No,No,Yes,54,20000,36,90.2,9.5,Landlord direct
NRB01413,2026-09-08,Tue,Kimbo,Ruiru,Kiambu,Family Friendly,Apartment,2 Bedroom,2,2,2,2,B0736,25000,25000,38.2,71,5,No,Yes,No,Yes,53,25000,8,93.7,5.9,Agency
NRB01414,2026-09-08,Tue,Kimbo,Ruiru,Kiambu,Student Friendly,Apartment,1 Bedroom,1,1,0,0,B0200,10000,10000,39.9,42,1,No,Yes,No,No,44,10000,45,89.6,8.3,Agency
NRB01415,2026-09-08,Tue,Toll,Ruiru,Kiambu,Affordable,Apartment,1 Bedroom,1,1,0,1,B0202,21000,21000,30.4,61,7,No,No,No,No,47,19500,6,99.9,8.4,Property manager
NRB01416,2026-09-08,Tue,Toll,Ruiru,Kiambu,Family Friendly,Apartment,2 Bedroom,2,1,2,2,B0835,18000,18000,30.9,73,3,No,No,No,Yes,52,18000,2,85.8,7.6,Property manager
NRB01417,2026-09-08,Tue,Toll,Ruiru,Kiambu,Affordable,Apartment,1 Bedroom,1,1,1,3,B0403,20000,20000,30.2,51,12,No,Yes,No,Yes,46,19000,6,86.4,8.1,Landlord direct
NRB01418,2026-09-08,Tue,Toll,Ruiru,Kiambu,Mid-Range,Apartment,2 Bedroom,2,2,1,0,B0648,33000,33000,30.9,78,15,No,Yes,No,No,58,33000,13,88.2,8.6,Landlord direct
NRB01419,2026-09-08,Tue,Kimbo,Ruiru,Kiambu,Student Friendly,Apartment,Studio / Bedsitter,0,1,0,2,B0201,12000,12000,38.4,16,3,No,Yes,No,No,49,12000,11,88.7,9.0,Landlord direct
NRB01420,2026-09-08,Tue,Toll,Ruiru,Kiambu,Family Friendly,Apartment,2 Bedroom,2,1,0,0,B0008,20000,20000,31.0,65,5,No,No,No,Yes,49,20000,46,65.0,7.4,Landlord direct
NRB01421,2026-09-08,Tue,Toll,Ruiru,Kiambu,Family Friendly,Apartment,2 Bedroom,2,1,1,5,B0007,20000,20000,30.4,55,11,No,Yes,No,Yes,58,20000,5,91.1,6.6,Agency
NRB01422,2026-09-08,Tue,Toll,Ruiru,Kiambu,Affordable,Apartment,2 Bedroom,2,1,1,4,B0203,20000,20000,30.2,76,7,No,Yes,No,Yes,57,19500,1,96.3,8.1,Landlord direct
NRB01423,2026-09-08,Tue,Toll,Ruiru,Kiambu,Family Friendly,Apartment,2 Bedroom,2,1,1,3,B0006,17000,17000,32.1,85,2,No,No,No,Yes,72,15500,5,80.1,6.4,Landlord direct
NRB01424,2026-09-08,Tue,Matangi,Ruiru,Kiambu,Family Friendly,Apartment,1 Bedroom,1,1,1,3,B0309,15000,15000,35.5,39,19,No,No,No,No,62,14000,12,95.4,8.7,Agency
NRB01425,2026-09-09,Wed,Kimbo,Ruiru,Kiambu,Family Friendly,Apartment,2 Bedroom,2,2,2,1,B0777,25000,25000,38.5,53,6,No,Yes,Yes,No,59,24000,11,86.4,9.4,Agency
NRB01426,2026-09-09,Wed,Kimbo,Ruiru,Kiambu,Family Friendly,Apartment,2 Bedroom,2,2,2,1,B0777,25000,25000,38.5,87,20,No,Yes,No,No,80,25000,18,92.9,9.3,Agency
NRB01427,2026-09-09,Wed,Kimbo,Ruiru,Kiambu,Affordable,Apartment,1 Bedroom,1,1,1,1,B0021,18000,18000,38.8,35,4,No,No,Yes,Yes,61,16500,27,93.1,8.7,Agency
NRB01428,2026-09-09,Wed,Kimbo,Ruiru,Kiambu,Affordable,Apartment,1 Bedroom,1,1,1,2,B0022,13000,13000,39.9,55,7,No,Yes,No,No,44,12000,22,95.5,7.7,Landlord direct
NRB01429,2026-09-09,Wed,Kimbo,Ruiru,Kiambu,Affordable,Apartment,1 Bedroom,1,1,2,3,B0022,14000,14000,39.3,49,3,No,Yes,No,No,67,12500,2,89.4,7.9,Landlord direct
NRB01430,2026-09-10,Thu,Kimbo,Ruiru,Kiambu,Family Friendly,Apartment,2 Bedroom,2,2,2,2,B0666,35000,35000,38.6,80,9,No,Yes,No,No,48,35000,24,98.2,9.3,Landlord direct
NRB01431,2026-09-10,Thu,Kimbo,Ruiru,Kiambu,Family Friendly,Apartment,2 Bedroom,2,2,0,0,B0666,35000,35000,40.6,77,13,Yes,Yes,No,No,43,34000,30,93.6,8.7,Agency
NRB01432,2026-09-10,Thu,Matangi,Ruiru,Kiambu,Affordable,Mixed Development,2 Bedroom,2,1,2,4,B0599,20000,20000,37.8,69,11,No,Yes,No,No,50,20000,2,89.4,8.0,Property manager
NRB01433,2026-09-10,Thu,Kimbo,Ruiru,Kiambu,Family Friendly,Apartment,2 Bedroom,2,2,2,2,B0666,35000,35000,40.1,65,7,No,Yes,No,No,55,33500,99,65.6,7.0,Property manager
NRB01434,2026-09-10,Thu,Matangi,Ruiru,Kiambu,Affordable,Mixed Development,1 Bedroom,1,1,1,2,B0599,13000,13000,35.5,40,13,No,No,No,No,44,13000,28,87.1,7.5,Agency
NRB01435,2026-09-10,Thu,Matangi,Ruiru,Kiambu,Affordable,Apartment,1 Bedroom,1,1,1,3,B0025,10000,10000,36.5,45,13,No,No,No,No,68,9000,58,84.6,7.2,Landlord direct
NRB01436,2026-09-10,Thu,Kimbo,Ruiru,Kiambu,Family Friendly,Apartment,2 Bedroom,2,1,0,1,B0023,20000,20000,38.8,71,7,No,No,No,No,28,19000,32,94.3,7.9,Agency
NRB01437,2026-09-10,Thu,Kimbo,Ruiru,Kiambu,Affordable,Apartment,1 Bedroom,1,1,0,1,B0024,10000,10000,38.9,34,2,No,No,No,No,56,10000,12,86.0,8.6,Agency
NRB01438,2026-09-10,Thu,Matangi,Ruiru,Kiambu,Affordable,Mixed Development,2 Bedroom,2,1,2,4,B0599,20000,20000,36.4,82,6,No,Yes,No,No,61,19500,33,86.0,6.8,Agency
NRB01439,2026-09-10,Thu,Kimbo,Ruiru,Kiambu,Affordable,Apartment,1 Bedroom,1,1,1,1,B0511,18000,18000,39.1,40,6,No,Yes,No,Yes,48,17000,11,93.3,7.8,Landlord direct
NRB01440,2026-09-11,Fri,Mwihoko,Ruiru,Kiambu,Affordable,Apartment,Studio / Bedsitter,0,1,1,3,B0029,15000,15000,31.4,26,16,Yes,No,No,Yes,60,14000,7,83.7,8.2,Agency
NRB01441,2026-09-11,Fri,Mwihoko,Ruiru,Kiambu,Affordable,Mixed Development,1 Bedroom,1,1,1,3,B0861,14000,14000,31.0,37,9,No,No,No,Yes,46,13000,3,91.3,7.5,Agency
NRB01442,2026-09-11,Fri,Mwihoko,Ruiru,Kiambu,Affordable,Apartment,1 Bedroom,1,1,1,2,B0577,13000,13000,31.5,45,2,No,No,No,No,53,12500,20,83.4,8.3,Property manager
NRB01443,2026-09-11,Fri,Mwihoko,Ruiru,Kiambu,Affordable,Apartment,1 Bedroom,1,1,0,1,B0030,12000,12000,31.8,43,14,No,No,No,No,59,12000,2,99.5,6.3,Landlord direct
NRB01444,2026-09-11,Fri,Jomoko,Thika,Kiambu,Family Friendly,Apartment,2 Bedroom,2,2,1,4,B0849,18000,18000,48.0,71,8,No,No,No,Yes,57,17000,20,89.6,7.9,Property manager
NRB01445,2026-09-11,Fri,Jomoko,Thika,Kiambu,Family Friendly,Apartment,2 Bedroom,2,2,0,0,B0168,25000,25000,49.3,59,1,No,Yes,Yes,Yes,68,23500,6,97.1,7.2,Property manager
NRB01446,2026-09-11,Fri,Jomoko,Thika,Kiambu,Affordable,Apartment,1 Bedroom,1,1,1,4,B0336,13000,13000,48.8,49,21,No,No,No,No,61,12000,33,90.7,8.9,Agency
NRB01447,2026-09-11,Fri,Jomoko,Thika,Kiambu,Student Friendly,Apartment,1 Bedroom,1,1,1,2,B0167,12000,12000,48.9,45,3,No,No,No,Yes,53,12000,23,93.7,8.2,Landlord direct
NRB01448,2026-09-11,Fri,Jomoko,Thika,Kiambu,Student Friendly,Apartment,Studio / Bedsitter,0,1,1,2,B0166,7000,7000,49.8,25,6,No,No,No,Yes,56,6500,13,92.0,7.9,Landlord direct
NRB01449,2026-09-11,Fri,Jomoko,Thika,Kiambu,Affordable,Apartment,Studio / Bedsitter,0,1,1,5,B0165,8500,8500,48.1,27,18,No,No,No,Yes,62,8000,1,62.2,9.5,Agency
NRB01450,2026-09-14,Mon,Kinoo,Kikuyu,Kiambu,Mid-Range,Apartment,1 Bedroom,1,2,1,8,B0610,30000,30000,19.2,39,5,No,No,No,Yes,37,29000,3,83.2,7.4,Agency
NRB01451,2026-09-14,Mon,Kinoo,Kikuyu,Kiambu,Affordable,Apartment,2 Bedroom,2,2,1,0,B0199,23000,23000,17.7,79,3,No,No,No,No,60,22000,17,94.2,8.5,Landlord direct
NRB01452,2026-09-14,Mon,Kinoo,Kikuyu,Kiambu,Affordable,Apartment,1 Bedroom,1,1,1,4,B0198,20000,20000,17.7,38,6,No,Yes,No,Yes,49,18500,17,87.7,7.3,Landlord direct
NRB01453,2026-09-14,Mon,Mwihoko,Ruiru,Kiambu,Affordable,Mixed Development,1 Bedroom,1,1,1,3,B0032,15000,15000,32.0,42,4,No,No,No,Yes,70,15000,54,94.4,9.0,Agency
NRB01454,2026-09-14,Mon,Kinoo,Kikuyu,Kiambu,Family Friendly,Apartment,2 Bedroom,2,3,1,0,B0546,40000,50000,18.5,91,6,No,Yes,No,No,39,38500,24,91.6,8.9,Property manager
NRB01455,2026-09-14,Mon,Mwihoko,Ruiru,Kiambu,Affordable,Apartment,2 Bedroom,2,1,2,3,B0423,20000,20000,31.9,69,9,No,No,No,Yes,50,18000,23,61.2,6.7,Agency
NRB01456,2026-09-14,Mon,Mwihoko,Ruiru,Kiambu,Affordable,Apartment,1 Bedroom,1,1,1,1,B0033,10000,10000,30.7,49,2,No,No,No,Yes,52,9000,22,98.5,6.8,Property manager
NRB01457,2026-09-14,Mon,Mwihoko,Ruiru,Kiambu,Affordable,Mixed Development,1 Bedroom,1,1,1,3,B0032,15000,15000,31.6,55,4,No,Yes,No,Yes,59,14500,9,94.1,7.4,Property manager
NRB01458,2026-09-14,Mon,Mwihoko,Ruiru,Kiambu,Affordable,Apartment,1 Bedroom,1,1,2,1,B0423,15000,15000,30.9,54,11,No,No,No,Yes,67,14500,23,91.3,7.8,Landlord direct
NRB01459,2026-09-14,Mon,Mwihoko,Ruiru,Kiambu,Affordable,Apartment,2 Bedroom,2,1,1,2,B0034,16500,16500,31.7,69,7,No,Yes,No,No,48,15000,44,97.6,7.8,Agency
NRB01460,2026-09-15,Tue,Marurui,Kasarani,Nairobi,Affordable,Apartment,1 Bedroom,1,1,1,3,B0353,25000,25000,10.9,46,2,Yes,No,No,Yes,36,23000,2,84.4,8.8,Agency
NRB01461,2026-09-15,Tue,Marurui,Kasarani,Nairobi,Affordable,Apartment,2 Bedroom,2,1,1,2,B0373,18000,18000,12.4,76,3,No,No,No,Yes,59,17000,2,99.2,6.4,Landlord direct
NRB01462,2026-09-15,Tue,Marurui,Kasarani,Nairobi,Mid-Range,Apartment,3 Bedroom,3,2,1,0,B0602,100000,100000,11.7,124,5,No,Yes,No,No,55,100000,88,84.5,8.2,Landlord direct
NRB01463,2026-09-15,Tue,Marurui,Kasarani,Nairobi,Affordable,Apartment,2 Bedroom,2,1,2,1,B0951,20000,20000,11.2,81,7,No,No,No,No,54,17500,39,87.3,8.7,Landlord direct
NRB01464,2026-09-17,Thu,Kasarani,Kasarani,Nairobi,Mid-Range,Mixed Development,2 Bedroom,2,1,1,0,B0339,30000,30000,15.0,89,8,No,No,No,No,39,30000,87,90.4,7.3,Property manager
NRB01465,2026-09-17,Thu,Kasarani,Kasarani,Nairobi,Mid-Range,Mixed Development,Studio / Bedsitter,0,1,0,0,B0339,15000,15000,15.7,24,6,No,Yes,No,Yes,46,14500,39,93.7,7.9,Property manager
NRB01466,2026-09-17,Thu,Kasarani,Kasarani,Nairobi,Mid-Range,Mixed Development,Studio / Bedsitter,0,1,0,5,B0339,15000,15000,15.3,20,4,No,No,No,No,35,14500,19,89.6,8.6,Property manager
NRB01467,2026-09-17,Thu,Kasarani,Kasarani,Nairobi,Mid-Range,Mixed Development,Studio / Bedsitter,0,1,0,5,B0339,15000,15000,15.5,26,5,No,No,No,No,38,13500,9,96.7,9.2,Agency
NRB01468,2026-09-17,Thu,Kasarani,Kasarani,Nairobi,Mid-Range,Mixed Development,2 Bedroom,2,1,1,5,B0339,30000,30000,15.1,67,20,No,No,No,No,52,30000,31,80.3,7.2,Property manager
NRB01469,2026-09-17,Thu,Kasarani,Kasarani,Nairobi,Mid-Range,Mixed Development,1 Bedroom,1,1,1,3,B0339,22000,22000,15.1,46,6,No,No,No,Yes,57,19000,10,74.8,5.6,Agency
NRB01470,2026-09-17,Thu,Kasarani,Kasarani,Nairobi,Mid-Range,Mixed Development,1 Bedroom,1,1,1,3,B0339,22000,22000,15.3,42,4,No,Yes,No,No,57,21000,4,82.4,8.3,Agency
NRB01471,2026-09-17,Thu,Kasarani,Kasarani,Nairobi,Mid-Range,Mixed Development,1 Bedroom,1,1,1,3,B0339,22000,22000,14.5,43,5,No,No,No,Yes,38,22000,3,92.3,8.2,Agency
NRB01472,2026-09-17,Thu,Kasarani,Kasarani,Nairobi,Mid-Range,Mixed Development,1 Bedroom,1,1,1,0,B0339,20000,20000,15.8,44,2,No,No,No,No,47,20000,8,81.5,8.3,Property manager
NRB01473,2026-09-17,Thu,Kasarani,Kasarani,Nairobi,Mid-Range,Mixed Development,1 Bedroom,1,1,1,1,B0339,20000,20000,15.2,35,1,No,Yes,No,No,37,19500,17,71.7,9.6,Agency
NRB01474,2026-09-17,Thu,Kasarani,Kasarani,Nairobi,Mid-Range,Mixed Development,2 Bedroom,2,1,1,5,B0339,30000,30000,15.7,81,1,No,Yes,No,No,53,28000,11,96.5,9.4,Landlord direct
NRB01475,2026-09-18,Fri,Garden City,Kasarani,Nairobi,Family Friendly,Apartment,2 Bedroom,2,2,1,6,B0763,45000,45000,16.1,88,3,No,Yes,No,Yes,45,45000,46,79.9,8.9,Property manager
NRB01476,2026-09-18,Fri,Thome,Kasarani,Nairobi,Mid-Range,Apartment,1 Bedroom,1,1,1,3,B0498,25000,25000,11.0,44,2,No,Yes,No,Yes,49,24000,11,88.3,6.8,Landlord direct
NRB01477,2026-09-18,Fri,Thome,Kasarani,Nairobi,Mid-Range,Apartment,2 Bedroom,2,1,2,2,B0498,28000,28000,12.9,78,10,No,No,No,Yes,56,25500,8,89.6,7.3,Landlord direct
NRB01478,2026-09-18,Fri,Garden City,Kasarani,Nairobi,Family Friendly,Apartment,3 Bedroom,3,2,1,3,B0763,65000,65000,16.3,110,2,No,Yes,Yes,Yes,58,64000,12,70.6,8.4,Agency
NRB01479,2026-09-18,Fri,Garden City,Kasarani,Nairobi,Family Friendly,Apartment,2 Bedroom,2,2,2,2,B0490,120000,120000,15.8,66,6,Yes,Yes,Yes,No,48,108500,41,85.3,9.4,Agency
NRB01480,2026-09-18,Fri,Garden City,Kasarani,Nairobi,Family Friendly,Apartment,3 Bedroom,3,3,1,8,B0328,130000,130000,16.1,129,6,Yes,Yes,No,No,44,125000,26,88.7,3.2,Landlord direct
NRB01481,2026-09-18,Fri,Garden City,Kasarani,Nairobi,Family Friendly,Apartment,3 Bedroom,3,3,1,8,B0328,130000,130000,15.8,119,13,Yes,No,Yes,No,49,125000,116,84.6,5.8,Agency
NRB01482,2026-09-18,Fri,Garden City,Kasarani,Nairobi,Family Friendly,Apartment,2 Bedroom,2,2,1,6,B0328,110000,110000,15.8,80,3,Yes,Yes,Yes,Yes,43,102500,45,48.9,3.6,Agency
NRB01483,2026-09-18,Fri,Garden City,Kasarani,Nairobi,Family Friendly,Apartment,2 Bedroom,2,2,2,6,B0328,110000,110000,16.4,74,4,Yes,Yes,Yes,Yes,53,104500,22,90.1,6.2,Property manager
NRB01484,2026-09-18,Fri,Garden City,Kasarani,Nairobi,Family Friendly,Apartment,2 Bedroom,2,2,1,2,B0180,26000,26000,15.9,87,5,No,No,No,Yes,26,26000,31,88.5,6.9,Agency
NRB01485,2026-09-18,Fri,Garden City,Kasarani,Nairobi,Family Friendly,Apartment,3 Bedroom,3,2,2,6,B0328,150000,150000,15.8,78,19,Yes,Yes,Yes,No,26,150000,22,86.1,5.0,Agency
NRB01486,2026-09-18,Fri,Thome,Kasarani,Nairobi,Family Friendly,Apartment,2 Bedroom,2,2,1,4,B0046,35000,35000,11.6,84,1,No,Yes,No,Yes,34,35000,7,80.4,7.9,Property manager
